timestamp	firmware	ensaio	sentido	frequencia_hz	segundo	tensao_v	corrente_a	potencia_w	accel_x_g	accel_y_g	accel_z_g	accel_resultante_g	gyro_x_dps	gyro_y_dps	gyro_z_dps	audio1_dbfs	audio1_peak_dbfs	audio2_dbfs	audio2_peak_dbfs
29/09/2026 08:33:00	V2.00	1	horario	15000	1	31,867	0,671	21,373	0,9212	0,2174	0,2732	0,9852	2,584	0,583	-0,603	-23,47	-12,42	-24,33	-12,43
29/09/2026 08:33:01	V2.00	1	horario	15000	2	31,731	0,718	22,798	0,9792	0,2260	0,2920	1,0465	2,850	0,415	-0,431	-23,27	-12,61	-24,89	-14,17
29/09/2026 08:33:02	V2.00	1	horario	15000	3	31,647	0,790	25,014	0,9803	0,2608	0,3235	1,0648	2,494	0,088	-0,564	-23,63	-12,72	-24,12	-13,79
29/09/2026 08:33:03	V2.00	1	horario	15000	4	31,517	0,833	26,256	0,9886	0,2636	0,2534	1,0540	3,132	0,717	0,469	-23,48	-11,93	-24,67	-13,61
29/09/2026 08:33:04	V2.00	1	horario	15000	5	31,528	0,860	27,123	0,9336	0,2420	0,2582	0,9984	2,261	0,325	1,745	-24,52	-14,87	-24,22	-13,49
29/09/2026 08:33:05	V2.00	1	horario	15000	6	31,489	0,879	27,690	0,9878	0,2698	0,2613	1,0568	2,438	1,458	0,059	-24,77	-14,50	-25,48	-14,08
29/09/2026 08:33:06	V2.00	1	horario	15000	7	31,465	0,895	28,162	0,9593	0,2540	0,2856	1,0327	2,591	1,057	-0,412	-24,22	-14,17	-25,03	-13,64
29/09/2026 08:33:07	V2.00	1	horario	15000	8	31,418	0,895	28,118	0,9820	0,2612	0,2866	1,0558	2,802	0,177	0,170	-25,01	-15,07	-25,67	-15,47
29/09/2026 08:33:08	V2.00	1	horario	15000	9	31,450	0,888	27,942	0,9605	0,2825	0,2611	1,0347	3,638	-0,334	0,045	-24,57	-12,90	-25,00	-15,39
29/09/2026 08:33:09	V2.00	1	horario	15000	10	31,443	0,911	28,638	0,9551	0,2138	0,2718	1,0158	2,371	0,833	0,272	-23,04	-12,86	-24,94	-13,80
29/09/2026 08:33:10	V2.00	1	horario	15000	11	31,426	0,931	29,269	0,9909	0,2589	0,3066	1,0691	1,711	-0,040	-0,677	-24,23	-12,73	-25,63	-14,80
29/09/2026 08:33:11	V2.00	1	horario	15000	12	31,337	0,898	28,153	0,9778	0,2710	0,3199	1,0639	5,814	1,014	-0,740	-25,28	-14,93	-24,64	-13,97
29/09/2026 08:33:12	V2.00	1	horario	15000	13	31,377	0,913	28,661	0,9966	0,2539	0,2660	1,0623	1,864	-1,075	-0,236	-24,03	-12,93	-23,74	-11,95
29/09/2026 08:33:13	V2.00	1	horario	15000	14	31,381	0,899	28,215	0,9459	0,2319	0,3232	1,0261	2,079	1,438	-0,653	-23,44	-12,57	-24,57	-13,60
29/09/2026 08:33:14	V2.00	1	horario	15000	15	31,371	0,925	29,005	0,9586	0,2194	0,2381	1,0118	3,073	2,179	0,410	-24,07	-12,03	-24,63	-13,45
29/09/2026 08:33:15	V2.00	1	horario	15000	16	31,382	0,935	29,348	0,9807	0,2884	0,2746	1,0585	1,676	-0,768	1,901	-22,97	-12,27	-24,91	-12,74
29/09/2026 08:33:16	V2.00	1	horario	15000	17	31,347	0,906	28,390	0,9861	0,2401	0,2699	1,0502	2,737	0,938	1,657	-23,95	-14,59	-24,41	-13,45
29/09/2026 08:33:17	V2.00	1	horario	15000	18	31,359	0,901	28,260	0,9480	0,2416	0,2929	1,0213	1,574	0,631	-0,234	-24,20	-12,77	-24,20	-12,13
29/09/2026 08:33:18	V2.00	1	horario	15000	19	31,393	0,909	28,545	0,9644	0,2561	0,2744	1,0349	1,816	0,690	0,478	-22,49	-12,17	-23,67	-12,90
29/09/2026 08:33:19	V2.00	1	horario	15000	20	31,328	0,911	28,540	0,9779	0,2801	0,2518	1,0479	2,246	-1,547	0,087	-24,64	-14,34	-25,12	-14,19
29/09/2026 08:33:20	V2.00	1	horario	15000	21	31,313	0,898	28,119	1,0232	0,2178	0,2426	1,0739	4,737	3,505	-0,922	-24,22	-11,84	-24,60	-14,38
29/09/2026 08:33:21	V2.00	1	horario	15000	22	31,388	0,932	29,247	0,9809	0,2406	0,2667	1,0446	1,525	0,362	-0,016	-23,86	-12,48	-25,13	-13,32
29/09/2026 08:33:22	V2.00	1	horario	15000	23	31,408	0,925	29,067	0,9713	0,2500	0,2520	1,0341	3,216	0,503	2,343	-23,06	-12,67	-24,57	-14,46
29/09/2026 08:33:23	V2.00	1	horario	15000	24	31,460	0,924	29,074	0,9820	0,2064	0,2932	1,0454	3,354	-0,510	-0,222	-23,84	-13,08	-24,77	-13,85
29/09/2026 08:33:24	V2.00	1	horario	15000	25	31,388	0,923	28,957	1,0068	0,1858	0,2641	1,0573	3,077	0,896	-0,122	-25,05	-12,67	-24,60	-14,83
29/09/2026 08:33:25	V2.00	1	horario	15000	26	31,443	0,915	28,782	0,9685	0,2237	0,2616	1,0278	4,200	1,183	1,982	-23,29	-10,90	-24,54	-13,19
29/09/2026 08:33:26	V2.00	1	horario	15000	27	31,441	0,916	28,796	0,9717	0,2326	0,2947	1,0417	1,722	1,382	0,059	-23,30	-10,84	-24,35	-12,76
29/09/2026 08:33:27	V2.00	1	horario	15000	28	31,321	0,919	28,795	0,9407	0,2370	0,3078	1,0178	3,538	-0,099	-0,764	-23,98	-13,52	-25,53	-14,28
29/09/2026 08:33:28	V2.00	1	horario	15000	29	31,458	0,929	29,239	0,9127	0,2576	0,2718	0,9866	3,314	2,216	-1,813	-24,35	-14,62	-24,45	-12,26
29/09/2026 08:33:29	V2.00	1	horario	15000	30	31,418	0,933	29,315	0,9557	0,2703	0,2967	1,0366	3,133	0,834	0,520	-24,52	-13,64	-24,89	-13,58
29/09/2026 08:33:35	V2.00	1	anti-horario	15000	1	31,880	0,654	20,844	0,9669	0,2870	0,2514	1,0394	2,078	0,802	1,094	-23,99	-12,31	-24,00	-12,33
29/09/2026 08:33:36	V2.00	1	anti-horario	15000	2	31,736	0,781	24,782	0,9649	0,1999	0,3101	1,0330	2,442	0,708	1,560	-24,96	-15,24	-25,55	-15,19
29/09/2026 08:33:37	V2.00	1	anti-horario	15000	3	31,643	0,808	25,583	0,9769	0,2147	0,2122	1,0225	2,954	0,128	0,709	-23,58	-11,97	-24,72	-13,53
29/09/2026 08:33:38	V2.00	1	anti-horario	15000	4	31,585	0,829	26,190	0,9655	0,2549	0,2905	1,0400	2,506	1,121	-0,016	-24,07	-14,66	-24,30	-14,34
29/09/2026 08:33:39	V2.00	1	anti-horario	15000	5	31,439	0,833	26,184	0,9530	0,2687	0,2629	1,0245	3,098	1,689	1,578	-24,04	-12,97	-23,99	-13,66
29/09/2026 08:33:40	V2.00	1	anti-horario	15000	6	31,451	0,866	27,229	0,9478	0,2410	0,2901	1,0201	4,621	-0,782	0,643	-24,62	-13,73	-24,52	-14,98
29/09/2026 08:33:41	V2.00	1	anti-horario	15000	7	31,505	0,893	28,142	0,9567	0,2233	0,2536	1,0146	3,328	0,411	0,579	-23,78	-13,06	-24,01	-14,19
29/09/2026 08:33:42	V2.00	1	anti-horario	15000	8	31,495	0,908	28,588	0,9979	0,2596	0,2667	1,0650	3,249	2,551	2,327	-23,96	-12,10	-24,70	-14,38
29/09/2026 08:33:43	V2.00	1	anti-horario	15000	9	31,447	0,920	28,921	0,9778	0,2292	0,2303	1,0304	0,827	-0,517	-0,209	-24,18	-12,29	-23,64	-13,41
29/09/2026 08:33:44	V2.00	1	anti-horario	15000	10	31,439	0,919	28,901	0,9629	0,2546	0,2855	1,0361	2,561	1,664	-0,892	-24,00	-12,82	-23,24	-11,09
29/09/2026 08:33:45	V2.00	1	anti-horario	15000	11	31,420	0,938	29,468	0,9686	0,2457	0,2505	1,0302	3,330	-0,252	0,916	-23,35	-12,58	-24,58	-13,22
29/09/2026 08:33:46	V2.00	1	anti-horario	15000	12	31,396	0,946	29,698	0,9242	0,2416	0,2202	0,9803	1,405	1,964	1,145	-24,43	-15,80	-25,70	-15,14
29/09/2026 08:33:47	V2.00	1	anti-horario	15000	13	31,529	0,940	29,649	0,9560	0,2616	0,2310	1,0177	2,603	0,699	0,164	-23,53	-11,99	-24,59	-14,14
29/09/2026 08:33:48	V2.00	1	anti-horario	15000	14	31,451	0,960	30,182	0,9457	0,2278	0,3034	1,0190	2,709	2,004	-0,193	-23,13	-11,92	-24,72	-12,47
29/09/2026 08:33:49	V2.00	1	anti-horario	15000	15	31,386	0,922	28,942	0,9588	0,2613	0,2309	1,0202	3,537	0,061	1,398	-25,44	-15,79	-25,27	-14,93
29/09/2026 08:33:50	V2.00	1	anti-horario	15000	16	31,415	0,934	29,350	0,9637	0,2460	0,2751	1,0319	1,891	1,307	0,913	-23,77	-12,53	-24,47	-11,84
29/09/2026 08:33:51	V2.00	1	anti-horario	15000	17	31,398	0,933	29,290	0,9512	0,2242	0,2389	1,0060	2,011	0,529	0,584	-23,97	-12,25	-25,26	-13,67
29/09/2026 08:33:52	V2.00	1	anti-horario	15000	18	31,394	0,928	29,135	0,9837	0,2547	0,2338	1,0427	2,832	0,862	-0,650	-23,89	-11,82	-25,67	-13,67
29/09/2026 08:33:53	V2.00	1	anti-horario	15000	19	31,388	0,944	29,617	0,9098	0,2211	0,2627	0,9724	1,828	1,314	2,247	-24,71	-13,52	-25,30	-13,01
29/09/2026 08:33:54	V2.00	1	anti-horario	15000	20	31,340	0,942	29,523	1,0155	0,2087	0,2380	1,0637	2,476	0,079	1,063	-23,86	-12,44	-25,86	-15,33
29/09/2026 08:33:55	V2.00	1	anti-horario	15000	21	31,464	0,929	29,231	0,9541	0,2635	0,2891	1,0312	3,348	-1,086	0,788	-24,62	-14,76	-24,66	-13,30
29/09/2026 08:33:56	V2.00	1	anti-horario	15000	22	31,360	0,919	28,829	0,9878	0,2560	0,2547	1,0518	4,351	0,159	0,282	-23,84	-12,46	-25,17	-14,60
29/09/2026 08:33:57	V2.00	1	anti-horario	15000	23	31,380	0,959	30,094	0,9440	0,1897	0,3103	1,0116	5,449	0,195	-1,687	-24,19	-13,34	-24,97	-14,86
29/09/2026 08:33:58	V2.00	1	anti-horario	15000	24	31,429	0,947	29,748	0,9326	0,2675	0,3213	1,0221	3,072	0,263	0,108	-23,63	-12,50	-25,84	-15,15
29/09/2026 08:33:59	V2.00	1	anti-horario	15000	25	31,493	0,936	29,479	1,0117	0,2224	0,2847	1,0743	3,219	-0,269	0,427	-23,27	-13,63	-24,99	-14,01
29/09/2026 08:34:00	V2.00	1	anti-horario	15000	26	31,355	0,934	29,272	0,9680	0,2074	0,2296	1,0162	3,382	0,077	-2,315	-23,53	-13,10	-24,64	-14,69
29/09/2026 08:34:01	V2.00	1	anti-horario	15000	27	31,442	0,944	29,680	1,0296	0,2605	0,2797	1,0982	2,733	1,417	0,875	-23,25	-12,60	-25,11	-14,50
29/09/2026 08:34:02	V2.00	1	anti-horario	15000	28	31,440	0,961	30,220	0,9585	0,2394	0,2779	1,0263	2,654	1,552	-2,002	-24,50	-15,35	-25,27	-15,04
29/09/2026 08:34:03	V2.00	1	anti-horario	15000	29	31,354	0,936	29,339	0,9978	0,2439	0,2442	1,0558	2,843	1,649	-0,726	-24,55	-13,72	-24,46	-12,95
29/09/2026 08:34:04	V2.00	1	anti-horario	15000	30	31,399	0,949	29,807	0,9441	0,2497	0,2647	1,0118	1,684	-0,963	0,936	-24,21	-13,29	-25,41	-13,51
29/09/2026 08:34:10	V2.00	1	horario	20000	1	31,716	0,586	18,577	0,9423	0,2938	0,2785	1,0256	3,821	-0,768	-1,093	-22,23	-10,79	-23,27	-12,42
29/09/2026 08:34:11	V2.00	1	horario	20000	2	31,722	0,680	21,566	0,9933	0,2742	0,2214	1,0540	0,203	1,802	1,675	-23,11	-12,03	-24,42	-12,67
29/09/2026 08:34:12	V2.00	1	horario	20000	3	31,711	0,735	23,302	0,9588	0,2232	0,2703	1,0209	2,541	-0,618	2,709	-21,43	-11,17	-22,62	-10,93
29/09/2026 08:34:13	V2.00	1	horario	20000	4	31,590	0,769	24,302	1,0075	0,2691	0,2922	1,0830	3,664	1,009	-1,890	-22,45	-12,47	-23,63	-11,29
29/09/2026 08:34:14	V2.00	1	horario	20000	5	31,600	0,809	25,549	0,9777	0,2905	0,2704	1,0551	3,143	-0,712	0,726	-22,46	-11,50	-24,08	-13,15
29/09/2026 08:34:15	V2.00	1	horario	20000	6	31,571	0,820	25,882	0,9703	0,2575	0,2713	1,0399	2,657	-0,699	0,069	-22,95	-11,54	-24,05	-12,74
29/09/2026 08:34:16	V2.00	1	horario	20000	7	31,369	0,818	25,648	0,9999	0,2818	0,3008	1,0815	2,947	-0,414	-1,050	-22,29	-10,26	-23,07	-11,19
29/09/2026 08:34:17	V2.00	1	horario	20000	8	31,435	0,810	25,468	0,9604	0,2565	0,2639	1,0285	2,207	0,903	-0,355	-22,88	-12,20	-23,11	-11,92
29/09/2026 08:34:18	V2.00	1	horario	20000	9	31,444	0,818	25,736	0,9556	0,2931	0,2351	1,0268	0,360	-1,634	0,285	-22,48	-10,51	-23,37	-14,51
29/09/2026 08:34:19	V2.00	1	horario	20000	10	31,441	0,864	27,159	0,9362	0,2386	0,2474	0,9973	1,827	0,208	1,963	-21,40	-8,87	-23,50	-12,47
29/09/2026 08:34:20	V2.00	1	horario	20000	11	31,503	0,842	26,539	0,9739	0,2610	0,3654	1,0724	3,922	-0,249	1,413	-22,72	-10,99	-23,59	-12,57
29/09/2026 08:34:21	V2.00	1	horario	20000	12	31,425	0,847	26,601	0,9801	0,2627	0,2119	1,0366	3,700	-0,578	-1,481	-22,54	-12,09	-23,25	-11,58
29/09/2026 08:34:22	V2.00	1	horario	20000	13	31,341	0,842	26,388	0,9525	0,2486	0,2784	1,0230	1,691	1,469	0,326	-23,64	-12,65	-24,48	-13,65
29/09/2026 08:34:23	V2.00	1	horario	20000	14	31,400	0,849	26,656	0,9768	0,2784	0,2367	1,0429	1,494	-0,712	0,597	-21,75	-12,75	-23,56	-13,92
29/09/2026 08:34:24	V2.00	1	horario	20000	15	31,362	0,842	26,403	0,9577	0,2512	0,2606	1,0239	4,159	-0,211	-0,785	-22,21	-10,90	-24,22	-13,14
29/09/2026 08:34:25	V2.00	1	horario	20000	16	31,396	0,875	27,462	0,9513	0,3118	0,2632	1,0352	1,368	0,684	-1,041	-22,95	-11,51	-23,06	-12,56
29/09/2026 08:34:26	V2.00	1	horario	20000	17	31,451	0,869	27,323	1,0131	0,2659	0,3109	1,0926	0,643	0,219	-0,790	-22,43	-11,56	-23,64	-11,14
29/09/2026 08:34:27	V2.00	1	horario	20000	18	31,393	0,858	26,932	0,9630	0,2523	0,2702	1,0315	3,438	1,998	2,227	-22,31	-12,23	-22,95	-12,02
29/09/2026 08:34:28	V2.00	1	horario	20000	19	31,448	0,865	27,200	0,9763	0,2766	0,2847	1,0540	4,340	0,947	-0,177	-22,30	-10,99	-25,06	-16,98
29/09/2026 08:34:29	V2.00	1	horario	20000	20	31,315	0,859	26,896	0,9843	0,2151	0,2486	1,0378	4,545	0,019	2,942	-22,50	-10,21	-23,06	-11,95
29/09/2026 08:34:30	V2.00	1	horario	20000	21	31,350	0,851	26,666	0,9689	0,2091	0,2623	1,0254	2,009	1,709	0,292	-22,67	-11,49	-23,36	-11,87
29/09/2026 08:34:31	V2.00	1	horario	20000	22	31,350	0,837	26,231	1,0031	0,2376	0,2275	1,0557	3,433	1,156	-1,587	-22,36	-11,06	-22,86	-11,35
29/09/2026 08:34:32	V2.00	1	horario	20000	23	31,330	0,857	26,861	0,9609	0,2355	0,2961	1,0327	4,675	2,753	1,828	-22,57	-10,95	-23,09	-11,99
29/09/2026 08:34:33	V2.00	1	horario	20000	24	31,407	0,865	27,160	0,9682	0,2281	0,2576	1,0275	3,661	0,604	0,658	-22,10	-10,49	-23,52	-12,22
29/09/2026 08:34:34	V2.00	1	horario	20000	25	31,338	0,874	27,393	0,9550	0,2003	0,2386	1,0045	1,675	0,663	-0,079	-22,70	-11,43	-22,93	-11,68
29/09/2026 08:34:35	V2.00	1	horario	20000	26	31,421	0,862	27,076	0,9068	0,2391	0,2046	0,9598	2,943	0,594	1,505	-21,79	-11,19	-23,18	-11,79
29/09/2026 08:34:36	V2.00	1	horario	20000	27	31,374	0,852	26,745	0,9996	0,2333	0,2942	1,0678	3,713	-0,546	1,419	-22,08	-11,69	-23,24	-12,93
29/09/2026 08:34:37	V2.00	1	horario	20000	28	31,373	0,861	27,001	0,9413	0,2631	0,2327	1,0047	2,655	0,732	3,184	-23,33	-12,21	-22,42	-11,09
29/09/2026 08:34:38	V2.00	1	horario	20000	29	31,406	0,859	26,984	0,9654	0,2936	0,2563	1,0411	4,259	-0,173	0,178	-23,14	-10,99	-23,03	-12,09
29/09/2026 08:34:39	V2.00	1	horario	20000	30	31,390	0,836	26,236	0,9631	0,2022	0,2426	1,0136	3,172	2,183	3,621	-22,85	-11,66	-22,44	-11,56
29/09/2026 08:34:45	V2.00	1	anti-horario	20000	1	31,852	0,621	19,789	0,9733	0,2378	0,2281	1,0276	1,048	1,384	-0,082	-22,86	-11,22	-23,29	-12,15
29/09/2026 08:34:46	V2.00	1	anti-horario	20000	2	31,675	0,709	22,471	1,0174	0,2648	0,2992	1,0930	4,390	1,956	0,987	-22,14	-12,02	-22,99	-11,43
29/09/2026 08:34:47	V2.00	1	anti-horario	20000	3	31,553	0,730	23,025	1,0091	0,2752	0,3146	1,0923	2,574	-0,783	-0,039	-22,44	-10,53	-23,25	-12,54
29/09/2026 08:34:48	V2.00	1	anti-horario	20000	4	31,576	0,763	24,095	0,9835	0,2501	0,2475	1,0446	2,617	0,379	-0,074	-21,44	-10,63	-23,36	-14,04
29/09/2026 08:34:49	V2.00	1	anti-horario	20000	5	31,469	0,800	25,173	0,9494	0,2915	0,2651	1,0279	4,446	0,674	0,295	-22,55	-10,18	-23,30	-14,15
29/09/2026 08:34:50	V2.00	1	anti-horario	20000	6	31,381	0,814	25,556	0,9704	0,2707	0,2842	1,0468	2,439	1,823	1,486	-22,39	-11,17	-22,72	-12,17
29/09/2026 08:34:51	V2.00	1	anti-horario	20000	7	31,493	0,838	26,376	0,9700	0,2942	0,1965	1,0325	1,199	-0,824	-0,186	-22,65	-12,44	-24,20	-13,89
29/09/2026 08:34:52	V2.00	1	anti-horario	20000	8	31,565	0,872	27,539	0,9576	0,2391	0,2355	1,0148	0,610	0,460	-0,947	-22,55	-12,16	-24,26	-13,14
29/09/2026 08:34:53	V2.00	1	anti-horario	20000	9	31,448	0,859	27,000	0,9304	0,2756	0,2460	1,0011	3,659	0,587	-1,402	-22,69	-11,20	-23,08	-12,19
29/09/2026 08:34:54	V2.00	1	anti-horario	20000	10	31,498	0,872	27,476	0,9623	0,2725	0,3280	1,0526	5,253	-0,874	-0,862	-21,61	-11,67	-23,93	-13,32
29/09/2026 08:34:55	V2.00	1	anti-horario	20000	11	31,436	0,859	27,009	0,9505	0,2298	0,2486	1,0090	1,845	3,338	0,607	-21,97	-11,12	-23,59	-13,16
29/09/2026 08:34:56	V2.00	1	anti-horario	20000	12	31,278	0,843	26,354	0,9157	0,1825	0,2341	0,9626	4,490	0,547	1,799	-22,25	-11,97	-22,83	-11,41
29/09/2026 08:34:57	V2.00	1	anti-horario	20000	13	31,444	0,856	26,928	0,9868	0,2670	0,2535	1,0532	1,553	-0,821	0,354	-22,30	-11,28	-23,78	-12,32
29/09/2026 08:34:58	V2.00	1	anti-horario	20000	14	31,437	0,890	27,966	1,0083	0,2200	0,3205	1,0806	2,263	1,854	0,332	-22,75	-11,88	-24,38	-14,63
29/09/2026 08:34:59	V2.00	1	anti-horario	20000	15	31,452	0,890	27,993	0,9461	0,2591	0,2482	1,0118	2,146	1,529	0,204	-21,46	-9,66	-23,59	-12,51
29/09/2026 08:35:00	V2.00	1	anti-horario	20000	16	31,443	0,861	27,079	0,9685	0,2465	0,2449	1,0290	3,694	1,380	0,962	-21,58	-10,88	-22,43	-11,13
29/09/2026 08:35:01	V2.00	1	anti-horario	20000	17	31,371	0,869	27,253	0,9520	0,2986	0,2809	1,0365	2,638	2,032	-2,355	-23,71	-12,66	-22,82	-11,62
29/09/2026 08:35:02	V2.00	1	anti-horario	20000	18	31,335	0,868	27,211	1,0301	0,2747	0,2751	1,1010	2,373	0,127	-2,305	-22,35	-12,61	-22,79	-12,32
29/09/2026 08:35:03	V2.00	1	anti-horario	20000	19	31,343	0,854	26,783	0,9716	0,1875	0,2884	1,0307	3,805	0,299	-2,727	-23,10	-14,32	-22,56	-11,84
29/09/2026 08:35:04	V2.00	1	anti-horario	20000	20	31,342	0,881	27,619	0,9497	0,2621	0,2870	1,0262	5,103	0,356	0,701	-23,39	-13,00	-22,59	-12,03
29/09/2026 08:35:05	V2.00	1	anti-horario	20000	21	31,399	0,846	26,559	0,9769	0,2790	0,2788	1,0535	0,993	0,451	1,140	-23,63	-11,93	-23,94	-12,73
29/09/2026 08:35:06	V2.00	1	anti-horario	20000	22	31,421	0,897	28,193	0,9841	0,2697	0,3513	1,0791	2,643	-0,357	0,763	-22,24	-12,06	-23,62	-10,77
29/09/2026 08:35:07	V2.00	1	anti-horario	20000	23	31,417	0,858	26,970	0,9975	0,2467	0,2624	1,0605	3,575	-0,950	0,673	-21,35	-10,65	-23,02	-12,43
29/09/2026 08:35:08	V2.00	1	anti-horario	20000	24	31,380	0,866	27,164	0,9587	0,2775	0,2180	1,0216	3,934	0,144	0,702	-23,18	-11,18	-22,50	-10,74
29/09/2026 08:35:09	V2.00	1	anti-horario	20000	25	31,324	0,882	27,627	0,9821	0,2018	0,2693	1,0382	3,337	1,267	0,463	-22,33	-10,34	-22,42	-13,71
29/09/2026 08:35:10	V2.00	1	anti-horario	20000	26	31,384	0,867	27,212	0,9174	0,2528	0,3075	1,0001	1,596	1,004	-0,849	-22,90	-12,34	-22,41	-11,04
29/09/2026 08:35:11	V2.00	1	anti-horario	20000	27	31,307	0,897	28,097	0,9881	0,2445	0,2873	1,0576	1,208	2,019	-0,139	-22,62	-12,09	-23,59	-12,04
29/09/2026 08:35:12	V2.00	1	anti-horario	20000	28	31,413	0,879	27,623	0,9697	0,2654	0,2574	1,0378	5,576	-1,282	1,763	-21,68	-8,90	-23,81	-12,01
29/09/2026 08:35:13	V2.00	1	anti-horario	20000	29	31,449	0,870	27,360	0,9635	0,2437	0,2817	1,0330	4,581	0,818	-0,844	-22,01	-10,48	-22,75	-11,15
29/09/2026 08:35:14	V2.00	1	anti-horario	20000	30	31,386	0,856	26,856	0,9440	0,2009	0,2771	1,0041	2,800	0,072	-3,297	-23,25	-12,78	-22,63	-11,34
29/09/2026 11:00:00	V2.00	2	horario	15000	1	31,902	0,647	20,650	0,9773	0,3081	0,3079	1,0699	2,593	0,007	-0,076	-23,69	-13,01	-24,86	-12,69
29/09/2026 11:00:01	V2.00	2	horario	15000	2	31,702	0,758	24,027	0,9723	0,2946	0,2789	1,0535	3,863	-0,125	-0,604	-23,72	-12,69	-24,21	-14,24
29/09/2026 11:00:02	V2.00	2	horario	15000	3	31,553	0,755	23,822	0,9258	0,2527	0,2981	1,0049	2,887	-1,660	0,059	-24,10	-14,26	-23,54	-12,85
29/09/2026 11:00:03	V2.00	2	horario	15000	4	31,643	0,821	25,983	0,9841	0,2529	0,2782	1,0535	3,678	-0,209	1,128	-24,82	-13,68	-24,60	-14,10
29/09/2026 11:00:04	V2.00	2	horario	15000	5	31,512	0,832	26,226	0,9432	0,2412	0,2424	1,0033	3,223	-0,550	0,962	-24,71	-14,21	-25,14	-13,08
29/09/2026 11:00:05	V2.00	2	horario	15000	6	31,498	0,858	27,022	0,9825	0,1973	0,2689	1,0375	4,898	0,732	0,318	-23,67	-14,27	-24,26	-14,61
29/09/2026 11:00:06	V2.00	2	horario	15000	7	31,469	0,864	27,199	1,0028	0,2421	0,2216	1,0552	1,632	-2,150	0,016	-24,11	-12,25	-25,05	-13,10
29/09/2026 11:00:07	V2.00	2	horario	15000	8	31,433	0,853	26,814	0,9854	0,2639	0,2777	1,0573	3,881	-0,565	2,259	-24,58	-14,93	-24,35	-14,09
29/09/2026 11:00:08	V2.00	2	horario	15000	9	31,506	0,888	27,987	0,9910	0,2559	0,2674	1,0579	4,264	0,363	-1,531	-24,48	-13,17	-24,47	-14,72
29/09/2026 11:00:09	V2.00	2	horario	15000	10	31,385	0,889	27,890	0,9609	0,2156	0,2543	1,0171	2,171	1,372	1,059	-24,09	-12,98	-25,04	-14,69
29/09/2026 11:00:10	V2.00	2	horario	15000	11	31,358	0,887	27,813	0,9541	0,2209	0,2741	1,0170	3,630	-0,987	0,275	-24,13	-13,14	-24,60	-14,76
29/09/2026 11:00:11	V2.00	2	horario	15000	12	31,348	0,904	28,343	0,9957	0,1946	0,2786	1,0521	4,090	0,447	0,800	-24,42	-14,72	-24,87	-15,75
29/09/2026 11:00:12	V2.00	2	horario	15000	13	31,455	0,891	28,020	0,9586	0,2153	0,2348	1,0102	2,726	-0,130	0,628	-23,73	-12,54	-24,61	-12,35
29/09/2026 11:00:13	V2.00	2	horario	15000	14	31,352	0,906	28,409	0,9983	0,2816	0,2345	1,0634	2,588	1,958	0,758	-23,88	-13,19	-24,93	-13,70
29/09/2026 11:00:14	V2.00	2	horario	15000	15	31,391	0,907	28,481	0,9720	0,2330	0,2833	1,0389	5,814	-1,177	0,574	-24,46	-13,42	-24,45	-12,84
29/09/2026 11:00:15	V2.00	2	horario	15000	16	31,462	0,911	28,677	0,9983	0,1914	0,3098	1,0626	3,275	1,678	-0,970	-24,50	-13,51	-24,71	-13,49
29/09/2026 11:00:16	V2.00	2	horario	15000	17	31,456	0,883	27,764	0,9943	0,2502	0,2649	1,0590	1,429	1,103	-2,164	-23,61	-12,57	-25,70	-14,79
29/09/2026 11:00:17	V2.00	2	horario	15000	18	31,460	0,907	28,527	0,9526	0,2373	0,3018	1,0271	3,436	0,214	0,014	-24,94	-15,35	-24,57	-12,97
29/09/2026 11:00:18	V2.00	2	horario	15000	19	31,407	0,946	29,697	0,9425	0,2474	0,3150	1,0241	4,091	-0,096	0,474	-24,00	-13,56	-24,63	-13,70
29/09/2026 11:00:19	V2.00	2	horario	15000	20	31,321	0,912	28,562	0,9813	0,2443	0,2296	1,0370	3,889	0,965	-0,476	-24,17	-13,99	-25,70	-15,13
29/09/2026 11:00:20	V2.00	2	horario	15000	21	31,462	0,900	28,330	0,9860	0,2365	0,2762	1,0509	2,759	1,473	-0,285	-24,94	-14,37	-25,63	-15,63
29/09/2026 11:00:21	V2.00	2	horario	15000	22	31,421	0,903	28,378	1,0294	0,2066	0,2751	1,0853	1,772	0,107	0,391	-25,40	-12,87	-24,66	-14,02
29/09/2026 11:00:22	V2.00	2	horario	15000	23	31,413	0,926	29,075	0,9659	0,2355	0,2131	1,0168	3,541	0,487	-0,763	-23,92	-13,35	-25,15	-13,67
29/09/2026 11:00:23	V2.00	2	horario	15000	24	31,333	0,926	29,013	0,9351	0,2334	0,3181	1,0149	4,027	0,698	-0,691	-24,32	-13,29	-24,76	-13,83
29/09/2026 11:00:24	V2.00	2	horario	15000	25	31,399	0,907	28,480	0,9340	0,2371	0,2929	1,0071	1,532	0,410	-0,570	-23,93	-11,75	-25,03	-13,63
29/09/2026 11:00:25	V2.00	2	horario	15000	26	31,335	0,920	28,839	0,9506	0,2356	0,2778	1,0180	2,408	1,493	-0,525	-24,37	-13,82	-25,19	-13,31
29/09/2026 11:00:26	V2.00	2	horario	15000	27	31,432	0,936	29,419	1,0267	0,2242	0,2718	1,0855	1,724	-0,178	-0,380	-24,63	-13,75	-25,43	-15,40
29/09/2026 11:00:27	V2.00	2	horario	15000	28	31,442	0,897	28,190	1,0402	0,2387	0,2718	1,1013	1,605	2,306	1,370	-23,82	-12,65	-25,61	-15,51
29/09/2026 11:00:28	V2.00	2	horario	15000	29	31,473	0,922	29,033	0,9724	0,1891	0,2454	1,0205	3,588	1,813	1,359	-24,96	-13,14	-24,62	-14,95
29/09/2026 11:00:29	V2.00	2	horario	15000	30	31,400	0,914	28,714	0,9625	0,2037	0,2619	1,0181	2,573	0,452	-0,313	-24,27	-12,91	-24,82	-14,07
29/09/2026 11:00:35	V2.00	2	anti-horario	15000	1	31,809	0,664	21,116	0,9220	0,2619	0,2700	0,9958	2,940	1,561	-1,703	-25,18	-14,19	-24,64	-13,50
29/09/2026 11:00:36	V2.00	2	anti-horario	15000	2	31,685	0,748	23,695	0,9933	0,2621	0,2635	1,0606	0,792	1,369	1,472	-23,61	-12,07	-25,33	-13,64
29/09/2026 11:00:37	V2.00	2	anti-horario	15000	3	31,699	0,779	24,687	0,9643	0,2687	0,2714	1,0372	1,783	1,015	0,829	-23,95	-13,15	-24,67	-12,49
29/09/2026 11:00:38	V2.00	2	anti-horario	15000	4	31,513	0,822	25,899	0,9703	0,2720	0,2326	1,0342	1,590	-1,438	0,283	-24,67	-13,14	-25,03	-14,54
29/09/2026 11:00:39	V2.00	2	anti-horario	15000	5	31,525	0,854	26,920	0,9868	0,2619	0,2527	1,0518	2,731	1,644	0,643	-24,84	-14,71	-24,41	-12,28
29/09/2026 11:00:40	V2.00	2	anti-horario	15000	6	31,532	0,883	27,832	0,9739	0,2448	0,2870	1,0444	2,529	0,836	1,122	-24,34	-14,29	-25,17	-15,02
29/09/2026 11:00:41	V2.00	2	anti-horario	15000	7	31,367	0,904	28,340	1,0152	0,2856	0,2293	1,0793	3,625	2,022	-0,207	-23,94	-12,73	-26,00	-15,86
29/09/2026 11:00:42	V2.00	2	anti-horario	15000	8	31,452	0,879	27,657	0,9836	0,2756	0,2504	1,0517	1,763	-1,556	-0,016	-24,35	-12,99	-25,73	-15,09
29/09/2026 11:00:43	V2.00	2	anti-horario	15000	9	31,376	0,902	28,294	0,9968	0,2651	0,2667	1,0654	3,519	-0,561	0,282	-23,91	-12,56	-25,08	-14,71
29/09/2026 11:00:44	V2.00	2	anti-horario	15000	10	31,447	0,924	29,044	0,8971	0,2798	0,1938	0,9595	2,284	1,625	-0,067	-24,88	-13,06	-25,46	-15,99
29/09/2026 11:00:45	V2.00	2	anti-horario	15000	11	31,472	0,918	28,899	0,9402	0,2354	0,2446	0,9996	3,766	1,332	-1,469	-24,24	-12,21	-25,32	-15,40
29/09/2026 11:00:46	V2.00	2	anti-horario	15000	12	31,491	0,921	29,012	0,9410	0,2331	0,2500	1,0011	1,625	0,695	-0,978	-25,31	-15,75	-25,03	-14,63
29/09/2026 11:00:47	V2.00	2	anti-horario	15000	13	31,362	0,911	28,560	1,0200	0,2514	0,2761	1,0862	1,124	-0,054	0,465	-24,61	-14,58	-24,26	-13,48
29/09/2026 11:00:48	V2.00	2	anti-horario	15000	14	31,376	0,928	29,103	0,9540	0,2432	0,2641	1,0193	2,166	1,085	0,488	-24,05	-12,42	-25,06	-14,25
29/09/2026 11:00:49	V2.00	2	anti-horario	15000	15	31,389	0,928	29,117	1,0124	0,2165	0,2892	1,0749	1,007	0,817	1,825	-23,71	-13,16	-24,70	-13,67
29/09/2026 11:00:50	V2.00	2	anti-horario	15000	16	31,390	0,915	28,722	0,9628	0,2550	0,2508	1,0270	2,094	-0,760	0,641	-23,67	-11,90	-24,66	-13,59
29/09/2026 11:00:51	V2.00	2	anti-horario	15000	17	31,422	0,932	29,280	0,9677	0,2367	0,3254	1,0480	2,448	-0,066	0,684	-23,85	-11,95	-25,64	-14,72
29/09/2026 11:00:52	V2.00	2	anti-horario	15000	18	31,346	0,945	29,637	0,9856	0,2184	0,3144	1,0574	3,559	0,590	1,840	-23,90	-13,43	-24,82	-13,35
29/09/2026 11:00:53	V2.00	2	anti-horario	15000	19	31,425	0,928	29,166	0,9503	0,2532	0,2683	1,0193	1,567	-0,872	0,815	-25,56	-14,94	-24,68	-12,63
29/09/2026 11:00:54	V2.00	2	anti-horario	15000	20	31,376	0,938	29,431	0,9601	0,2528	0,2884	1,0339	2,437	1,597	-0,744	-23,82	-12,30	-24,25	-11,71
29/09/2026 11:00:55	V2.00	2	anti-horario	15000	21	31,362	0,908	28,463	0,9451	0,2665	0,2824	1,0218	3,002	-0,523	1,017	-24,73	-11,45	-24,10	-12,81
29/09/2026 11:00:56	V2.00	2	anti-horario	15000	22	31,430	0,921	28,945	0,9247	0,2349	0,2427	0,9845	1,453	2,322	0,523	-23,77	-12,91	-24,99	-13,21
29/09/2026 11:00:57	V2.00	2	anti-horario	15000	23	31,399	0,936	29,400	0,9651	0,2414	0,2348	1,0222	0,922	0,338	0,306	-24,77	-13,73	-24,82	-15,55
29/09/2026 11:00:58	V2.00	2	anti-horario	15000	24	31,354	0,935	29,303	0,9797	0,2212	0,2740	1,0410	3,922	1,377	0,155	-24,28	-12,91	-25,18	-14,02
29/09/2026 11:00:59	V2.00	2	anti-horario	15000	25	31,432	0,930	29,246	0,9905	0,2524	0,2896	1,0624	3,771	-0,205	-1,558	-23,07	-13,45	-24,65	-14,22
29/09/2026 11:01:00	V2.00	2	anti-horario	15000	26	31,439	0,924	29,059	0,9572	0,2850	0,2438	1,0281	2,102	0,811	0,640	-23,70	-12,54	-24,25	-12,86
29/09/2026 11:01:01	V2.00	2	anti-horario	15000	27	31,387	0,929	29,173	0,9727	0,2554	0,2893	1,0464	3,455	0,644	-0,559	-23,96	-12,80	-24,82	-12,05
29/09/2026 11:01:02	V2.00	2	anti-horario	15000	28	31,374	0,935	29,331	0,9967	0,2525	0,3284	1,0794	2,522	0,924	-0,549	-24,21	-12,53	-24,65	-13,40
29/09/2026 11:01:03	V2.00	2	anti-horario	15000	29	31,463	0,927	29,170	0,9617	0,3176	0,2799	1,0507	2,181	-0,094	-0,693	-23,44	-12,34	-25,02	-14,07
29/09/2026 11:01:04	V2.00	2	anti-horario	15000	30	31,437	0,916	28,791	0,9431	0,2556	0,2850	1,0179	3,233	-0,209	0,927	-24,45	-14,20	-25,11	-13,07
29/09/2026 11:01:10	V2.00	2	horario	20000	1	31,862	0,611	19,457	1,0074	0,3344	0,2187	1,0838	2,014	-0,139	-0,771	-23,15	-13,12	-23,48	-12,21
29/09/2026 11:01:11	V2.00	2	horario	20000	2	31,711	0,677	21,478	0,9852	0,2681	0,2588	1,0533	5,445	0,881	-1,985	-23,10	-12,09	-24,34	-13,44
29/09/2026 11:01:12	V2.00	2	horario	20000	3	31,597	0,749	23,678	0,9865	0,2718	0,2421	1,0515	1,701	0,644	0,458	-23,61	-12,60	-23,41	-12,58
29/09/2026 11:01:13	V2.00	2	horario	20000	4	31,517	0,746	23,521	0,9647	0,2527	0,2881	1,0380	4,197	0,247	-0,297	-22,24	-11,58	-22,93	-11,30
29/09/2026 11:01:14	V2.00	2	horario	20000	5	31,562	0,799	25,217	1,0233	0,2240	0,2704	1,0819	2,914	0,482	-0,529	-23,39	-13,01	-23,24	-12,18
29/09/2026 11:01:15	V2.00	2	horario	20000	6	31,441	0,781	24,560	0,9770	0,2545	0,2874	1,0497	5,523	0,933	0,832	-23,15	-10,88	-24,07	-13,81
29/09/2026 11:01:16	V2.00	2	horario	20000	7	31,406	0,810	25,439	0,9673	0,2229	0,2609	1,0264	4,375	-0,367	-1,422	-21,93	-11,43	-23,00	-13,27
29/09/2026 11:01:17	V2.00	2	horario	20000	8	31,404	0,819	25,721	1,0050	0,2189	0,2675	1,0627	3,710	-2,258	1,491	-23,21	-12,01	-23,10	-11,23
29/09/2026 11:01:18	V2.00	2	horario	20000	9	31,457	0,791	24,878	0,9465	0,2541	0,2642	1,0150	3,473	1,547	0,980	-22,63	-11,99	-24,41	-13,07
29/09/2026 11:01:19	V2.00	2	horario	20000	10	31,367	0,841	26,371	0,9973	0,2538	0,1781	1,0443	1,366	2,863	-0,406	-23,69	-12,68	-22,56	-10,67
29/09/2026 11:01:20	V2.00	2	horario	20000	11	31,429	0,842	26,449	0,9809	0,2709	0,3383	1,0724	4,065	-1,296	0,786	-21,82	-11,16	-22,58	-10,65
29/09/2026 11:01:21	V2.00	2	horario	20000	12	31,457	0,876	27,547	0,9475	0,2348	0,2608	1,0104	2,312	-0,468	-3,065	-22,76	-12,16	-23,08	-10,53
29/09/2026 11:01:22	V2.00	2	horario	20000	13	31,409	0,858	26,956	0,9778	0,2748	0,2784	1,0532	4,543	0,667	0,845	-22,28	-10,96	-23,47	-10,69
29/09/2026 11:01:23	V2.00	2	horario	20000	14	31,392	0,846	26,570	1,0077	0,2842	0,2704	1,0814	0,040	1,220	-2,413	-21,62	-9,82	-23,20	-12,92
29/09/2026 11:01:24	V2.00	2	horario	20000	15	31,326	0,845	26,468	0,9690	0,2353	0,2725	1,0337	6,221	1,601	1,509	-21,99	-11,15	-22,41	-13,06
29/09/2026 11:01:25	V2.00	2	horario	20000	16	31,393	0,854	26,805	0,9409	0,2447	0,2492	1,0036	4,702	1,499	1,032	-22,13	-10,97	-23,32	-13,27
29/09/2026 11:01:26	V2.00	2	horario	20000	17	31,293	0,844	26,423	0,9797	0,2863	0,3171	1,0688	4,784	-0,598	-0,173	-22,21	-10,03	-21,78	-9,89
29/09/2026 11:01:27	V2.00	2	horario	20000	18	31,382	0,829	26,022	0,9937	0,2170	0,2628	1,0505	2,762	2,511	-0,176	-23,96	-13,52	-23,00	-11,96
29/09/2026 11:01:28	V2.00	2	horario	20000	19	31,397	0,839	26,329	0,9937	0,2040	0,2545	1,0459	3,721	-0,137	-1,681	-22,10	-11,13	-22,63	-13,19
29/09/2026 11:01:29	V2.00	2	horario	20000	20	31,436	0,818	25,713	0,9793	0,2234	0,2352	1,0316	2,370	0,380	-0,523	-22,15	-10,36	-23,57	-12,34
29/09/2026 11:01:30	V2.00	2	horario	20000	21	31,366	0,830	26,033	0,9206	0,2587	0,2594	0,9908	0,053	-0,043	-0,831	-21,55	-11,71	-24,32	-12,43
29/09/2026 11:01:31	V2.00	2	horario	20000	22	31,468	0,832	26,178	0,9510	0,2685	0,2002	1,0083	0,667	0,263	2,110	-22,76	-10,85	-23,24	-10,55
29/09/2026 11:01:32	V2.00	2	horario	20000	23	31,371	0,843	26,442	1,0247	0,2043	0,3008	1,0873	1,678	0,723	-0,041	-23,07	-11,85	-23,89	-12,09
29/09/2026 11:01:33	V2.00	2	horario	20000	24	31,394	0,844	26,503	0,9871	0,2209	0,2922	1,0529	3,883	3,724	-0,201	-22,77	-11,12	-22,84	-12,27
29/09/2026 11:01:34	V2.00	2	horario	20000	25	31,380	0,851	26,714	0,9452	0,2377	0,2727	1,0120	4,095	-0,126	-1,961	-23,65	-13,70	-24,06	-13,18
29/09/2026 11:01:35	V2.00	2	horario	20000	26	31,341	0,833	26,097	0,9468	0,2368	0,3097	1,0239	3,694	0,619	-0,303	-22,76	-11,29	-23,10	-12,83
29/09/2026 11:01:36	V2.00	2	horario	20000	27	31,402	0,813	25,523	0,9764	0,2729	0,2616	1,0470	5,080	-0,457	0,511	-22,52	-11,61	-23,36	-12,27
29/09/2026 11:01:37	V2.00	2	horario	20000	28	31,442	0,864	27,164	0,9699	0,2745	0,2489	1,0383	3,819	-0,314	1,559	-21,17	-11,93	-23,37	-12,81
29/09/2026 11:01:38	V2.00	2	horario	20000	29	31,462	0,852	26,791	0,9775	0,2803	0,2845	1,0559	4,361	1,703	2,076	-22,28	-11,53	-22,76	-12,24
29/09/2026 11:01:39	V2.00	2	horario	20000	30	31,485	0,847	26,653	0,9941	0,2537	0,2524	1,0566	2,913	2,323	0,916	-23,53	-11,10	-23,43	-12,60
29/09/2026 11:01:45	V2.00	2	anti-horario	20000	1	31,740	0,642	20,378	0,9905	0,2479	0,2589	1,0533	4,199	-0,050	1,628	-22,17	-11,06	-23,15	-12,29
29/09/2026 11:01:46	V2.00	2	anti-horario	20000	2	31,760	0,671	21,296	0,9213	0,2684	0,2889	1,0022	3,476	1,089	-0,135	-22,03	-11,42	-23,33	-12,58
29/09/2026 11:01:47	V2.00	2	anti-horario	20000	3	31,722	0,708	22,445	0,9850	0,1996	0,2668	1,0398	2,380	-1,902	0,717	-22,73	-11,06	-24,56	-12,41
29/09/2026 11:01:48	V2.00	2	anti-horario	20000	4	31,633	0,775	24,510	0,9714	0,2898	0,3205	1,0632	4,260	-0,530	0,492	-22,24	-10,86	-24,39	-11,57
29/09/2026 11:01:49	V2.00	2	anti-horario	20000	5	31,545	0,817	25,781	0,9755	0,2478	0,2814	1,0451	1,921	-0,557	1,770	-21,68	-9,90	-23,89	-12,96
29/09/2026 11:01:50	V2.00	2	anti-horario	20000	6	31,498	0,820	25,844	0,9998	0,2525	0,3123	1,0775	3,271	1,349	-0,750	-21,20	-9,63	-23,02	-13,30
29/09/2026 11:01:51	V2.00	2	anti-horario	20000	7	31,417	0,845	26,559	0,9786	0,1926	0,3011	1,0418	2,247	2,294	0,145	-22,38	-12,10	-22,59	-12,39
29/09/2026 11:01:52	V2.00	2	anti-horario	20000	8	31,432	0,849	26,675	0,9301	0,2000	0,2947	0,9959	2,176	0,129	-1,978	-22,91	-11,16	-23,30	-12,92
29/09/2026 11:01:53	V2.00	2	anti-horario	20000	9	31,513	0,833	26,242	0,9495	0,2961	0,2763	1,0323	2,238	0,414	1,874	-21,62	-10,65	-23,79	-12,72
29/09/2026 11:01:54	V2.00	2	anti-horario	20000	10	31,372	0,847	26,573	0,9702	0,2842	0,3062	1,0563	2,505	0,343	1,047	-22,85	-11,92	-22,95	-12,72
29/09/2026 11:01:55	V2.00	2	anti-horario	20000	11	31,367	0,873	27,386	0,9653	0,2992	0,2546	1,0422	3,249	3,471	-1,019	-23,64	-13,30	-22,53	-11,54
29/09/2026 11:01:56	V2.00	2	anti-horario	20000	12	31,382	0,858	26,921	0,9415	0,2446	0,2835	1,0132	1,690	-0,240	-0,167	-23,36	-12,26	-23,55	-12,87
29/09/2026 11:01:57	V2.00	2	anti-horario	20000	13	31,394	0,855	26,853	0,9503	0,2707	0,3131	1,0366	2,343	1,182	-0,038	-22,28	-10,87	-22,36	-12,78
29/09/2026 11:01:58	V2.00	2	anti-horario	20000	14	31,428	0,875	27,513	0,9634	0,2799	0,2493	1,0337	1,117	0,769	-1,858	-22,64	-13,17	-22,53	-12,55
29/09/2026 11:01:59	V2.00	2	anti-horario	20000	15	31,352	0,857	26,865	0,9590	0,2920	0,2986	1,0460	3,494	0,775	0,722	-23,02	-12,91	-22,79	-11,12
29/09/2026 11:02:00	V2.00	2	anti-horario	20000	16	31,462	0,862	27,110	0,9647	0,2620	0,1842	1,0165	3,263	0,464	0,189	-22,08	-11,99	-23,34	-12,46
29/09/2026 11:02:01	V2.00	2	anti-horario	20000	17	31,405	0,861	27,030	0,9749	0,2812	0,2374	1,0420	3,111	2,148	-1,832	-22,39	-11,69	-23,65	-13,38
29/09/2026 11:02:02	V2.00	2	anti-horario	20000	18	31,393	0,887	27,843	0,9321	0,2149	0,2309	0,9840	4,973	0,045	0,219	-22,74	-11,93	-23,87	-10,90
29/09/2026 11:02:03	V2.00	2	anti-horario	20000	19	31,471	0,847	26,648	0,9894	0,2251	0,2167	1,0376	4,123	1,992	1,505	-22,78	-11,18	-23,40	-12,09
29/09/2026 11:02:04	V2.00	2	anti-horario	20000	20	31,381	0,835	26,217	0,9734	0,2824	0,2341	1,0402	3,667	0,998	1,150	-21,98	-12,27	-23,72	-13,14
29/09/2026 11:02:05	V2.00	2	anti-horario	20000	21	31,445	0,852	26,782	0,9492	0,1954	0,3226	1,0214	3,891	1,524	1,411	-22,15	-11,28	-23,45	-12,79
29/09/2026 11:02:06	V2.00	2	anti-horario	20000	22	31,532	0,868	27,378	0,9561	0,2640	0,2397	1,0204	4,705	-0,193	0,851	-21,86	-10,78	-23,07	-12,06
29/09/2026 11:02:07	V2.00	2	anti-horario	20000	23	31,397	0,851	26,730	0,9565	0,2944	0,2667	1,0357	1,957	-0,020	1,570	-22,09	-11,30	-22,96	-11,51
29/09/2026 11:02:08	V2.00	2	anti-horario	20000	24	31,368	0,856	26,855	0,9991	0,2762	0,2405	1,0641	1,873	0,730	2,321	-23,65	-13,75	-23,13	-12,64
29/09/2026 11:02:09	V2.00	2	anti-horario	20000	25	31,382	0,854	26,793	0,9540	0,2502	0,2539	1,0184	1,145	1,536	1,153	-21,99	-10,75	-24,22	-12,68
29/09/2026 11:02:10	V2.00	2	anti-horario	20000	26	31,349	0,860	26,967	0,9665	0,3053	0,3277	1,0652	0,903	3,593	-0,848	-21,91	-11,71	-22,72	-11,32
29/09/2026 11:02:11	V2.00	2	anti-horario	20000	27	31,395	0,868	27,264	0,9769	0,2859	0,2723	1,0537	2,699	1,915	0,946	-22,06	-11,90	-23,70	-13,15
29/09/2026 11:02:12	V2.00	2	anti-horario	20000	28	31,369	0,872	27,351	0,9993	0,2453	0,3129	1,0755	4,542	0,892	-0,736	-21,55	-10,45	-23,34	-12,61
29/09/2026 11:02:13	V2.00	2	anti-horario	20000	29	31,356	0,838	26,279	0,9890	0,2265	0,3618	1,0772	1,597	-0,909	0,862	-21,58	-10,12	-23,26	-13,74
29/09/2026 11:02:14	V2.00	2	anti-horario	20000	30	31,366	0,844	26,474	0,9131	0,2535	0,2027	0,9691	1,313	-0,045	-0,748	-22,26	-10,55	-23,12	-11,51
29/09/2026 12:30:00	V2.00	3	horario	15000	1	31,845	0,685	21,825	0,9735	0,2401	0,2617	1,0363	2,082	1,022	0,156	-24,40	-14,37	-25,20	-13,41
29/09/2026 12:30:01	V2.00	3	horario	15000	2	31,712	0,742	23,528	0,9902	0,2360	0,2348	1,0447	3,921	0,063	-0,159	-23,98	-12,96	-24,11	-14,07
29/09/2026 12:30:02	V2.00	3	horario	15000	3	31,648	0,803	25,410	1,0172	0,2500	0,2141	1,0691	3,257	2,545	1,826	-22,90	-11,17	-25,41	-14,99
29/09/2026 12:30:03	V2.00	3	horario	15000	4	31,569	0,831	26,224	0,9539	0,2331	0,2925	1,0246	3,701	0,877	-1,100	-24,19	-12,49	-25,25	-13,31
29/09/2026 12:30:04	V2.00	3	horario	15000	5	31,566	0,867	27,363	0,9015	0,2058	0,3055	0,9739	2,499	-0,151	1,893	-23,24	-12,48	-24,79	-13,89
29/09/2026 12:30:05	V2.00	3	horario	15000	6	31,493	0,923	29,053	0,9806	0,2682	0,2992	1,0597	1,730	1,355	-0,045	-25,51	-15,32	-26,08	-14,65
29/09/2026 12:30:06	V2.00	3	horario	15000	7	31,464	0,916	28,817	1,0188	0,2183	0,2693	1,0761	3,204	-0,136	0,278	-24,96	-14,51	-23,95	-11,33
29/09/2026 12:30:07	V2.00	3	horario	15000	8	31,440	0,939	29,521	0,9687	0,2492	0,2554	1,0323	3,019	0,918	-0,534	-24,08	-11,24	-25,17	-14,24
29/09/2026 12:30:08	V2.00	3	horario	15000	9	31,507	0,928	29,242	0,9765	0,2170	0,2588	1,0332	3,111	2,186	0,472	-23,17	-10,87	-24,42	-13,46
29/09/2026 12:30:09	V2.00	3	horario	15000	10	31,541	0,929	29,305	0,9508	0,2197	0,3283	1,0296	3,719	0,266	1,499	-23,59	-13,83	-23,62	-12,83
29/09/2026 12:30:10	V2.00	3	horario	15000	11	31,392	0,911	28,587	0,9965	0,2432	0,2885	1,0656	5,260	0,247	-0,171	-23,93	-13,38	-24,21	-13,71
29/09/2026 12:30:11	V2.00	3	horario	15000	12	31,464	0,949	29,849	0,9189	0,2194	0,3075	0,9935	3,302	-0,162	0,080	-23,99	-14,08	-24,36	-14,03
29/09/2026 12:30:12	V2.00	3	horario	15000	13	31,422	0,943	29,645	0,9843	0,2193	0,2789	1,0463	3,992	1,087	0,389	-24,06	-13,12	-25,30	-13,29
29/09/2026 12:30:13	V2.00	3	horario	15000	14	31,400	0,933	29,297	0,9577	0,2550	0,2607	1,0248	3,385	1,123	1,139	-23,15	-12,89	-24,20	-13,93
29/09/2026 12:30:14	V2.00	3	horario	15000	15	31,400	0,941	29,536	0,9415	0,2390	0,2581	1,0051	2,228	0,284	1,428	-23,88	-12,74	-23,32	-12,55
29/09/2026 12:30:15	V2.00	3	horario	15000	16	31,403	0,952	29,894	0,9809	0,3019	0,2489	1,0560	3,759	0,808	-1,321	-23,54	-13,22	-24,04	-13,05
29/09/2026 12:30:16	V2.00	3	horario	15000	17	31,316	0,930	29,116	0,9962	0,2383	0,2423	1,0526	3,129	0,078	-0,221	-23,56	-13,28	-25,50	-14,37
29/09/2026 12:30:17	V2.00	3	horario	15000	18	31,450	0,968	30,430	0,9534	0,2734	0,2504	1,0229	4,726	-0,534	1,578	-24,39	-12,92	-23,59	-13,40
29/09/2026 12:30:18	V2.00	3	horario	15000	19	31,375	0,961	30,151	0,9963	0,2482	0,2711	1,0620	3,658	0,732	-1,044	-24,49	-12,52	-24,66	-12,37
29/09/2026 12:30:19	V2.00	3	horario	15000	20	31,440	0,954	29,986	0,9887	0,2333	0,2662	1,0502	2,076	-0,649	0,584	-23,89	-12,45	-24,39	-13,19
29/09/2026 12:30:20	V2.00	3	horario	15000	21	31,428	0,949	29,824	0,9803	0,2318	0,2792	1,0454	3,568	-0,070	0,302	-24,37	-14,27	-25,12	-13,10
29/09/2026 12:30:21	V2.00	3	horario	15000	22	31,454	0,958	30,125	1,0193	0,2453	0,3458	1,1040	2,672	0,855	-0,148	-23,78	-12,87	-24,30	-11,88
29/09/2026 12:30:22	V2.00	3	horario	15000	23	31,412	0,954	29,962	0,9473	0,2605	0,2666	1,0180	2,292	-0,176	2,922	-24,16	-13,72	-25,67	-14,72
29/09/2026 12:30:23	V2.00	3	horario	15000	24	31,428	0,958	30,112	0,9869	0,2339	0,2785	1,0518	2,024	-0,020	-0,668	-24,71	-13,16	-24,16	-12,38
29/09/2026 12:30:24	V2.00	3	horario	15000	25	31,402	0,962	30,193	0,9260	0,2716	0,2744	1,0032	3,527	0,980	-0,737	-24,90	-13,45	-25,23	-13,68
29/09/2026 12:30:25	V2.00	3	horario	15000	26	31,332	0,935	29,300	0,9519	0,2411	0,2359	1,0099	1,478	-0,222	0,336	-24,71	-12,86	-24,87	-14,91
29/09/2026 12:30:26	V2.00	3	horario	15000	27	31,390	0,965	30,300	0,9595	0,2357	0,2991	1,0323	2,594	1,704	0,679	-24,21	-12,95	-24,51	-12,70
29/09/2026 12:30:27	V2.00	3	horario	15000	28	31,373	0,951	29,821	0,9685	0,2676	0,2444	1,0340	3,917	1,066	-1,067	-23,28	-11,47	-23,46	-11,32
29/09/2026 12:30:28	V2.00	3	horario	15000	29	31,404	0,925	29,049	0,9239	0,2564	0,2552	0,9922	1,985	0,537	0,866	-24,87	-12,66	-25,07	-14,93
29/09/2026 12:30:29	V2.00	3	horario	15000	30	31,444	0,943	29,640	0,9836	0,2774	0,2885	1,0620	3,809	-0,552	1,364	-24,51	-13,31	-24,64	-13,26
29/09/2026 12:30:35	V2.00	3	anti-horario	15000	1	31,847	0,679	21,610	0,9363	0,2718	0,2746	1,0129	4,049	0,555	-1,155	-23,42	-12,15	-25,02	-14,54
29/09/2026 12:30:36	V2.00	3	anti-horario	15000	2	31,790	0,757	24,059	0,9616	0,2527	0,2427	1,0234	3,231	2,212	-0,240	-23,76	-12,79	-26,45	-15,70
29/09/2026 12:30:37	V2.00	3	anti-horario	15000	3	31,580	0,843	26,609	0,9618	0,2456	0,2606	1,0263	0,983	-0,532	1,211	-25,27	-14,59	-25,26	-12,86
29/09/2026 12:30:38	V2.00	3	anti-horario	15000	4	31,597	0,858	27,123	1,0026	0,2315	0,2952	1,0705	1,541	1,673	-0,156	-24,62	-13,40	-24,93	-14,33
29/09/2026 12:30:39	V2.00	3	anti-horario	15000	5	31,541	0,887	27,977	0,9855	0,2611	0,2685	1,0543	2,459	0,752	0,800	-22,76	-10,98	-24,24	-10,77
29/09/2026 12:30:40	V2.00	3	anti-horario	15000	6	31,507	0,924	29,105	0,9876	0,2248	0,2589	1,0454	2,394	1,248	0,076	-23,92	-12,23	-24,15	-13,28
29/09/2026 12:30:41	V2.00	3	anti-horario	15000	7	31,425	0,948	29,803	0,9893	0,2098	0,2622	1,0448	3,066	1,379	1,160	-23,83	-12,78	-24,45	-13,99
29/09/2026 12:30:42	V2.00	3	anti-horario	15000	8	31,429	0,942	29,615	0,9691	0,2029	0,2601	1,0237	2,956	0,319	0,003	-23,71	-14,01	-25,45	-14,73
29/09/2026 12:30:43	V2.00	3	anti-horario	15000	9	31,468	0,975	30,680	0,9896	0,2133	0,2642	1,0462	3,157	0,778	0,789	-24,55	-13,21	-24,76	-13,10
29/09/2026 12:30:44	V2.00	3	anti-horario	15000	10	31,381	0,950	29,810	0,9024	0,2345	0,2569	0,9671	1,880	0,766	0,194	-25,36	-15,10	-24,67	-13,28
29/09/2026 12:30:45	V2.00	3	anti-horario	15000	11	31,351	0,959	30,081	0,9629	0,2576	0,2731	1,0335	2,645	-0,936	-1,227	-24,35	-13,84	-24,80	-13,30
29/09/2026 12:30:46	V2.00	3	anti-horario	15000	12	31,397	0,947	29,745	0,9630	0,2556	0,2781	1,0345	4,778	-0,069	0,177	-23,74	-13,14	-24,81	-15,05
29/09/2026 12:30:47	V2.00	3	anti-horario	15000	13	31,382	0,948	29,743	0,9268	0,2301	0,2438	0,9856	3,484	1,201	-0,654	-24,16	-13,55	-25,91	-14,60
29/09/2026 12:30:48	V2.00	3	anti-horario	15000	14	31,447	0,955	30,019	0,9963	0,2121	0,2388	1,0462	3,610	2,271	0,743	-24,02	-14,64	-26,12	-15,01
29/09/2026 12:30:49	V2.00	3	anti-horario	15000	15	31,386	0,950	29,809	0,9716	0,2529	0,2936	1,0461	3,037	1,828	0,258	-24,07	-13,85	-24,16	-10,91
29/09/2026 12:30:50	V2.00	3	anti-horario	15000	16	31,422	0,973	30,567	0,9831	0,2969	0,2898	1,0671	1,295	2,003	-0,091	-23,94	-12,51	-25,57	-15,09
29/09/2026 12:30:51	V2.00	3	anti-horario	15000	17	31,407	0,963	30,256	1,0181	0,2996	0,2712	1,0954	2,964	0,227	1,356	-24,20	-12,41	-25,05	-14,48
29/09/2026 12:30:52	V2.00	3	anti-horario	15000	18	31,400	0,944	29,650	0,9876	0,2985	0,2880	1,0712	4,362	-0,246	0,486	-24,57	-12,95	-24,94	-13,86
29/09/2026 12:30:53	V2.00	3	anti-horario	15000	19	31,330	0,949	29,718	0,9355	0,2623	0,3216	1,0234	4,262	-1,296	1,671	-23,44	-12,68	-25,73	-13,85
29/09/2026 12:30:54	V2.00	3	anti-horario	15000	20	31,428	0,949	29,820	0,9853	0,1966	0,2644	1,0389	4,038	0,618	-0,249	-23,47	-11,42	-24,22	-12,52
29/09/2026 12:30:55	V2.00	3	anti-horario	15000	21	31,455	0,980	30,812	0,9766	0,2522	0,2641	1,0427	1,688	-0,355	-0,032	-23,86	-12,89	-23,94	-12,13
29/09/2026 12:30:56	V2.00	3	anti-horario	15000	22	31,454	0,965	30,360	0,9849	0,2439	0,3031	1,0589	3,536	-0,590	0,412	-23,01	-11,65	-24,91	-13,47
29/09/2026 12:30:57	V2.00	3	anti-horario	15000	23	31,348	0,976	30,609	0,9352	0,2344	0,2969	1,0088	3,257	0,296	0,696	-24,04	-12,51	-24,79	-14,37
29/09/2026 12:30:58	V2.00	3	anti-horario	15000	24	31,402	0,964	30,276	0,9304	0,2270	0,3092	1,0063	3,285	-0,724	-1,290	-24,07	-13,22	-23,86	-11,82
29/09/2026 12:30:59	V2.00	3	anti-horario	15000	25	31,418	0,976	30,661	0,9366	0,2734	0,2616	1,0102	3,763	-0,214	0,427	-23,79	-12,47	-24,89	-14,11
29/09/2026 12:31:00	V2.00	3	anti-horario	15000	26	31,368	0,993	31,147	0,9962	0,2310	0,2842	1,0614	2,157	-0,585	1,284	-25,02	-14,22	-24,24	-13,41
29/09/2026 12:31:01	V2.00	3	anti-horario	15000	27	31,421	0,978	30,717	0,9493	0,2679	0,2728	1,0235	1,644	0,430	1,631	-22,99	-12,95	-24,37	-12,98
29/09/2026 12:31:02	V2.00	3	anti-horario	15000	28	31,443	0,980	30,807	0,9896	0,2591	0,2682	1,0575	2,292	-1,298	0,590	-23,89	-13,96	-24,47	-12,95
29/09/2026 12:31:03	V2.00	3	anti-horario	15000	29	31,503	0,970	30,561	0,9685	0,2577	0,3208	1,0523	1,876	0,803	-0,550	-24,33	-12,25	-24,83	-12,39
29/09/2026 12:31:04	V2.00	3	anti-horario	15000	30	31,422	0,963	30,269	1,0323	0,2393	0,2557	1,0901	1,125	1,996	1,218	-22,55	-10,38	-25,63	-14,58
29/09/2026 12:31:10	V2.00	3	horario	20000	1	31,870	0,603	19,219	1,0140	0,2736	0,2688	1,0842	3,674	-0,319	-0,445	-22,78	-11,09	-24,41	-12,46
29/09/2026 12:31:11	V2.00	3	horario	20000	2	31,673	0,704	22,312	0,9620	0,2598	0,2512	1,0277	1,840	1,862	0,173	-21,29	-11,03	-23,27	-11,29
29/09/2026 12:31:12	V2.00	3	horario	20000	3	31,652	0,761	24,099	1,0057	0,2304	0,2662	1,0656	2,694	-0,949	-0,066	-21,70	-11,78	-23,16	-13,40
29/09/2026 12:31:13	V2.00	3	horario	20000	4	31,641	0,786	24,864	0,9506	0,2418	0,2257	1,0065	4,608	0,128	1,891	-22,47	-11,26	-22,44	-10,76
29/09/2026 12:31:14	V2.00	3	horario	20000	5	31,549	0,823	25,959	0,9804	0,2430	0,3275	1,0619	1,812	0,605	0,268	-22,26	-11,01	-23,56	-12,69
29/09/2026 12:31:15	V2.00	3	horario	20000	6	31,402	0,832	26,141	0,9370	0,1980	0,2741	0,9961	3,485	1,232	0,931	-23,66	-11,08	-24,12	-13,95
29/09/2026 12:31:16	V2.00	3	horario	20000	7	31,489	0,836	26,309	0,9724	0,2310	0,2868	1,0398	3,064	0,062	-1,010	-22,34	-11,00	-24,03	-10,93
29/09/2026 12:31:17	V2.00	3	horario	20000	8	31,509	0,866	27,295	0,9674	0,1918	0,2303	1,0128	4,439	-0,348	-0,589	-22,60	-12,58	-23,94	-12,98
29/09/2026 12:31:18	V2.00	3	horario	20000	9	31,385	0,851	26,719	0,9466	0,2657	0,2630	1,0177	2,686	1,316	0,080	-22,67	-11,13	-23,02	-12,14
29/09/2026 12:31:19	V2.00	3	horario	20000	10	31,425	0,856	26,890	0,9442	0,2731	0,2833	1,0229	3,446	0,937	0,305	-22,08	-10,35	-22,74	-11,82
29/09/2026 12:31:20	V2.00	3	horario	20000	11	31,485	0,874	27,530	0,9890	0,2585	0,2774	1,0592	2,017	1,442	3,664	-22,72	-12,08	-23,26	-12,65
29/09/2026 12:31:21	V2.00	3	horario	20000	12	31,488	0,863	27,187	0,9558	0,2024	0,2473	1,0078	0,850	1,358	3,610	-22,72	-11,00	-24,30	-13,88
29/09/2026 12:31:22	V2.00	3	horario	20000	13	31,473	0,871	27,416	0,9510	0,2447	0,2927	1,0247	2,627	0,004	0,011	-23,26	-13,69	-23,06	-12,42
29/09/2026 12:31:23	V2.00	3	horario	20000	14	31,444	0,881	27,708	0,9877	0,2480	0,3051	1,0631	4,010	1,135	1,363	-22,05	-12,12	-23,56	-12,23
29/09/2026 12:31:24	V2.00	3	horario	20000	15	31,431	0,894	28,098	0,9419	0,2228	0,2838	1,0087	2,815	-1,663	0,700	-23,61	-11,53	-23,87	-11,41
29/09/2026 12:31:25	V2.00	3	horario	20000	16	31,342	0,873	27,371	0,9713	0,3034	0,2552	1,0491	2,328	2,458	-0,200	-22,07	-11,20	-24,19	-14,51
29/09/2026 12:31:26	V2.00	3	horario	20000	17	31,349	0,891	27,942	0,9685	0,2404	0,2475	1,0281	2,635	0,961	1,429	-24,08	-12,95	-23,80	-12,88
29/09/2026 12:31:27	V2.00	3	horario	20000	18	31,422	0,883	27,748	0,9609	0,2342	0,2626	1,0233	4,278	-0,278	0,175	-22,39	-11,63	-22,36	-10,60
29/09/2026 12:31:28	V2.00	3	horario	20000	19	31,463	0,878	27,636	0,9637	0,2401	0,2623	1,0272	3,925	0,877	0,532	-23,18	-10,46	-23,88	-13,02
29/09/2026 12:31:29	V2.00	3	horario	20000	20	31,362	0,901	28,256	0,9785	0,2673	0,2659	1,0486	2,518	0,396	-1,409	-22,55	-10,07	-23,12	-12,05
29/09/2026 12:31:30	V2.00	3	horario	20000	21	31,284	0,878	27,474	1,0522	0,2760	0,2457	1,1152	3,609	-0,290	-1,375	-22,71	-13,21	-23,25	-13,16
29/09/2026 12:31:31	V2.00	3	horario	20000	22	31,401	0,874	27,432	0,9818	0,2136	0,2914	1,0462	1,479	2,571	-1,809	-23,16	-10,82	-23,05	-11,80
29/09/2026 12:31:32	V2.00	3	horario	20000	23	31,428	0,880	27,659	0,9392	0,2353	0,2336	0,9960	1,366	1,082	-1,098	-22,31	-11,07	-24,08	-13,47
29/09/2026 12:31:33	V2.00	3	horario	20000	24	31,471	0,885	27,842	1,0071	0,2273	0,2717	1,0676	1,723	0,104	-0,065	-22,94	-13,07	-24,03	-14,90
29/09/2026 12:31:34	V2.00	3	horario	20000	25	31,347	0,889	27,876	0,9220	0,2090	0,3237	0,9993	2,136	0,985	1,021	-22,10	-11,29	-24,21	-14,51
29/09/2026 12:31:35	V2.00	3	horario	20000	26	31,522	0,856	26,982	0,9386	0,2188	0,2251	0,9897	4,523	3,507	-0,321	-23,29	-12,49	-24,64	-13,90
29/09/2026 12:31:36	V2.00	3	horario	20000	27	31,368	0,883	27,705	0,9819	0,2597	0,2605	1,0485	1,578	1,399	0,265	-21,97	-12,10	-22,83	-12,97
29/09/2026 12:31:37	V2.00	3	horario	20000	28	31,362	0,864	27,099	0,9927	0,2605	0,3030	1,0701	3,376	0,850	1,690	-22,22	-10,03	-23,26	-12,17
29/09/2026 12:31:38	V2.00	3	horario	20000	29	31,385	0,867	27,222	0,9911	0,2871	0,2685	1,0662	4,469	-1,764	0,183	-22,52	-9,62	-23,74	-12,79
29/09/2026 12:31:39	V2.00	3	horario	20000	30	31,380	0,880	27,624	0,9099	0,2272	0,2995	0,9845	2,145	-0,395	1,821	-21,70	-11,06	-22,99	-12,18
29/09/2026 12:31:45	V2.00	3	anti-horario	20000	1	31,790	0,625	19,881	0,9387	0,2315	0,2390	0,9959	1,024	0,863	0,532	-21,48	-10,24	-23,70	-12,45
29/09/2026 12:31:46	V2.00	3	anti-horario	20000	2	31,695	0,724	22,960	0,9933	0,2598	0,2623	1,0597	2,471	-1,041	-0,717	-22,87	-11,52	-23,97	-12,02
29/09/2026 12:31:47	V2.00	3	anti-horario	20000	3	31,575	0,770	24,304	0,9390	0,2409	0,2493	1,0009	3,622	-0,215	1,464	-22,65	-12,65	-23,69	-12,49
29/09/2026 12:31:48	V2.00	3	anti-horario	20000	4	31,603	0,807	25,504	1,0372	0,2929	0,2608	1,1088	2,518	1,164	-0,756	-21,80	-10,60	-23,08	-11,53
29/09/2026 12:31:49	V2.00	3	anti-horario	20000	5	31,599	0,832	26,300	0,9666	0,2953	0,2990	1,0540	2,515	0,606	0,484	-22,28	-12,52	-24,11	-13,82
29/09/2026 12:31:50	V2.00	3	anti-horario	20000	6	31,433	0,839	26,382	0,9890	0,2449	0,2759	1,0556	1,431	0,046	0,955	-22,14	-11,01	-23,73	-10,98
29/09/2026 12:31:51	V2.00	3	anti-horario	20000	7	31,457	0,852	26,812	0,9648	0,2528	0,2655	1,0321	2,862	-1,132	-0,905	-22,59	-12,04	-23,40	-12,54
29/09/2026 12:31:52	V2.00	3	anti-horario	20000	8	31,445	0,886	27,858	0,9670	0,2620	0,2538	1,0335	3,587	1,051	1,289	-22,07	-11,15	-22,95	-11,75
29/09/2026 12:31:53	V2.00	3	anti-horario	20000	9	31,483	0,870	27,387	0,9511	0,2554	0,2825	1,0246	1,911	0,510	0,137	-23,83	-12,96	-23,43	-12,56
29/09/2026 12:31:54	V2.00	3	anti-horario	20000	10	31,492	0,867	27,288	0,9453	0,1716	0,2556	0,9941	2,425	-0,012	1,579	-21,98	-11,28	-23,25	-11,43
29/09/2026 12:31:55	V2.00	3	anti-horario	20000	11	31,414	0,876	27,522	0,9185	0,2368	0,2926	0,9927	5,632	0,674	-0,668	-23,21	-13,62	-22,97	-11,53
29/09/2026 12:31:56	V2.00	3	anti-horario	20000	12	31,452	0,898	28,229	0,9634	0,2669	0,2751	1,0369	1,966	2,820	-0,172	-22,03	-10,01	-24,75	-12,58
29/09/2026 12:31:57	V2.00	3	anti-horario	20000	13	31,409	0,901	28,307	0,9868	0,2307	0,2864	1,0531	1,930	-0,131	1,602	-21,92	-11,50	-23,72	-13,24
29/09/2026 12:31:58	V2.00	3	anti-horario	20000	14	31,442	0,879	27,643	0,9807	0,2724	0,2674	1,0524	4,112	0,235	-0,007	-23,09	-12,70	-22,69	-11,41
29/09/2026 12:31:59	V2.00	3	anti-horario	20000	15	31,400	0,879	27,612	0,9517	0,2915	0,2760	1,0329	1,689	0,966	0,075	-20,43	-9,73	-23,13	-10,99
29/09/2026 12:32:00	V2.00	3	anti-horario	20000	16	31,311	0,897	28,093	1,0298	0,2465	0,2180	1,0811	2,425	2,345	0,701	-23,00	-12,45	-23,71	-12,42
29/09/2026 12:32:01	V2.00	3	anti-horario	20000	17	31,469	0,912	28,703	0,9837	0,2101	0,2302	1,0319	3,540	-1,015	-0,021	-22,32	-12,14	-23,98	-13,06
29/09/2026 12:32:02	V2.00	3	anti-horario	20000	18	31,427	0,913	28,679	0,9882	0,2522	0,2476	1,0495	1,615	-0,013	0,742	-22,30	-11,93	-24,56	-12,60
29/09/2026 12:32:03	V2.00	3	anti-horario	20000	19	31,405	0,876	27,500	1,0407	0,2491	0,2815	1,1065	3,379	0,159	-0,623	-21,23	-9,57	-22,70	-11,24
29/09/2026 12:32:04	V2.00	3	anti-horario	20000	20	31,351	0,916	28,725	0,9447	0,2585	0,2208	1,0040	0,451	0,982	-0,721	-23,69	-11,00	-22,98	-10,86
29/09/2026 12:32:05	V2.00	3	anti-horario	20000	21	31,388	0,897	28,166	0,9966	0,2837	0,2597	1,0683	2,941	0,961	0,915	-22,58	-10,48	-23,37	-11,40
29/09/2026 12:32:06	V2.00	3	anti-horario	20000	22	31,424	0,923	29,008	0,9584	0,2987	0,2863	1,0439	6,825	-0,831	-0,577	-22,25	-9,69	-23,06	-12,60
29/09/2026 12:32:07	V2.00	3	anti-horario	20000	23	31,446	0,915	28,767	0,9911	0,2212	0,3122	1,0624	4,375	1,320	0,495	-22,36	-10,85	-23,35	-12,32
29/09/2026 12:32:08	V2.00	3	anti-horario	20000	24	31,358	0,882	27,648	0,9474	0,2567	0,2692	1,0178	3,158	1,201	-0,503	-21,62	-10,97	-23,46	-12,07
29/09/2026 12:32:09	V2.00	3	anti-horario	20000	25	31,308	0,886	27,727	0,9994	0,1979	0,3035	1,0631	4,713	0,157	0,600	-21,83	-10,13	-23,58	-13,12
29/09/2026 12:32:10	V2.00	3	anti-horario	20000	26	31,376	0,885	27,784	0,9803	0,2847	0,2645	1,0545	1,375	-0,699	0,724	-21,39	-10,70	-23,06	-11,45
29/09/2026 12:32:11	V2.00	3	anti-horario	20000	27	31,388	0,892	27,993	0,9412	0,2923	0,1938	1,0045	3,857	0,044	-0,242	-21,48	-11,03	-23,73	-12,83
29/09/2026 12:32:12	V2.00	3	anti-horario	20000	28	31,421	0,891	27,992	0,9228	0,2240	0,3084	0,9984	2,990	1,141	-0,064	-22,90	-12,05	-22,29	-11,65
29/09/2026 12:32:13	V2.00	3	anti-horario	20000	29	31,455	0,887	27,891	0,9522	0,2503	0,2700	1,0209	3,212	3,110	0,653	-23,93	-12,90	-23,10	-12,07
29/09/2026 12:32:14	V2.00	3	anti-horario	20000	30	31,412	0,897	28,180	0,9684	0,2684	0,2537	1,0365	1,763	4,229	-0,609	-22,44	-11,35	-24,20	-13,94
30/09/2026 09:08:00	V2.00	4	horario	15000	1	31,882	0,676	21,546	0,9842	0,2057	0,3159	1,0539	1,708	2,129	1,272	-23,65	-12,53	-25,31	-14,69
30/09/2026 09:08:01	V2.00	4	horario	15000	2	31,710	0,741	23,501	0,9190	0,2780	0,2680	0,9969	2,415	0,040	0,608	-24,54	-13,21	-26,15	-14,74
30/09/2026 09:08:02	V2.00	4	horario	15000	3	31,611	0,782	24,727	0,9722	0,2134	0,2443	1,0249	2,149	1,444	-0,113	-24,27	-12,99	-23,63	-12,36
30/09/2026 09:08:03	V2.00	4	horario	15000	4	31,540	0,830	26,166	0,9153	0,2742	0,2812	0,9961	2,721	0,463	0,986	-24,93	-14,84	-25,15	-12,74
30/09/2026 09:08:04	V2.00	4	horario	15000	5	31,557	0,834	26,304	0,9322	0,2467	0,2582	0,9982	1,576	2,545	0,563	-23,72	-12,14	-25,22	-14,52
30/09/2026 09:08:05	V2.00	4	horario	15000	6	31,467	0,896	28,188	0,9293	0,2899	0,2746	1,0114	4,181	-0,475	-0,673	-24,70	-13,64	-24,65	-14,02
30/09/2026 09:08:06	V2.00	4	horario	15000	7	31,407	0,882	27,702	0,9688	0,2384	0,2529	1,0292	4,447	0,518	1,520	-24,32	-13,36	-24,65	-15,01
30/09/2026 09:08:07	V2.00	4	horario	15000	8	31,513	0,909	28,655	0,9887	0,2312	0,2659	1,0496	2,033	1,836	0,561	-23,78	-11,85	-23,99	-12,37
30/09/2026 09:08:08	V2.00	4	horario	15000	9	31,359	0,908	28,483	0,9449	0,2682	0,2743	1,0198	1,509	0,411	-1,244	-24,03	-12,61	-25,79	-14,49
30/09/2026 09:08:09	V2.00	4	horario	15000	10	31,517	0,937	29,523	0,9594	0,2705	0,2351	1,0242	1,938	0,933	-1,908	-24,02	-12,94	-25,41	-15,27
30/09/2026 09:08:10	V2.00	4	horario	15000	11	31,437	0,928	29,176	1,0050	0,2502	0,2508	1,0656	2,653	-0,744	0,656	-23,65	-13,14	-23,32	-12,53
30/09/2026 09:08:11	V2.00	4	horario	15000	12	31,382	0,934	29,302	0,9795	0,2487	0,2972	1,0534	2,283	1,586	0,788	-24,01	-11,07	-24,99	-14,64
30/09/2026 09:08:12	V2.00	4	horario	15000	13	31,423	0,921	28,947	1,0146	0,2722	0,2530	1,0806	3,413	0,858	-0,267	-23,55	-12,37	-24,57	-13,60
30/09/2026 09:08:13	V2.00	4	horario	15000	14	31,427	0,937	29,457	0,9715	0,2340	0,3123	1,0469	1,850	1,028	-0,070	-22,94	-12,53	-25,34	-15,12
30/09/2026 09:08:14	V2.00	4	horario	15000	15	31,420	0,914	28,726	0,9580	0,1962	0,2760	1,0161	2,400	-0,888	1,336	-24,78	-14,35	-24,32	-12,04
30/09/2026 09:08:15	V2.00	4	horario	15000	16	31,440	0,920	28,940	0,9471	0,2651	0,2634	1,0182	2,731	1,872	-0,499	-23,95	-12,30	-24,23	-13,35
30/09/2026 09:08:16	V2.00	4	horario	15000	17	31,388	0,910	28,563	0,9436	0,2580	0,2666	1,0139	2,975	1,639	-0,937	-24,14	-13,71	-24,69	-12,54
30/09/2026 09:08:17	V2.00	4	horario	15000	18	31,447	0,941	29,586	1,0149	0,2125	0,2698	1,0714	3,266	-0,315	0,551	-24,66	-12,82	-24,39	-13,17
30/09/2026 09:08:18	V2.00	4	horario	15000	19	31,308	0,922	28,873	0,9841	0,2505	0,2026	1,0355	4,143	0,737	-0,569	-23,40	-12,95	-25,21	-13,92
30/09/2026 09:08:19	V2.00	4	horario	15000	20	31,490	0,961	30,270	0,9790	0,2616	0,2898	1,0540	1,643	1,244	-0,484	-23,81	-12,41	-24,94	-13,84
30/09/2026 09:08:20	V2.00	4	horario	15000	21	31,247	0,940	29,364	0,9861	0,2611	0,2674	1,0545	4,542	0,911	0,688	-23,37	-13,09	-24,58	-15,53
30/09/2026 09:08:21	V2.00	4	horario	15000	22	31,377	0,949	29,762	0,9612	0,2700	0,2737	1,0352	4,188	0,305	0,718	-23,70	-14,06	-23,90	-13,27
30/09/2026 09:08:22	V2.00	4	horario	15000	23	31,443	0,960	30,198	0,9760	0,2427	0,2889	1,0464	3,769	0,240	0,580	-23,29	-11,70	-23,67	-12,63
30/09/2026 09:08:23	V2.00	4	horario	15000	24	31,397	0,946	29,690	0,9671	0,2547	0,2436	1,0293	4,197	-0,540	-0,182	-23,94	-13,28	-23,61	-13,14
30/09/2026 09:08:24	V2.00	4	horario	15000	25	31,373	0,962	30,186	0,8997	0,2249	0,3383	0,9872	3,491	-0,506	0,208	-23,96	-11,49	-24,29	-12,98
30/09/2026 09:08:25	V2.00	4	horario	15000	26	31,373	0,949	29,777	0,9525	0,2242	0,2260	1,0043	1,335	-0,296	-0,928	-23,81	-15,33	-25,52	-15,35
30/09/2026 09:08:26	V2.00	4	horario	15000	27	31,376	0,928	29,126	1,0080	0,2347	0,2920	1,0754	2,881	0,558	-0,585	-24,04	-12,90	-25,26	-14,45
30/09/2026 09:08:27	V2.00	4	horario	15000	28	31,353	0,952	29,855	0,9807	0,2388	0,2736	1,0458	2,816	-0,268	0,320	-24,37	-14,67	-25,37	-14,65
30/09/2026 09:08:28	V2.00	4	horario	15000	29	31,428	0,927	29,132	1,0330	0,2721	0,3026	1,1103	3,695	2,453	-0,537	-25,54	-14,09	-25,07	-13,95
30/09/2026 09:08:29	V2.00	4	horario	15000	30	31,414	0,957	30,069	0,9796	0,2700	0,2465	1,0455	1,805	2,214	0,351	-24,37	-13,89	-25,17	-14,74
30/09/2026 09:08:35	V2.00	4	anti-horario	15000	1	31,766	0,660	20,952	0,9651	0,2352	0,2977	1,0370	3,193	0,865	-0,493	-24,07	-12,50	-24,58	-13,66
30/09/2026 09:08:36	V2.00	4	anti-horario	15000	2	31,762	0,760	24,136	0,9898	0,2378	0,2247	1,0425	3,168	1,325	0,825	-23,75	-13,39	-25,01	-13,57
30/09/2026 09:08:37	V2.00	4	anti-horario	15000	3	31,642	0,807	25,536	0,9977	0,2279	0,2554	1,0548	4,536	1,469	-0,108	-23,83	-15,02	-24,71	-14,43
30/09/2026 09:08:38	V2.00	4	anti-horario	15000	4	31,556	0,850	26,821	0,9762	0,2782	0,2620	1,0483	1,842	0,925	-0,077	-24,09	-11,30	-24,98	-15,77
30/09/2026 09:08:39	V2.00	4	anti-horario	15000	5	31,494	0,884	27,836	0,9505	0,2725	0,2903	1,0305	2,852	0,329	0,138	-24,06	-13,21	-24,85	-13,65
30/09/2026 09:08:40	V2.00	4	anti-horario	15000	6	31,519	0,886	27,923	0,9437	0,2063	0,2917	1,0091	3,150	1,105	-1,179	-22,93	-11,79	-25,17	-13,48
30/09/2026 09:08:41	V2.00	4	anti-horario	15000	7	31,409	0,911	28,609	0,9745	0,3214	0,2775	1,0630	4,506	1,806	0,618	-24,59	-14,79	-24,16	-11,88
30/09/2026 09:08:42	V2.00	4	anti-horario	15000	8	31,452	0,890	27,986	0,9615	0,2663	0,2641	1,0321	3,615	-0,250	-1,056	-24,04	-13,32	-24,78	-12,80
30/09/2026 09:08:43	V2.00	4	anti-horario	15000	9	31,387	0,942	29,560	0,9717	0,2111	0,2370	1,0222	2,912	2,581	0,829	-25,04	-13,45	-26,67	-15,74
30/09/2026 09:08:44	V2.00	4	anti-horario	15000	10	31,478	0,929	29,252	0,9788	0,2712	0,2588	1,0481	2,474	0,625	0,793	-24,01	-13,38	-24,22	-14,28
30/09/2026 09:08:45	V2.00	4	anti-horario	15000	11	31,514	0,937	29,538	0,9558	0,2484	0,2717	1,0242	2,513	0,583	0,210	-23,90	-11,39	-26,21	-15,33
30/09/2026 09:08:46	V2.00	4	anti-horario	15000	12	31,440	0,928	29,191	0,9582	0,2332	0,3067	1,0328	2,314	1,358	-0,400	-24,27	-12,24	-24,95	-15,46
30/09/2026 09:08:47	V2.00	4	anti-horario	15000	13	31,342	0,922	28,895	0,9428	0,2297	0,2296	0,9972	2,166	-1,415	-0,768	-23,28	-12,13	-24,56	-14,36
30/09/2026 09:08:48	V2.00	4	anti-horario	15000	14	31,329	0,935	29,307	0,9689	0,2717	0,2926	1,0480	3,531	-0,138	0,275	-24,19	-11,56	-24,92	-15,33
30/09/2026 09:08:49	V2.00	4	anti-horario	15000	15	31,392	0,972	30,505	0,9334	0,2339	0,2568	0,9959	2,677	-0,996	0,845	-23,60	-13,30	-24,49	-13,43
30/09/2026 09:08:50	V2.00	4	anti-horario	15000	16	31,358	0,949	29,768	1,0238	0,2524	0,2403	1,0815	3,080	-0,752	-0,949	-24,62	-12,88	-25,07	-13,60
30/09/2026 09:08:51	V2.00	4	anti-horario	15000	17	31,428	0,938	29,490	0,9565	0,2568	0,2543	1,0225	2,622	1,041	-0,099	-23,86	-13,00	-23,84	-11,90
30/09/2026 09:08:52	V2.00	4	anti-horario	15000	18	31,429	0,933	29,329	0,9424	0,2292	0,2486	1,0013	2,810	1,215	1,505	-23,82	-14,48	-25,07	-14,01
30/09/2026 09:08:53	V2.00	4	anti-horario	15000	19	31,402	0,958	30,090	1,0227	0,2810	0,2896	1,0994	1,938	0,087	0,155	-24,47	-13,18	-24,50	-14,37
30/09/2026 09:08:54	V2.00	4	anti-horario	15000	20	31,461	0,957	30,114	0,9268	0,2487	0,2770	0,9988	3,873	0,263	1,078	-23,89	-14,02	-25,59	-13,69
30/09/2026 09:08:55	V2.00	4	anti-horario	15000	21	31,460	0,961	30,222	1,0074	0,2764	0,2871	1,0834	1,989	2,331	0,786	-24,23	-13,03	-25,20	-15,54
30/09/2026 09:08:56	V2.00	4	anti-horario	15000	22	31,435	0,942	29,599	0,9793	0,2370	0,2634	1,0414	2,143	0,439	2,139	-23,17	-12,19	-24,59	-12,91
30/09/2026 09:08:57	V2.00	4	anti-horario	15000	23	31,457	0,944	29,680	0,9681	0,2045	0,2981	1,0333	4,965	0,680	-1,875	-23,63	-13,17	-25,34	-13,84
30/09/2026 09:08:58	V2.00	4	anti-horario	15000	24	31,413	0,949	29,801	0,9538	0,2531	0,2598	1,0204	1,791	0,267	0,590	-24,11	-12,32	-25,65	-16,84
30/09/2026 09:08:59	V2.00	4	anti-horario	15000	25	31,378	0,947	29,707	0,9737	0,2640	0,2982	1,0520	2,188	1,187	0,446	-25,03	-15,18	-23,66	-12,32
30/09/2026 09:09:00	V2.00	4	anti-horario	15000	26	31,420	0,960	30,169	0,9576	0,2707	0,2310	1,0216	2,834	0,036	-0,427	-23,74	-13,02	-24,15	-12,53
30/09/2026 09:09:01	V2.00	4	anti-horario	15000	27	31,403	0,943	29,603	0,9636	0,2425	0,2526	1,0252	3,328	0,835	-1,341	-24,99	-14,64	-24,55	-13,30
30/09/2026 09:09:02	V2.00	4	anti-horario	15000	28	31,439	0,937	29,460	0,9347	0,2919	0,2788	1,0181	2,481	-0,334	-0,260	-24,71	-14,34	-24,27	-12,40
30/09/2026 09:09:03	V2.00	4	anti-horario	15000	29	31,380	0,940	29,512	0,9593	0,1844	0,2670	1,0127	2,730	1,425	-1,636	-23,30	-11,30	-24,31	-13,35
30/09/2026 09:09:04	V2.00	4	anti-horario	15000	30	31,451	0,934	29,377	0,9878	0,2307	0,2287	1,0399	1,776	0,606	-0,574	-23,77	-14,48	-25,88	-13,79
30/09/2026 09:09:10	V2.00	4	horario	20000	1	31,875	0,604	19,243	0,9699	0,2806	0,2826	1,0485	3,078	1,914	-0,627	-22,48	-11,70	-23,31	-12,62
30/09/2026 09:09:11	V2.00	4	horario	20000	2	31,712	0,691	21,897	0,9385	0,2741	0,2407	1,0069	2,638	0,246	0,680	-23,77	-13,31	-22,77	-10,79
30/09/2026 09:09:12	V2.00	4	horario	20000	3	31,597	0,740	23,376	1,0274	0,2417	0,3072	1,0992	2,947	1,099	0,334	-21,99	-11,78	-23,71	-13,22
30/09/2026 09:09:13	V2.00	4	horario	20000	4	31,563	0,773	24,413	0,9913	0,2891	0,2407	1,0603	2,019	-1,123	2,686	-22,32	-12,39	-23,01	-12,01
30/09/2026 09:09:14	V2.00	4	horario	20000	5	31,539	0,799	25,197	1,0023	0,3194	0,2416	1,0793	1,673	-0,453	2,177	-21,87	-10,85	-23,38	-13,03
30/09/2026 09:09:15	V2.00	4	horario	20000	6	31,526	0,816	25,713	0,9622	0,2683	0,2644	1,0333	2,618	0,613	1,204	-21,51	-9,87	-22,95	-12,11
30/09/2026 09:09:16	V2.00	4	horario	20000	7	31,423	0,844	26,535	0,9751	0,2073	0,2602	1,0303	2,801	-0,013	2,028	-22,21	-11,00	-22,48	-11,41
30/09/2026 09:09:17	V2.00	4	horario	20000	8	31,395	0,844	26,509	0,9704	0,2090	0,2538	1,0246	2,512	1,096	0,804	-22,85	-11,99	-23,02	-14,31
30/09/2026 09:09:18	V2.00	4	horario	20000	9	31,406	0,867	27,235	0,9195	0,2534	0,3176	1,0053	1,987	0,603	-1,315	-21,52	-10,49	-23,35	-11,27
30/09/2026 09:09:19	V2.00	4	horario	20000	10	31,454	0,843	26,510	0,9506	0,2648	0,2513	1,0183	0,359	0,536	-1,526	-21,53	-11,25	-23,19	-12,75
30/09/2026 09:09:20	V2.00	4	horario	20000	11	31,321	0,843	26,402	1,0005	0,3170	0,2918	1,0893	2,790	0,082	-0,898	-21,26	-8,57	-23,41	-11,30
30/09/2026 09:09:21	V2.00	4	horario	20000	12	31,324	0,852	26,687	0,9499	0,2476	0,2682	1,0176	6,495	-0,693	0,525	-22,13	-11,04	-23,30	-13,14
30/09/2026 09:09:22	V2.00	4	horario	20000	13	31,413	0,871	27,374	0,9798	0,2671	0,3124	1,0625	4,024	0,686	-1,156	-22,86	-11,66	-23,43	-12,81
30/09/2026 09:09:23	V2.00	4	horario	20000	14	31,359	0,847	26,568	0,9205	0,2430	0,2259	0,9784	1,699	0,127	-1,353	-22,27	-11,71	-22,86	-12,21
30/09/2026 09:09:24	V2.00	4	horario	20000	15	31,431	0,855	26,882	0,9465	0,2859	0,2965	1,0323	3,622	1,711	-2,123	-21,69	-9,88	-23,06	-11,76
30/09/2026 09:09:25	V2.00	4	horario	20000	16	31,405	0,863	27,087	0,9810	0,2406	0,2960	1,0526	0,996	-0,050	2,704	-22,88	-12,58	-23,44	-12,17
30/09/2026 09:09:26	V2.00	4	horario	20000	17	31,365	0,864	27,110	0,9955	0,2290	0,2937	1,0628	3,887	1,866	0,419	-20,56	-9,30	-22,67	-12,37
30/09/2026 09:09:27	V2.00	4	horario	20000	18	31,397	0,889	27,907	1,0213	0,2943	0,2936	1,1027	1,393	1,185	-1,240	-23,39	-11,97	-23,16	-11,43
30/09/2026 09:09:28	V2.00	4	horario	20000	19	31,426	0,876	27,519	0,9405	0,2469	0,2248	0,9980	0,496	1,489	-0,654	-21,98	-11,47	-22,63	-11,16
30/09/2026 09:09:29	V2.00	4	horario	20000	20	31,368	0,840	26,355	0,9737	0,2359	0,2568	1,0342	5,270	-1,231	0,709	-23,10	-11,86	-22,76	-11,45
30/09/2026 09:09:30	V2.00	4	horario	20000	21	31,353	0,857	26,855	0,9978	0,3031	0,2844	1,0809	1,823	1,007	3,163	-22,44	-12,03	-22,42	-11,46
30/09/2026 09:09:31	V2.00	4	horario	20000	22	31,431	0,874	27,473	0,9470	0,2257	0,2996	1,0186	4,330	2,415	2,415	-22,42	-10,34	-23,49	-11,92
30/09/2026 09:09:32	V2.00	4	horario	20000	23	31,351	0,853	26,732	0,9848	0,2447	0,2692	1,0498	4,187	1,511	1,846	-23,66	-12,10	-23,15	-13,37
30/09/2026 09:09:33	V2.00	4	horario	20000	24	31,367	0,856	26,838	0,9707	0,2988	0,3307	1,0681	1,923	1,232	0,921	-22,27	-11,02	-23,06	-10,71
30/09/2026 09:09:34	V2.00	4	horario	20000	25	31,455	0,852	26,810	0,9939	0,2768	0,2794	1,0689	4,258	0,826	0,491	-22,43	-11,49	-24,51	-14,05
30/09/2026 09:09:35	V2.00	4	horario	20000	26	31,341	0,890	27,886	0,9851	0,2491	0,2531	1,0472	3,255	1,790	-0,742	-22,50	-13,05	-22,78	-11,83
30/09/2026 09:09:36	V2.00	4	horario	20000	27	31,379	0,866	27,182	0,9550	0,2541	0,3277	1,0411	2,511	0,950	2,644	-22,83	-11,83	-22,21	-9,79
30/09/2026 09:09:37	V2.00	4	horario	20000	28	31,438	0,873	27,442	0,9680	0,2313	0,2723	1,0318	3,977	0,584	-0,130	-22,65	-10,67	-22,70	-12,24
30/09/2026 09:09:38	V2.00	4	horario	20000	29	31,367	0,874	27,414	1,0158	0,2844	0,2324	1,0802	2,583	-0,517	-0,071	-21,54	-11,83	-24,15	-13,82
30/09/2026 09:09:39	V2.00	4	horario	20000	30	31,414	0,878	27,570	0,9831	0,2853	0,2171	1,0464	4,326	0,225	1,128	-23,29	-12,11	-23,30	-11,37
30/09/2026 09:09:45	V2.00	4	anti-horario	20000	1	31,751	0,632	20,076	0,9374	0,2652	0,2933	1,0174	4,445	-0,042	1,363	-21,68	-10,19	-24,29	-12,52
30/09/2026 09:09:46	V2.00	4	anti-horario	20000	2	31,695	0,686	21,731	0,9983	0,2140	0,2646	1,0547	2,852	1,459	-0,502	-22,91	-11,11	-23,24	-10,41
30/09/2026 09:09:47	V2.00	4	anti-horario	20000	3	31,545	0,760	23,977	0,9374	0,2806	0,2418	1,0079	2,090	-0,107	0,159	-22,31	-11,31	-23,01	-13,07
30/09/2026 09:09:48	V2.00	4	anti-horario	20000	4	31,595	0,792	25,007	1,0049	0,2288	0,2219	1,0542	2,859	2,155	0,443	-22,62	-10,21	-23,82	-13,65
30/09/2026 09:09:49	V2.00	4	anti-horario	20000	5	31,477	0,827	26,042	0,9143	0,2882	0,2887	1,0012	3,979	1,270	0,057	-23,14	-12,92	-23,38	-12,00
30/09/2026 09:09:50	V2.00	4	anti-horario	20000	6	31,522	0,860	27,105	0,9812	0,2777	0,2611	1,0526	2,326	1,168	-0,214	-22,34	-12,04	-23,94	-12,43
30/09/2026 09:09:51	V2.00	4	anti-horario	20000	7	31,503	0,837	26,353	0,9901	0,2340	0,2705	1,0527	4,600	1,569	1,205	-21,35	-11,14	-23,72	-13,30
30/09/2026 09:09:52	V2.00	4	anti-horario	20000	8	31,429	0,826	25,952	0,9638	0,2337	0,2935	1,0342	3,323	-0,121	0,958	-22,07	-11,46	-23,76	-14,54
30/09/2026 09:09:53	V2.00	4	anti-horario	20000	9	31,375	0,857	26,886	0,9722	0,2216	0,2546	1,0292	1,430	0,805	0,761	-22,26	-12,49	-23,29	-12,79
30/09/2026 09:09:54	V2.00	4	anti-horario	20000	10	31,401	0,867	27,225	0,9722	0,2928	0,2944	1,0572	1,715	1,414	1,018	-22,98	-12,11	-22,79	-12,92
30/09/2026 09:09:55	V2.00	4	anti-horario	20000	11	31,438	0,880	27,662	0,9632	0,2489	0,2484	1,0254	3,632	0,548	0,450	-22,29	-12,00	-23,99	-14,76
30/09/2026 09:09:56	V2.00	4	anti-horario	20000	12	31,439	0,861	27,070	0,9740	0,2611	0,2881	1,0487	1,455	0,522	2,254	-21,47	-10,20	-22,71	-12,51
30/09/2026 09:09:57	V2.00	4	anti-horario	20000	13	31,444	0,879	27,629	0,9868	0,2310	0,2648	1,0475	3,097	0,896	0,842	-22,85	-10,55	-24,11	-11,11
30/09/2026 09:09:58	V2.00	4	anti-horario	20000	14	31,428	0,862	27,106	0,9468	0,2653	0,3102	1,0310	1,445	0,451	0,485	-21,98	-12,23	-23,51	-12,01
30/09/2026 09:09:59	V2.00	4	anti-horario	20000	15	31,460	0,882	27,750	0,9822	0,2358	0,2446	1,0393	4,132	1,065	0,838	-21,60	-11,04	-23,93	-12,81
30/09/2026 09:10:00	V2.00	4	anti-horario	20000	16	31,375	0,896	28,103	0,9644	0,2202	0,2720	1,0259	3,104	1,722	0,722	-22,22	-11,37	-23,11	-12,68
30/09/2026 09:10:01	V2.00	4	anti-horario	20000	17	31,417	0,879	27,630	1,0207	0,2903	0,2890	1,0998	3,354	0,494	-1,263	-22,63	-11,45	-23,24	-11,86
30/09/2026 09:10:02	V2.00	4	anti-horario	20000	18	31,448	0,874	27,499	0,9495	0,2935	0,2931	1,0362	2,431	0,471	0,127	-22,48	-9,45	-23,02	-11,86
30/09/2026 09:10:03	V2.00	4	anti-horario	20000	19	31,434	0,860	27,026	0,9555	0,2869	0,2821	1,0367	-2,367	1,409	2,552	-23,70	-14,92	-22,39	-10,64
30/09/2026 09:10:04	V2.00	4	anti-horario	20000	20	31,400	0,850	26,690	0,9834	0,2845	0,2809	1,0616	3,602	0,106	-1,984	-22,08	-10,18	-22,25	-12,84
30/09/2026 09:10:05	V2.00	4	anti-horario	20000	21	31,325	0,873	27,336	0,9222	0,2513	0,2818	0,9965	1,184	1,533	0,971	-22,83	-13,39	-23,40	-12,67
30/09/2026 09:10:06	V2.00	4	anti-horario	20000	22	31,401	0,888	27,883	0,9814	0,2573	0,2621	1,0478	3,243	1,802	0,135	-22,31	-11,83	-23,41	-11,99
30/09/2026 09:10:07	V2.00	4	anti-horario	20000	23	31,373	0,891	27,963	0,9708	0,2409	0,2602	1,0336	2,290	-1,375	0,709	-22,36	-11,79	-22,79	-10,27
30/09/2026 09:10:08	V2.00	4	anti-horario	20000	24	31,381	0,872	27,378	0,9402	0,1980	0,3160	1,0114	4,545	1,321	-0,825	-21,41	-10,63	-23,51	-11,36
30/09/2026 09:10:09	V2.00	4	anti-horario	20000	25	31,433	0,919	28,875	0,9775	0,2381	0,2516	1,0370	0,684	0,266	1,624	-22,14	-11,94	-23,29	-12,11
30/09/2026 09:10:10	V2.00	4	anti-horario	20000	26	31,451	0,892	28,057	0,9750	0,2261	0,2960	1,0437	-0,858	1,059	3,334	-23,41	-12,41	-23,44	-12,81
30/09/2026 09:10:11	V2.00	4	anti-horario	20000	27	31,452	0,893	28,078	0,9746	0,2739	0,2705	1,0478	6,716	0,782	0,484	-23,53	-11,61	-23,63	-13,69
30/09/2026 09:10:12	V2.00	4	anti-horario	20000	28	31,292	0,886	27,729	1,0111	0,2513	0,2599	1,0738	0,670	1,143	1,044	-23,57	-11,96	-22,62	-10,71
30/09/2026 09:10:13	V2.00	4	anti-horario	20000	29	31,429	0,895	28,144	0,9856	0,2761	0,2154	1,0460	1,099	-0,283	0,094	-22,27	-10,37	-23,11	-11,19
30/09/2026 09:10:14	V2.00	4	anti-horario	20000	30	31,356	0,889	27,884	0,9446	0,2444	0,2797	1,0149	-1,190	3,493	0,930	-22,86	-12,14	-22,14	-11,04
30/09/2026 11:01:00	V2.00	5	horario	15000	1	31,913	0,676	21,577	0,9737	0,2801	0,2846	1,0524	2,846	1,710	2,788	-23,81	-12,67	-24,73	-12,68
30/09/2026 11:01:01	V2.00	5	horario	15000	2	31,678	0,751	23,782	0,9316	0,2204	0,2571	0,9912	2,844	2,369	0,786	-24,55	-12,45	-25,24	-13,34
30/09/2026 11:01:02	V2.00	5	horario	15000	3	31,622	0,804	25,411	0,9981	0,2252	0,2798	1,0608	5,173	0,805	-0,526	-23,75	-13,87	-25,08	-13,52
30/09/2026 11:01:03	V2.00	5	horario	15000	4	31,614	0,845	26,719	0,9606	0,2260	0,2663	1,0221	2,338	-0,411	2,142	-23,72	-12,01	-24,46	-12,84
30/09/2026 11:01:04	V2.00	5	horario	15000	5	31,493	0,882	27,786	0,9633	0,2610	0,2785	1,0361	2,517	-0,729	0,396	-24,12	-12,72	-25,93	-14,16
30/09/2026 11:01:05	V2.00	5	horario	15000	6	31,608	0,893	28,216	0,9565	0,2223	0,2752	1,0199	3,102	-0,211	0,075	-25,19	-14,80	-24,24	-13,27
30/09/2026 11:01:06	V2.00	5	horario	15000	7	31,387	0,904	28,387	0,9630	0,2497	0,2820	1,0341	4,339	1,333	1,212	-23,13	-12,16	-24,46	-12,65
30/09/2026 11:01:07	V2.00	5	horario	15000	8	31,495	0,933	29,395	0,9336	0,2290	0,2631	0,9967	3,680	0,579	1,387	-23,21	-11,25	-24,08	-13,91
30/09/2026 11:01:08	V2.00	5	horario	15000	9	31,454	0,922	29,000	0,9288	0,2428	0,3031	1,0067	3,361	2,618	0,427	-22,53	-11,51	-24,69	-14,72
30/09/2026 11:01:09	V2.00	5	horario	15000	10	31,477	0,929	29,239	0,9538	0,2820	0,2990	1,0386	4,032	0,238	0,199	-24,04	-11,79	-24,33	-13,04
30/09/2026 11:01:10	V2.00	5	horario	15000	11	31,514	0,954	30,056	0,9641	0,2707	0,3126	1,0491	4,898	1,787	0,276	-24,13	-11,79	-24,45	-13,11
30/09/2026 11:01:11	V2.00	5	horario	15000	12	31,434	0,944	29,667	0,9618	0,2459	0,2734	1,0297	4,618	0,360	0,303	-24,52	-12,43	-24,37	-12,07
30/09/2026 11:01:12	V2.00	5	horario	15000	13	31,418	0,954	29,961	0,9662	0,2632	0,2778	1,0392	2,958	0,738	0,702	-24,18	-11,81	-24,95	-11,78
30/09/2026 11:01:13	V2.00	5	horario	15000	14	31,345	0,928	29,074	0,9461	0,2474	0,2924	1,0207	3,491	0,772	0,779	-24,42	-13,43	-24,95	-15,21
30/09/2026 11:01:14	V2.00	5	horario	15000	15	31,346	0,931	29,171	0,9891	0,2561	0,2853	1,0608	1,060	-0,884	0,913	-25,67	-16,13	-24,07	-12,39
30/09/2026 11:01:15	V2.00	5	horario	15000	16	31,358	0,964	30,226	1,0502	0,1932	0,2874	1,1058	1,092	1,027	0,043	-23,92	-12,30	-25,35	-15,51
30/09/2026 11:01:16	V2.00	5	horario	15000	17	31,464	0,943	29,656	0,9349	0,2899	0,2683	1,0149	4,808	1,821	-0,548	-24,05	-11,83	-24,73	-13,38
30/09/2026 11:01:17	V2.00	5	horario	15000	18	31,410	0,946	29,716	0,9687	0,2826	0,2701	1,0446	2,505	0,035	-0,304	-24,84	-12,64	-25,25	-14,42
30/09/2026 11:01:18	V2.00	5	horario	15000	19	31,436	0,912	28,674	0,9842	0,2460	0,2580	1,0468	3,081	0,104	-1,874	-23,45	-12,70	-24,65	-14,43
30/09/2026 11:01:19	V2.00	5	horario	15000	20	31,327	0,953	29,851	1,0103	0,2551	0,2354	1,0683	3,125	0,547	1,114	-23,64	-12,20	-26,59	-16,39
30/09/2026 11:01:20	V2.00	5	horario	15000	21	31,329	0,947	29,664	0,9803	0,2090	0,2876	1,0428	3,663	0,647	-0,618	-24,59	-14,80	-24,18	-12,33
30/09/2026 11:01:21	V2.00	5	horario	15000	22	31,392	0,948	29,770	0,9273	0,2463	0,2853	1,0010	1,564	1,099	0,339	-24,39	-15,15	-24,29	-13,01
30/09/2026 11:01:22	V2.00	5	horario	15000	23	31,481	0,971	30,582	0,9797	0,2425	0,2541	1,0408	2,597	1,144	-0,557	-23,55	-12,60	-23,52	-13,60
30/09/2026 11:01:23	V2.00	5	horario	15000	24	31,333	0,962	30,127	0,9685	0,2719	0,2567	1,0382	3,731	0,442	-0,483	-24,24	-11,65	-25,52	-14,60
30/09/2026 11:01:24	V2.00	5	horario	15000	25	31,432	0,942	29,605	0,9437	0,2442	0,2975	1,0192	2,379	-0,271	0,405	-23,70	-12,42	-23,81	-12,30
30/09/2026 11:01:25	V2.00	5	horario	15000	26	31,436	0,933	29,319	0,9459	0,2229	0,2367	1,0002	3,695	0,890	0,329	-25,56	-15,27	-23,57	-10,93
30/09/2026 11:01:26	V2.00	5	horario	15000	27	31,328	0,938	29,378	0,9149	0,2591	0,2425	0,9813	1,827	-0,773	1,027	-23,57	-13,12	-23,71	-12,54
30/09/2026 11:01:27	V2.00	5	horario	15000	28	31,336	0,945	29,610	0,9570	0,2616	0,2954	1,0352	3,891	-0,243	1,248	-24,03	-13,59	-24,99	-14,44
30/09/2026 11:01:28	V2.00	5	horario	15000	29	31,487	0,955	30,057	0,9744	0,2434	0,3311	1,0575	4,205	-0,121	-0,024	-24,13	-13,69	-24,71	-13,36
30/09/2026 11:01:29	V2.00	5	horario	15000	30	31,473	0,930	29,278	0,9418	0,2379	0,2591	1,0053	4,898	1,602	1,194	-24,16	-14,32	-24,97	-13,35
30/09/2026 11:01:35	V2.00	5	anti-horario	15000	1	31,854	0,711	22,635	0,9647	0,2465	0,2743	1,0328	3,792	-0,870	0,986	-24,01	-14,68	-25,44	-14,54
30/09/2026 11:01:36	V2.00	5	anti-horario	15000	2	31,780	0,795	25,269	0,9789	0,2991	0,2689	1,0583	3,853	0,149	-0,265	-24,41	-12,38	-26,04	-15,55
30/09/2026 11:01:37	V2.00	5	anti-horario	15000	3	31,581	0,809	25,540	0,9649	0,2941	0,3223	1,0590	1,239	0,246	-0,784	-23,41	-12,92	-24,63	-13,57
30/09/2026 11:01:38	V2.00	5	anti-horario	15000	4	31,534	0,891	28,098	0,9837	0,2667	0,2033	1,0393	2,833	2,683	1,576	-25,11	-15,07	-24,99	-12,62
30/09/2026 11:01:39	V2.00	5	anti-horario	15000	5	31,526	0,884	27,877	0,9709	0,1848	0,2429	1,0177	2,936	1,446	-1,691	-24,23	-14,39	-24,19	-13,01
30/09/2026 11:01:40	V2.00	5	anti-horario	15000	6	31,484	0,942	29,667	0,9642	0,2457	0,2914	1,0368	1,574	0,379	-0,206	-24,08	-12,64	-24,29	-13,89
30/09/2026 11:01:41	V2.00	5	anti-horario	15000	7	31,465	0,954	30,010	0,9492	0,2536	0,2652	1,0177	2,837	-1,031	1,661	-24,46	-13,96	-24,18	-13,68
30/09/2026 11:01:42	V2.00	5	anti-horario	15000	8	31,502	0,957	30,147	0,9752	0,2690	0,2628	1,0452	2,892	-0,062	1,154	-24,42	-13,67	-23,91	-12,89
30/09/2026 11:01:43	V2.00	5	anti-horario	15000	9	31,468	0,950	29,896	0,9626	0,2492	0,2923	1,0364	2,237	0,474	0,260	-23,48	-11,03	-24,86	-13,99
30/09/2026 11:01:44	V2.00	5	anti-horario	15000	10	31,410	0,953	29,921	0,9371	0,2241	0,2567	0,9971	4,036	0,567	-0,235	-23,26	-11,26	-23,87	-13,55
30/09/2026 11:01:45	V2.00	5	anti-horario	15000	11	31,391	0,986	30,960	0,9760	0,2433	0,2880	1,0463	3,907	0,029	0,469	-23,44	-12,43	-25,50	-15,39
30/09/2026 11:01:46	V2.00	5	anti-horario	15000	12	31,362	0,953	29,902	0,9819	0,2419	0,2538	1,0427	2,952	-0,547	0,679	-23,32	-12,48	-24,85	-13,55
30/09/2026 11:01:47	V2.00	5	anti-horario	15000	13	31,306	0,972	30,429	1,0475	0,2469	0,2670	1,1089	3,644	2,245	1,225	-25,29	-12,24	-24,46	-12,96
30/09/2026 11:01:48	V2.00	5	anti-horario	15000	14	31,348	0,970	30,394	0,9380	0,2808	0,2461	1,0096	2,974	-0,258	-0,296	-23,11	-12,56	-24,74	-14,65
30/09/2026 11:01:49	V2.00	5	anti-horario	15000	15	31,310	0,948	29,670	0,9728	0,2745	0,2560	1,0427	4,471	-0,118	0,012	-24,65	-11,97	-24,21	-14,61
30/09/2026 11:01:50	V2.00	5	anti-horario	15000	16	31,386	0,986	30,949	0,9338	0,2642	0,3005	1,0159	2,978	1,150	2,011	-22,83	-12,26	-24,84	-14,57
30/09/2026 11:01:51	V2.00	5	anti-horario	15000	17	31,451	0,947	29,787	0,9637	0,2526	0,2574	1,0290	3,180	3,165	0,128	-24,26	-13,07	-24,19	-12,04
30/09/2026 11:01:52	V2.00	5	anti-horario	15000	18	31,410	0,964	30,289	0,9254	0,2095	0,2241	0,9749	3,279	-0,762	1,506	-23,98	-13,66	-24,95	-13,45
30/09/2026 11:01:53	V2.00	5	anti-horario	15000	19	31,361	0,954	29,904	0,9997	0,2589	0,2641	1,0659	3,541	0,609	0,633	-24,49	-13,95	-23,56	-11,31
30/09/2026 11:01:54	V2.00	5	anti-horario	15000	20	31,391	0,981	30,783	0,9884	0,2787	0,2490	1,0566	3,976	2,446	-0,009	-23,98	-13,26	-25,11	-12,74
30/09/2026 11:01:55	V2.00	5	anti-horario	15000	21	31,350	0,955	29,924	1,0103	0,2656	0,3230	1,0934	2,450	0,726	-0,411	-23,91	-12,37	-25,86	-14,61
30/09/2026 11:01:56	V2.00	5	anti-horario	15000	22	31,398	0,963	30,232	0,9476	0,2682	0,2407	1,0138	3,412	2,674	1,736	-24,90	-13,57	-25,12	-14,18
30/09/2026 11:01:57	V2.00	5	anti-horario	15000	23	31,330	0,975	30,534	0,9697	0,2979	0,2637	1,0482	4,068	-0,667	-0,778	-23,57	-13,33	-24,15	-13,13
30/09/2026 11:01:58	V2.00	5	anti-horario	15000	24	31,331	0,966	30,271	0,9909	0,2391	0,2638	1,0529	1,770	-0,048	2,008	-23,96	-13,21	-25,40	-15,68
30/09/2026 11:01:59	V2.00	5	anti-horario	15000	25	31,349	0,989	31,014	0,9664	0,2973	0,2676	1,0459	2,864	1,241	-2,423	-23,88	-11,69	-24,83	-13,06
30/09/2026 11:02:00	V2.00	5	anti-horario	15000	26	31,343	0,988	30,954	0,9634	0,2274	0,2749	1,0274	2,697	2,138	0,591	-23,88	-12,00	-24,26	-12,63
30/09/2026 11:02:01	V2.00	5	anti-horario	15000	27	31,471	0,978	30,781	0,9742	0,2810	0,2677	1,0487	2,933	2,322	1,872	-24,00	-11,83	-25,07	-13,43
30/09/2026 11:02:02	V2.00	5	anti-horario	15000	28	31,416	0,964	30,289	0,9783	0,2495	0,2534	1,0409	3,029	0,865	-0,125	-23,46	-11,68	-24,03	-13,25
30/09/2026 11:02:03	V2.00	5	anti-horario	15000	29	31,438	0,970	30,499	0,9391	0,2668	0,2737	1,0139	5,494	2,057	0,961	-23,85	-13,65	-24,70	-15,09
30/09/2026 11:02:04	V2.00	5	anti-horario	15000	30	31,356	0,968	30,361	0,9174	0,2364	0,2638	0,9834	2,685	-0,062	-0,092	-22,97	-12,41	-24,40	-13,46
30/09/2026 11:02:10	V2.00	5	horario	20000	1	31,829	0,616	19,615	0,9469	0,2803	0,2574	1,0205	1,586	0,548	0,392	-23,68	-11,99	-23,32	-11,96
30/09/2026 11:02:11	V2.00	5	horario	20000	2	31,820	0,718	22,848	1,0135	0,3340	0,2927	1,1065	3,096	1,768	-0,421	-22,44	-11,12	-23,69	-13,21
30/09/2026 11:02:12	V2.00	5	horario	20000	3	31,586	0,757	23,902	0,9659	0,1922	0,2263	1,0105	1,523	-0,460	0,747	-22,37	-10,77	-22,66	-10,80
30/09/2026 11:02:13	V2.00	5	horario	20000	4	31,589	0,790	24,966	1,0030	0,2776	0,2813	1,0780	4,425	-2,215	-0,099	-22,68	-10,43	-22,61	-12,77
30/09/2026 11:02:14	V2.00	5	horario	20000	5	31,584	0,796	25,139	0,9358	0,2430	0,2605	1,0013	1,030	1,380	1,065	-21,87	-10,90	-23,56	-12,58
30/09/2026 11:02:15	V2.00	5	horario	20000	6	31,566	0,790	24,932	0,9413	0,2502	0,2374	1,0025	2,590	0,449	-0,539	-22,46	-11,65	-22,92	-12,29
30/09/2026 11:02:16	V2.00	5	horario	20000	7	31,450	0,846	26,599	0,9178	0,2638	0,2565	0,9888	4,414	1,309	1,654	-23,11	-13,10	-23,52	-13,09
30/09/2026 11:02:17	V2.00	5	horario	20000	8	31,504	0,878	27,656	0,9356	0,2363	0,2677	1,0014	3,603	-1,512	-1,674	-22,21	-11,56	-24,47	-13,34
30/09/2026 11:02:18	V2.00	5	horario	20000	9	31,451	0,860	27,059	0,9590	0,2753	0,2786	1,0359	2,124	0,645	0,710	-21,47	-9,50	-22,83	-12,32
30/09/2026 11:02:19	V2.00	5	horario	20000	10	31,395	0,864	27,123	0,9657	0,2198	0,3080	1,0372	3,960	0,233	1,020	-22,37	-12,44	-22,87	-11,98
30/09/2026 11:02:20	V2.00	5	horario	20000	11	31,412	0,880	27,654	0,9511	0,1750	0,2375	0,9959	2,827	0,677	2,270	-22,15	-11,18	-23,25	-11,37
30/09/2026 11:02:21	V2.00	5	horario	20000	12	31,381	0,871	27,347	0,9373	0,2926	0,2818	1,0216	2,051	0,463	0,862	-22,65	-12,17	-23,62	-12,35
30/09/2026 11:02:22	V2.00	5	horario	20000	13	31,390	0,869	27,265	0,9299	0,2523	0,2646	0,9992	2,514	0,839	1,148	-22,08	-11,27	-22,97	-12,42
30/09/2026 11:02:23	V2.00	5	horario	20000	14	31,353	0,868	27,208	0,9706	0,2264	0,2729	1,0333	1,741	-1,393	1,233	-22,78	-12,66	-23,80	-12,46
30/09/2026 11:02:24	V2.00	5	horario	20000	15	31,473	0,872	27,431	0,9635	0,2821	0,2157	1,0269	5,260	3,533	-2,998	-22,56	-11,77	-23,73	-13,07
30/09/2026 11:02:25	V2.00	5	horario	20000	16	31,443	0,877	27,564	0,9427	0,2448	0,2854	1,0149	1,480	-1,375	2,641	-22,89	-12,20	-23,38	-11,94
30/09/2026 11:02:26	V2.00	5	horario	20000	17	31,491	0,887	27,947	0,9244	0,2085	0,2580	0,9822	2,578	-1,466	1,233	-23,15	-10,70	-22,40	-11,60
30/09/2026 11:02:27	V2.00	5	horario	20000	18	31,423	0,861	27,045	0,9887	0,2351	0,2374	1,0436	2,553	0,041	-0,140	-21,93	-9,54	-23,77	-13,83
30/09/2026 11:02:28	V2.00	5	horario	20000	19	31,482	0,864	27,204	0,9700	0,2353	0,2597	1,0313	3,862	2,400	1,679	-22,74	-12,37	-23,19	-12,98
30/09/2026 11:02:29	V2.00	5	horario	20000	20	31,343	0,873	27,362	0,9775	0,1926	0,2686	1,0319	4,719	1,946	-0,452	-23,34	-14,19	-23,02	-11,14
30/09/2026 11:02:30	V2.00	5	horario	20000	21	31,390	0,907	28,475	0,9182	0,2775	0,2670	0,9957	2,503	-1,044	0,965	-22,09	-10,29	-22,23	-11,70
30/09/2026 11:02:31	V2.00	5	horario	20000	22	31,350	0,859	26,937	1,0142	0,2267	0,3144	1,0857	3,530	0,996	-0,118	-22,10	-11,40	-23,31	-11,75
30/09/2026 11:02:32	V2.00	5	horario	20000	23	31,393	0,868	27,245	0,9880	0,2481	0,2847	1,0577	2,355	-0,851	2,332	-21,57	-10,88	-22,77	-12,01
30/09/2026 11:02:33	V2.00	5	horario	20000	24	31,469	0,875	27,522	0,9510	0,3062	0,2686	1,0346	5,022	-1,078	0,872	-21,26	-10,47	-23,28	-13,22
30/09/2026 11:02:34	V2.00	5	horario	20000	25	31,454	0,868	27,314	0,9672	0,2130	0,3167	1,0397	4,286	0,562	-1,135	-21,58	-11,46	-23,52	-13,93
30/09/2026 11:02:35	V2.00	5	horario	20000	26	31,368	0,858	26,917	0,9513	0,2723	0,2587	1,0228	3,327	-0,268	0,328	-21,35	-10,04	-23,51	-13,76
30/09/2026 11:02:36	V2.00	5	horario	20000	27	31,476	0,873	27,472	1,0015	0,2463	0,2883	1,0709	3,705	0,057	1,560	-22,96	-12,27	-22,83	-11,55
30/09/2026 11:02:37	V2.00	5	horario	20000	28	31,377	0,881	27,634	0,9378	0,2574	0,2713	1,0096	2,252	0,534	0,411	-22,87	-12,67	-23,38	-10,50
30/09/2026 11:02:38	V2.00	5	horario	20000	29	31,453	0,884	27,807	1,0052	0,1906	0,1933	1,0412	2,421	-1,054	-0,034	-22,38	-12,29	-22,75	-11,43
30/09/2026 11:02:39	V2.00	5	horario	20000	30	31,401	0,885	27,796	0,9544	0,2915	0,2669	1,0330	5,029	-0,348	1,141	-22,54	-11,03	-23,50	-12,74
30/09/2026 11:02:45	V2.00	5	anti-horario	20000	1	31,697	0,594	18,840	1,0540	0,3312	0,3946	1,1731	2,854	-2,813	-0,858	-17,49	-5,17	-18,90	-6,11
30/09/2026 11:02:46	V2.00	5	anti-horario	20000	2	31,732	0,713	22,628	0,8845	0,3521	0,2750	0,9910	2,137	1,870	-1,296	-17,41	-5,54	-19,17	-8,25
30/09/2026 11:02:47	V2.00	5	anti-horario	20000	3	31,679	0,762	24,155	0,9610	0,1700	0,3201	1,0271	0,588	-0,684	0,253	-17,43	-6,61	-19,32	-7,69
30/09/2026 11:02:48	V2.00	5	anti-horario	20000	4	31,539	0,800	25,218	0,9807	0,2417	0,2020	1,0301	2,804	3,224	-2,525	-17,72	-5,97	-19,13	-8,20
30/09/2026 11:02:49	V2.00	5	anti-horario	20000	5	31,471	0,831	26,158	0,8906	0,1818	0,1736	0,9254	0,084	4,183	-1,685	-17,22	-5,61	-18,80	-8,62
30/09/2026 11:02:50	V2.00	5	anti-horario	20000	6	31,483	0,850	26,754	1,1236	0,2916	0,2309	1,1836	4,709	6,245	-4,052	-18,01	-7,34	-18,44	-7,71
30/09/2026 11:02:51	V2.00	5	anti-horario	20000	7	31,393	0,884	27,746	0,8761	0,2368	0,3390	0,9688	2,820	-1,986	-3,311	-17,64	-6,47	-18,75	-8,88
30/09/2026 11:02:52	V2.00	5	anti-horario	20000	8	31,482	0,874	27,528	0,9825	0,3451	0,2411	1,0689	0,984	-0,846	-0,258	-17,55	-8,17	-18,80	-8,25
30/09/2026 11:02:53	V2.00	5	anti-horario	20000	9	31,448	0,882	27,730	1,0492	0,3791	0,3201	1,1606	6,550	2,624	4,764	-16,39	-4,82	-17,73	-6,89
30/09/2026 11:02:54	V2.00	5	anti-horario	20000	10	31,419	0,880	27,640	1,0110	0,2025	0,2574	1,0627	-3,318	5,149	-0,332	-17,23	-5,99	-17,43	-5,27
30/09/2026 11:02:55	V2.00	5	anti-horario	20000	11	31,353	0,924	28,982	1,0417	0,2638	0,3641	1,1346	-0,185	-0,162	4,063	-18,62	-7,19	-17,96	-5,39
30/09/2026 11:02:56	V2.00	5	anti-horario	20000	12	31,332	0,915	28,674	0,9331	0,2205	0,1893	0,9773	0,028	1,665	-2,687	-17,06	-7,03	-18,70	-8,12
30/09/2026 11:02:57	V2.00	5	anti-horario	20000	13	31,425	0,889	27,928	0,9723	0,2959	0,3414	1,0721	2,081	-2,157	0,451	-17,22	-6,93	-19,18	-8,75
30/09/2026 11:02:58	V2.00	5	anti-horario	20000	14	31,395	0,883	27,716	1,0167	0,1441	0,1657	1,0401	2,019	0,136	-3,590	-17,86	-7,18	-18,54	-7,42
30/09/2026 11:02:59	V2.00	5	anti-horario	20000	15	31,371	0,917	28,778	1,0022	0,1967	0,2762	1,0580	3,227	3,807	-1,335	-17,04	-4,85	-18,27	-6,24
30/09/2026 11:03:00	V2.00	5	anti-horario	20000	16	31,413	0,892	28,018	1,0034	0,2381	0,3809	1,0994	3,107	-0,471	-0,963	-18,23	-7,88	-17,97	-6,09
30/09/2026 11:03:01	V2.00	5	anti-horario	20000	17	31,337	0,898	28,149	1,0459	0,1080	0,4032	1,1261	1,777	0,972	1,759	-17,06	-5,27	-18,14	-6,72
30/09/2026 11:03:02	V2.00	5	anti-horario	20000	18	31,490	0,905	28,484	1,0997	0,3095	0,1508	1,1523	9,793	-0,916	4,198	-17,48	-7,03	-17,66	-6,16
30/09/2026 11:03:03	V2.00	5	anti-horario	20000	19	31,388	0,921	28,898	0,9990	0,3118	0,1272	1,0542	2,674	1,684	0,840	-16,92	-5,88	-18,52	-6,57
30/09/2026 11:03:04	V2.00	5	anti-horario	20000	20	31,287	0,906	28,345	0,9480	0,1898	0,2922	1,0100	6,140	3,343	-0,107	-16,97	-6,04	-17,78	-7,33
30/09/2026 11:03:05	V2.00	5	anti-horario	20000	21	31,369	0,910	28,541	0,9672	0,1810	0,1588	0,9967	5,096	-0,843	1,122	-16,76	-5,79	-19,09	-8,22
30/09/2026 11:03:06	V2.00	5	anti-horario	20000	22	31,419	0,916	28,779	0,8823	0,2876	0,3381	0,9876	2,408	0,237	1,355	-17,29	-5,84	-17,95	-7,74
30/09/2026 11:03:07	V2.00	5	anti-horario	20000	23	31,450	0,915	28,774	0,9823	0,1514	0,2624	1,0279	3,413	-2,422	-0,701	-18,35	-7,21	-17,94	-8,25
30/09/2026 11:03:08	V2.00	5	anti-horario	20000	24	31,418	0,897	28,170	1,0041	0,2242	0,2171	1,0515	0,865	-0,821	0,300	-17,41	-6,75	-18,41	-7,70
30/09/2026 11:03:09	V2.00	5	anti-horario	20000	25	31,526	0,886	27,930	0,9332	0,4674	0,2978	1,0853	-0,743	2,825	-2,153	-16,95	-6,31	-18,43	-6,14
30/09/2026 11:03:10	V2.00	5	anti-horario	20000	26	31,428	0,912	28,667	0,9987	0,2207	0,3103	1,0688	6,092	0,956	5,006	-16,99	-5,79	-18,17	-7,06
30/09/2026 11:03:11	V2.00	5	anti-horario	20000	27	31,338	0,896	28,085	0,9846	0,2225	0,2923	1,0509	2,956	2,643	2,001	-17,40	-4,97	-19,12	-8,23
30/09/2026 11:03:12	V2.00	5	anti-horario	20000	28	31,396	0,892	28,019	0,9378	0,3519	0,3615	1,0649	4,073	0,316	1,884	-17,46	-6,19	-18,41	-7,77
30/09/2026 11:03:13	V2.00	5	anti-horario	20000	29	31,413	0,901	28,292	1,0098	0,2091	0,3169	1,0788	0,507	-0,912	-1,146	-18,14	-7,92	-17,69	-7,25
30/09/2026 11:03:14	V2.00	5	anti-horario	20000	30	31,463	0,889	27,971	0,9576	0,1832	0,3250	1,0277	5,135	2,551	1,669	-17,46	-7,11	-18,61	-6,58
30/09/2026 13:01:00	V2.00	6	horario	15000	1	31,795	0,867	27,572	0,9505	0,1767	0,2815	1,0069	1,820	-1,877	-3,596	-20,94	-10,01	-21,02	-10,72
30/09/2026 13:01:01	V2.00	6	horario	15000	2	31,741	0,964	30,607	1,0075	0,2381	0,2188	1,0581	3,197	-2,683	1,653	-20,56	-9,83	-20,25	-8,40
30/09/2026 13:01:02	V2.00	6	horario	15000	3	31,565	1,026	32,380	0,9948	0,3261	0,3783	1,1131	3,008	5,378	-0,503	-19,34	-8,00	-21,37	-12,24
30/09/2026 13:01:03	V2.00	6	horario	15000	4	31,502	1,094	34,453	0,8847	0,2778	0,3289	0,9839	1,597	-1,919	-0,983	-20,58	-9,50	-20,86	-10,11
30/09/2026 13:01:04	V2.00	6	horario	15000	5	31,597	1,112	35,142	1,0604	0,1823	0,2747	1,1105	5,976	3,542	-0,843	-19,67	-9,10	-20,55	-9,05
30/09/2026 13:01:05	V2.00	6	horario	15000	6	31,574	1,156	36,502	1,0068	0,2937	0,1750	1,0633	4,097	-2,044	-1,284	-18,70	-8,29	-20,95	-9,03
30/09/2026 13:01:06	V2.00	6	horario	15000	7	31,411	1,161	36,465	1,0512	0,2528	0,1685	1,0942	4,314	-0,431	4,254	-20,36	-7,94	-20,17	-9,85
30/09/2026 13:01:07	V2.00	6	horario	15000	8	31,432	1,187	37,304	0,9143	0,2676	0,2554	0,9863	2,263	0,727	0,435	-19,90	-9,35	-21,16	-10,25
30/09/2026 13:01:08	V2.00	6	horario	15000	9	31,428	1,184	37,209	0,9911	0,1320	0,2225	1,0243	2,172	-1,626	4,486	-19,99	-9,38	-20,69	-9,71
30/09/2026 13:01:09	V2.00	6	horario	15000	10	31,361	1,195	37,472	0,9091	0,2320	0,1036	0,9439	-0,033	4,406	2,409	-19,21	-7,67	-19,97	-9,33
30/09/2026 13:01:10	V2.00	6	horario	15000	11	31,363	1,220	38,249	0,9742	0,4121	0,2463	1,0861	8,030	0,192	3,724	-18,98	-8,37	-21,41	-11,24
30/09/2026 13:01:11	V2.00	6	horario	15000	12	31,349	1,216	38,116	0,9572	0,2534	0,3062	1,0364	-1,929	3,946	-0,658	-19,68	-7,58	-20,43	-9,51
30/09/2026 13:01:12	V2.00	6	horario	15000	13	31,302	1,209	37,851	0,9830	0,1828	0,2796	1,0382	1,961	-2,891	1,996	-20,34	-9,71	-21,04	-9,06
30/09/2026 13:01:13	V2.00	6	horario	15000	14	31,404	1,211	38,041	0,9414	0,2801	0,3577	1,0453	4,584	2,386	1,826	-20,83	-9,99	-21,33	-10,91
30/09/2026 13:01:14	V2.00	6	horario	15000	15	31,351	1,183	37,100	0,8825	0,2333	0,2655	0,9506	0,838	0,805	-0,878	-19,35	-7,79	-20,90	-9,73
30/09/2026 13:01:15	V2.00	6	horario	15000	16	31,333	1,211	37,945	0,8897	0,2430	0,2216	0,9485	3,893	-2,890	0,288	-19,66	-9,27	-20,26	-9,24
30/09/2026 13:01:16	V2.00	6	horario	15000	17	31,411	1,236	38,833	0,8737	0,1908	0,4523	1,0022	2,190	-4,317	-1,265	-21,66	-10,01	-20,66	-10,38
30/09/2026 13:01:17	V2.00	6	horario	15000	18	31,378	1,227	38,513	0,8562	0,1641	0,2552	0,9084	0,944	-0,164	-3,036	-19,87	-8,43	-20,89	-9,73
30/09/2026 13:01:18	V2.00	6	horario	15000	19	31,411	1,192	37,448	1,0020	0,2285	0,2592	1,0599	5,625	-1,271	3,763	-19,13	-8,92	-20,35	-11,10
30/09/2026 13:01:19	V2.00	6	horario	15000	20	31,455	1,216	38,243	0,9216	0,3263	0,2140	1,0008	1,797	1,965	-2,645	-20,07	-8,90	-20,15	-8,15
30/09/2026 13:01:20	V2.00	6	horario	15000	21	31,457	1,214	38,202	0,8181	0,1781	0,3196	0,8962	-1,131	-0,249	1,130	-19,12	-8,63	-21,15	-10,19
30/09/2026 13:01:21	V2.00	6	horario	15000	22	31,418	1,212	38,082	1,0382	0,1981	0,2778	1,0928	4,058	-0,441	2,433	-19,91	-8,76	-20,33	-9,03
30/09/2026 13:01:22	V2.00	6	horario	15000	23	31,369	1,205	37,801	1,0496	0,2913	0,2035	1,1081	3,370	-5,572	-1,242	-19,42	-8,33	-20,88	-12,29
30/09/2026 13:01:23	V2.00	6	horario	15000	24	31,381	1,220	38,274	1,0002	0,3126	0,2563	1,0788	2,469	-2,864	-0,282	-20,76	-10,63	-21,91	-9,70
30/09/2026 13:01:24	V2.00	6	horario	15000	25	31,387	1,218	38,227	0,9366	0,1336	0,3308	1,0023	-2,748	-0,842	0,108	-19,86	-10,33	-21,24	-10,88
30/09/2026 13:01:25	V2.00	6	horario	15000	26	31,363	1,203	37,731	1,0331	0,1711	0,2896	1,0864	3,312	3,097	-0,096	-19,53	-8,18	-20,90	-11,11
30/09/2026 13:01:26	V2.00	6	horario	15000	27	31,268	1,220	38,158	0,9980	0,2809	0,2359	1,0633	6,773	-0,596	1,344	-19,64	-8,90	-19,77	-9,29
30/09/2026 13:01:27	V2.00	6	horario	15000	28	31,325	1,238	38,780	0,9974	0,2794	0,4726	1,1385	3,745	-2,786	-0,259	-20,58	-9,91	-21,04	-10,51
30/09/2026 13:01:28	V2.00	6	horario	15000	29	31,330	1,239	38,806	0,9894	0,2353	0,3192	1,0660	4,125	1,317	2,031	-19,92	-8,32	-20,40	-9,27
30/09/2026 13:01:29	V2.00	6	horario	15000	30	31,389	1,238	38,850	0,9389	0,2754	0,2969	1,0226	1,315	-1,500	-0,670	-20,30	-9,82	-21,67	-10,46
30/09/2026 13:01:35	V2.00	6	anti-horario	15000	1	31,893	0,892	28,456	0,8010	0,2917	0,2337	0,8839	4,078	0,563	-0,251	-20,06	-7,99	-20,81	-9,83
30/09/2026 13:01:36	V2.00	6	anti-horario	15000	2	31,762	0,999	31,720	1,0134	0,1339	0,3426	1,0780	1,709	2,461	-2,279	-20,71	-10,48	-19,61	-7,70
30/09/2026 13:01:37	V2.00	6	anti-horario	15000	3	31,627	1,050	33,221	0,9671	0,1654	0,2691	1,0174	0,085	-0,428	2,656	-19,85	-8,17	-21,69	-10,69
30/09/2026 13:01:38	V2.00	6	anti-horario	15000	4	31,531	1,120	35,302	0,9591	0,1742	0,3901	1,0500	2,855	0,388	-0,803	-19,29	-9,53	-21,11	-10,66
30/09/2026 13:01:39	V2.00	6	anti-horario	15000	5	31,580	1,158	36,567	0,9534	0,3393	0,3186	1,0610	2,207	0,169	1,106	-20,50	-9,25	-20,80	-11,15
30/09/2026 13:01:40	V2.00	6	anti-horario	15000	6	31,472	1,167	36,741	1,0368	0,1301	0,2452	1,0733	1,647	3,096	0,137	-18,92	-8,25	-20,40	-9,21
30/09/2026 13:01:41	V2.00	6	anti-horario	15000	7	31,440	1,204	37,850	0,8834	0,1965	0,2996	0,9533	6,087	-5,125	3,824	-20,08	-11,49	-21,93	-12,15
30/09/2026 13:01:42	V2.00	6	anti-horario	15000	8	31,441	1,204	37,843	1,0112	0,2143	0,1980	1,0524	1,826	0,687	0,850	-20,47	-9,97	-20,26	-9,95
30/09/2026 13:01:43	V2.00	6	anti-horario	15000	9	31,403	1,230	38,641	0,9614	0,2049	0,3302	1,0369	8,471	1,145	3,458	-19,38	-8,36	-21,16	-11,19
30/09/2026 13:01:44	V2.00	6	anti-horario	15000	10	31,411	1,212	38,069	0,9438	0,2013	0,2513	0,9972	4,284	0,289	-4,597	-20,45	-9,25	-21,71	-10,31
30/09/2026 13:01:45	V2.00	6	anti-horario	15000	11	31,428	1,215	38,171	0,9860	0,2194	0,1960	1,0290	4,829	2,727	2,717	-20,37	-9,76	-20,09	-8,57
30/09/2026 13:01:46	V2.00	6	anti-horario	15000	12	31,385	1,227	38,498	0,8126	0,2304	0,2759	0,8886	1,834	5,166	-2,772	-20,34	-9,79	-21,34	-9,52
30/09/2026 13:01:47	V2.00	6	anti-horario	15000	13	31,482	1,222	38,472	0,9230	0,1748	0,3549	1,0042	5,815	0,324	-3,380	-20,78	-9,34	-20,70	-11,35
30/09/2026 13:01:48	V2.00	6	anti-horario	15000	14	31,390	1,259	39,509	0,9559	0,3468	0,3122	1,0637	0,081	-0,161	-0,085	-20,57	-8,37	-21,38	-11,16
30/09/2026 13:01:49	V2.00	6	anti-horario	15000	15	31,458	1,229	38,667	0,9683	0,2865	0,2311	1,0359	4,377	-4,721	1,393	-21,48	-9,80	-20,94	-9,44
30/09/2026 13:01:50	V2.00	6	anti-horario	15000	16	31,338	1,219	38,204	0,9252	0,2621	0,1379	0,9715	2,866	1,410	-0,486	-19,68	-9,12	-20,67	-11,21
30/09/2026 13:01:51	V2.00	6	anti-horario	15000	17	31,409	1,223	38,414	0,9324	0,2811	0,3621	1,0390	2,801	2,041	-3,506	-19,85	-7,87	-20,84	-10,27
30/09/2026 13:01:52	V2.00	6	anti-horario	15000	18	31,389	1,254	39,353	0,9640	0,1779	0,4359	1,0728	0,096	0,432	1,151	-19,84	-8,99	-20,91	-10,10
30/09/2026 13:01:53	V2.00	6	anti-horario	15000	19	31,345	1,270	39,821	0,9557	0,2888	0,2482	1,0288	1,978	-0,584	-3,780	-20,10	-8,16	-21,04	-11,00
30/09/2026 13:01:54	V2.00	6	anti-horario	15000	20	31,372	1,225	38,429	1,0638	0,1935	0,3065	1,1238	5,422	0,220	-3,330	-20,82	-10,83	-20,28	-8,97
30/09/2026 13:01:55	V2.00	6	anti-horario	15000	21	31,406	1,244	39,077	1,0007	0,1893	0,2066	1,0391	4,759	-1,036	-6,900	-19,61	-8,24	-21,42	-9,31
30/09/2026 13:01:56	V2.00	6	anti-horario	15000	22	31,401	1,254	39,366	0,9800	0,3532	0,2010	1,0609	2,879	2,350	-0,245	-19,31	-6,65	-21,06	-8,36
30/09/2026 13:01:57	V2.00	6	anti-horario	15000	23	31,414	1,247	39,177	1,0475	0,1728	0,1847	1,0776	6,167	1,312	-0,339	-19,99	-9,15	-22,23	-11,83
30/09/2026 13:01:58	V2.00	6	anti-horario	15000	24	31,446	1,254	39,427	1,0075	0,2757	0,1727	1,0587	4,436	2,236	3,488	-18,73	-8,04	-21,82	-11,41
30/09/2026 13:01:59	V2.00	6	anti-horario	15000	25	31,409	1,239	38,919	0,9548	0,3168	0,1984	1,0253	0,193	-2,063	-0,687	-20,74	-9,87	-20,83	-10,46
30/09/2026 13:02:00	V2.00	6	anti-horario	15000	26	31,444	1,238	38,929	1,0391	0,2373	0,2684	1,0991	1,437	0,582	2,102	-20,25	-9,90	-20,49	-8,88
30/09/2026 13:02:01	V2.00	6	anti-horario	15000	27	31,371	1,252	39,269	0,9740	0,3489	0,1950	1,0528	-0,938	-1,002	-3,350	-20,83	-9,83	-20,43	-9,81
30/09/2026 13:02:02	V2.00	6	anti-horario	15000	28	31,381	1,230	38,599	1,0773	0,2022	0,1841	1,1114	4,970	0,039	5,551	-20,32	-8,45	-20,29	-9,71
30/09/2026 13:02:03	V2.00	6	anti-horario	15000	29	31,363	1,250	39,208	1,0074	0,1583	0,1967	1,0385	-3,695	2,148	-0,431	-20,10	-9,98	-21,81	-11,20
30/09/2026 13:02:04	V2.00	6	anti-horario	15000	30	31,366	1,241	38,919	1,0079	0,3975	0,2687	1,1163	5,800	-1,558	-4,105	-20,21	-9,20	-21,76	-11,38
30/09/2026 13:02:10	V2.00	6	horario	20000	1	31,732	0,829	26,299	0,9281	0,1223	0,3401	0,9959	0,627	4,001	-2,038	-18,82	-7,35	-19,09	-7,48
30/09/2026 13:02:11	V2.00	6	horario	20000	2	31,704	0,902	28,599	1,0282	0,2656	0,2589	1,0930	-1,609	2,469	0,382	-18,75	-8,89	-18,53	-6,22
30/09/2026 13:02:12	V2.00	6	horario	20000	3	31,620	0,964	30,495	0,9392	0,1200	0,2591	0,9816	3,944	2,710	-0,368	-19,82	-7,17	-20,22	-10,10
30/09/2026 13:02:13	V2.00	6	horario	20000	4	31,630	0,993	31,395	0,9558	0,2988	0,2060	1,0224	7,868	0,836	1,688	-18,66	-6,40	-18,90	-8,01
30/09/2026 13:02:14	V2.00	6	horario	20000	5	31,600	1,031	32,581	1,0296	0,2882	0,1867	1,0853	3,567	0,623	-2,412	-18,29	-7,34	-19,21	-8,27
30/09/2026 13:02:15	V2.00	6	horario	20000	6	31,477	1,059	33,328	0,9809	0,1998	0,4772	1,1090	-1,497	-1,224	-1,328	-17,28	-5,93	-20,09	-8,89
30/09/2026 13:02:16	V2.00	6	horario	20000	7	31,475	1,100	34,627	1,0648	0,2148	0,2851	1,1231	-2,916	0,909	-2,227	-18,61	-7,29	-20,31	-10,67
30/09/2026 13:02:17	V2.00	6	horario	20000	8	31,449	1,076	33,826	0,9037	0,3401	0,3159	1,0159	6,486	5,466	-2,161	-17,60	-6,00	-20,18	-9,57
30/09/2026 13:02:18	V2.00	6	horario	20000	9	31,383	1,112	34,900	1,0437	0,3214	0,2868	1,1291	3,312	2,244	1,198	-18,18	-6,50	-19,18	-9,48
30/09/2026 13:02:19	V2.00	6	horario	20000	10	31,415	1,088	34,193	0,9916	0,3781	0,2330	1,0865	3,297	2,960	-6,201	-18,81	-10,13	-19,08	-8,86
30/09/2026 13:02:20	V2.00	6	horario	20000	11	31,470	1,129	35,523	0,9992	0,3188	0,2868	1,0873	4,633	-0,385	0,611	-18,88	-6,66	-18,54	-6,44
30/09/2026 13:02:21	V2.00	6	horario	20000	12	31,391	1,103	34,614	1,0696	0,2924	0,2956	1,1476	0,923	1,928	-3,136	-18,12	-5,81	-18,47	-6,91
30/09/2026 13:02:22	V2.00	6	horario	20000	13	31,339	1,122	35,171	1,1369	0,1822	0,2654	1,1816	7,310	2,525	7,988	-18,94	-6,96	-19,89	-9,85
30/09/2026 13:02:23	V2.00	6	horario	20000	14	31,396	1,120	35,164	1,0508	0,2979	0,3057	1,1342	1,644	4,391	12,811	-18,09	-8,12	-19,24	-8,75
30/09/2026 13:02:24	V2.00	6	horario	20000	15	31,393	1,114	34,978	0,9687	0,3887	0,3673	1,1065	2,404	-3,170	4,423	-18,53	-6,96	-20,34	-8,52
30/09/2026 13:02:25	V2.00	6	horario	20000	16	31,282	1,111	34,744	0,9614	0,3073	0,2298	1,0351	0,304	2,869	-1,211	-18,17	-8,26	-19,97	-8,36
30/09/2026 13:02:26	V2.00	6	horario	20000	17	31,415	1,138	35,735	0,9285	0,1880	0,3761	1,0192	-1,852	4,505	4,370	-17,98	-7,64	-19,71	-8,88
30/09/2026 13:02:27	V2.00	6	horario	20000	18	31,337	1,110	34,774	1,0203	0,3006	0,1881	1,0802	5,010	2,017	4,961	-18,16	-6,78	-18,66	-6,88
30/09/2026 13:02:28	V2.00	6	horario	20000	19	31,337	1,123	35,179	0,9670	0,2310	0,3046	1,0398	4,879	1,824	-0,302	-18,94	-7,66	-18,64	-8,46
30/09/2026 13:02:29	V2.00	6	horario	20000	20	31,391	1,099	34,484	0,9728	0,2345	0,2252	1,0257	7,844	-3,007	2,454	-17,19	-6,21	-18,65	-8,56
30/09/2026 13:02:30	V2.00	6	horario	20000	21	31,332	1,119	35,050	0,9164	0,1939	0,2445	0,9681	2,581	2,114	-3,612	-18,91	-8,07	-19,40	-6,93
30/09/2026 13:02:31	V2.00	6	horario	20000	22	31,412	1,101	34,576	1,0026	0,2926	0,2602	1,0764	-0,886	6,085	-3,088	-18,10	-6,62	-19,18	-6,81
30/09/2026 13:02:32	V2.00	6	horario	20000	23	31,428	1,117	35,094	1,0563	0,2008	0,2828	1,1117	-1,134	-2,624	0,410	-18,28	-6,88	-20,32	-9,98
30/09/2026 13:02:33	V2.00	6	horario	20000	24	31,464	1,120	35,234	0,8824	0,2559	0,1985	0,9399	6,859	0,602	-0,223	-18,14	-8,18	-19,90	-8,58
30/09/2026 13:02:34	V2.00	6	horario	20000	25	31,345	1,109	34,750	1,0353	0,2910	0,1722	1,0891	0,968	-2,220	5,792	-17,96	-6,50	-19,55	-9,64
30/09/2026 13:02:35	V2.00	6	horario	20000	26	31,366	1,127	35,342	1,0053	0,2424	0,2893	1,0738	3,144	0,090	-0,674	-18,76	-7,43	-19,16	-8,00
30/09/2026 13:02:36	V2.00	6	horario	20000	27	31,341	1,110	34,795	1,0011	0,3648	0,2819	1,1022	1,616	1,300	-3,297	-17,71	-7,25	-19,19	-8,32
30/09/2026 13:02:37	V2.00	6	horario	20000	28	31,374	1,145	35,919	0,9542	0,2621	0,3148	1,0384	0,589	1,204	1,106	-19,43	-8,47	-19,15	-8,04
30/09/2026 13:02:38	V2.00	6	horario	20000	29	31,402	1,129	35,456	1,0743	0,1580	0,2433	1,1128	4,980	2,100	1,683	-16,85	-4,94	-18,93	-8,18
30/09/2026 13:02:39	V2.00	6	horario	20000	30	31,350	1,121	35,128	1,0255	0,2817	0,3015	1,1054	2,231	-0,566	-0,311	-18,07	-7,87	-18,80	-7,19
30/09/2026 13:02:45	V2.00	6	anti-horario	20000	1	31,797	0,826	26,259	0,9550	0,3721	0,2374	1,0521	3,457	2,493	-2,477	-18,54	-7,95	-19,46	-8,81
30/09/2026 13:02:46	V2.00	6	anti-horario	20000	2	31,764	0,903	28,684	1,0142	0,2745	0,1610	1,0630	4,520	-3,810	2,210	-18,80	-8,84	-19,29	-8,20
30/09/2026 13:02:47	V2.00	6	anti-horario	20000	3	31,667	0,967	30,614	0,9226	0,2855	0,3074	1,0135	-4,695	6,888	1,899	-18,08	-8,57	-19,39	-7,85
30/09/2026 13:02:48	V2.00	6	anti-horario	20000	4	31,530	1,035	32,630	0,9529	0,2686	0,2096	1,0120	5,597	-3,108	7,256	-17,16	-5,14	-18,32	-7,39
30/09/2026 13:02:49	V2.00	6	anti-horario	20000	5	31,572	1,060	33,453	0,8488	0,3672	0,3580	0,9918	2,802	-3,223	-1,579	-19,59	-9,88	-18,73	-7,50
30/09/2026 13:02:50	V2.00	6	anti-horario	20000	6	31,439	1,064	33,458	0,9886	0,2240	0,3354	1,0677	-1,055	-1,763	-7,199	-19,81	-7,14	-18,22	-7,15
30/09/2026 13:02:51	V2.00	6	anti-horario	20000	7	31,417	1,099	34,519	1,0381	0,2099	0,2885	1,0977	2,860	-1,175	-1,392	-18,32	-6,96	-19,89	-9,26
30/09/2026 13:02:52	V2.00	6	anti-horario	20000	8	31,448	1,137	35,744	0,9569	0,3217	0,1302	1,0179	1,432	0,686	6,251	-19,68	-7,51	-19,36	-8,99
30/09/2026 13:02:53	V2.00	6	anti-horario	20000	9	31,419	1,130	35,499	0,9844	0,3721	0,3050	1,0957	7,043	-0,523	-2,060	-18,64	-7,25	-20,00	-9,30
30/09/2026 13:02:54	V2.00	6	anti-horario	20000	10	31,388	1,139	35,746	0,8808	0,3101	0,2327	0,9623	6,516	-0,625	2,222	-18,39	-7,30	-18,85	-9,18
30/09/2026 13:02:55	V2.00	6	anti-horario	20000	11	31,466	1,135	35,704	1,0316	0,3038	0,2097	1,0956	0,046	2,645	-0,696	-17,94	-6,12	-19,41	-8,07
30/09/2026 13:02:56	V2.00	6	anti-horario	20000	12	31,425	1,134	35,628	0,9881	0,3430	0,2658	1,0792	4,557	0,745	0,639	-17,47	-6,40	-18,58	-7,41
30/09/2026 13:02:57	V2.00	6	anti-horario	20000	13	31,373	1,139	35,737	0,9941	0,3163	0,3284	1,0937	-0,561	3,648	-0,027	-19,09	-6,92	-18,50	-7,29
30/09/2026 13:02:58	V2.00	6	anti-horario	20000	14	31,441	1,155	36,312	1,0789	0,3068	0,1664	1,1339	9,171	3,925	-1,340	-19,12	-8,34	-19,00	-7,73
30/09/2026 13:02:59	V2.00	6	anti-horario	20000	15	31,441	1,136	35,722	0,8829	0,2801	0,2284	0,9540	3,356	-3,591	-0,537	-18,07	-7,70	-18,94	-8,87
30/09/2026 13:03:00	V2.00	6	anti-horario	20000	16	31,404	1,154	36,238	1,0016	0,2101	0,2932	1,0646	7,587	1,240	-4,845	-18,38	-8,41	-18,07	-7,05
30/09/2026 13:03:01	V2.00	6	anti-horario	20000	17	31,391	1,148	36,024	0,9852	0,3389	0,2766	1,0779	6,885	0,233	-0,842	-18,90	-7,68	-20,39	-7,75
30/09/2026 13:03:02	V2.00	6	anti-horario	20000	18	31,424	1,157	36,355	0,9378	0,2309	0,3468	1,0262	9,167	5,242	2,762	-18,48	-8,08	-19,17	-9,33
30/09/2026 13:03:03	V2.00	6	anti-horario	20000	19	31,345	1,148	35,974	0,9472	0,1354	0,2671	0,9934	1,906	-3,059	-0,905	-18,69	-6,95	-19,67	-10,19
30/09/2026 13:03:04	V2.00	6	anti-horario	20000	20	31,301	1,147	35,909	0,9775	0,2815	0,2280	1,0425	0,036	0,577	-1,128	-17,57	-6,61	-19,49	-6,51
30/09/2026 13:03:05	V2.00	6	anti-horario	20000	21	31,391	1,156	36,277	1,0204	0,3070	0,2926	1,1050	3,505	0,913	-1,547	-18,30	-6,34	-18,08	-6,84
30/09/2026 13:03:06	V2.00	6	anti-horario	20000	22	31,443	1,134	35,669	0,9497	0,3239	0,3860	1,0751	0,495	-0,909	7,056	-18,44	-7,28	-18,21	-7,01
30/09/2026 13:03:07	V2.00	6	anti-horario	20000	23	31,385	1,162	36,459	1,0759	0,1693	0,2425	1,1158	5,755	0,196	-1,289	-17,89	-7,25	-18,64	-7,47
30/09/2026 13:03:08	V2.00	6	anti-horario	20000	24	31,340	1,134	35,544	0,9797	0,2524	0,1946	1,0302	0,666	-2,723	1,670	-19,68	-10,17	-19,91	-8,57
30/09/2026 13:03:09	V2.00	6	anti-horario	20000	25	31,310	1,148	35,947	1,0979	0,3805	0,1291	1,1691	3,831	-2,486	-3,473	-18,57	-7,09	-18,56	-8,14
30/09/2026 13:03:10	V2.00	6	anti-horario	20000	26	31,435	1,114	35,019	0,9113	0,1857	0,2761	0,9701	2,267	0,159	-0,295	-18,49	-7,37	-18,98	-8,20
30/09/2026 13:03:11	V2.00	6	anti-horario	20000	27	31,420	1,160	36,450	0,9266	0,2454	0,3606	1,0242	-0,541	6,231	-3,928	-18,71	-5,96	-19,87	-9,27
30/09/2026 13:03:12	V2.00	6	anti-horario	20000	28	31,375	1,142	35,835	0,9775	0,2244	0,2596	1,0359	-8,111	0,778	0,306	-17,88	-7,03	-18,51	-6,86
30/09/2026 13:03:13	V2.00	6	anti-horario	20000	29	31,345	1,159	36,336	0,9253	0,1576	0,2555	0,9728	7,269	1,165	4,919	-18,95	-8,47	-18,67	-7,49
30/09/2026 13:03:14	V2.00	6	anti-horario	20000	30	31,411	1,158	36,363	0,9896	0,1923	0,3387	1,0634	8,303	-1,221	-5,476	-18,20	-7,31	-19,50	-8,05
