timestamp	firmware	ensaio	sentido	frequencia_hz	segundo	tensao_v	corrente_a	potencia_w	accel_x_g	accel_y_g	accel_z_g	accel_resultante_g	gyro_x_dps	gyro_y_dps	gyro_z_dps	audio1_dbfs	audio1_peak_dbfs	audio2_dbfs	audio2_peak_dbfs
30/09/2026 10:59:07	V0.04	1	HORARIO	15000	1	32,603	0,486	17,507	0,0749	0,0141	0,9339	0,937	2,608	3,648	4,869	-25,36	-14,4	-25,14	-14,65
30/09/2026 10:59:08	V0.04	1	HORARIO	15000	2	32,607	0,525	17,41	0,0493	0,0045	0,9387	0,94	1,863	1,191	0,802	-23,77	-14,91	-26,57	-14,47
30/09/2026 10:59:11	V0.04	1	HORARIO	15000	3	32,593	0,512	17,41	0,0695	0,0203	0,9629	0,9656	2,443	0,962	2,336	-23,72	-16,31	-26,06	-15,99
30/09/2026 10:59:13	V0.04	1	HORARIO	15000	4	32,599	0,54	17,215	0,0682	0,001	0,9312	0,9336	1,962	0,71	0,916	-25,47	-17,86	-25,12	-15,24
30/09/2026 10:59:15	V0.04	1	HORARIO	15000	5	32,612	0,505	17,021	0,0701	0,0118	0,9338	0,9365	3,924	1,969	1,969	-26,52	-18,06	-24,64	-16,54
30/09/2026 10:59:17	V0.04	1	HORARIO	15000	6	32,599	0,557	17,799	0,076	0,0125	0,9462	0,9493	1,985	0,794	0,84	-25,01	-17,31	-26,39	-17,16
30/09/2026 10:59:20	V0.04	1	HORARIO	15000	7	32,597	0,555	17,702	0,0765	0,0135	0,9526	0,9558	1,802	0,458	1,252	-24,37	-16,09	-26,77	-17,47
30/09/2026 10:59:21	V0.04	1	HORARIO	15000	8	32,607	0,538	19,161	0,0735	0,0087	0,9177	0,9207	3,924	1,969	1,969	-26,52	-18,03	-26,1	-17,69
30/09/2026 10:59:23	V0.04	1	HORARIO	15000	9	32,612	0,504	16,632	0,0469	0,0022	0,9303	0,9315	1,824	0,817	1	-24,92	-16,45	-24,62	-15,49
30/09/2026 10:59:25	V0.04	1	HORARIO	15000	10	32,599	0,573	18,188	0,0475	0,0023	0,9321	0,9333	1,931	0,985	1,099	-25,75	-17,22	-25,33	-16,65
30/09/2026 10:59:27	V0.04	1	HORARIO	15000	11	32,606	0,541	17,41	0,0597	0,0051	0,9119	0,9138	1,511	0,336	1,076	-25,73	-17,93	-26,38	-17,19
30/09/2026 10:59:30	V0.04	1	HORARIO	15000	12	32,612	0,543	17,507	0,0526	0,0089	0,9233	0,9249	1,695	0,092	0,992	-25,52	-16,51	-25,16	-16,23
30/09/2026 10:59:31	V0.04	1	HORARIO	15000	13	32,619	0,521	18,577	0,0596	0,002	0,9467	0,9485	2,229	0,481	1,076	-26,21	-17,89	-26,02	-16,12
30/09/2026 10:59:33	V0.04	1	HORARIO	15000	14	32,609	0,557	17,799	0,0294	0,0004	0,9353	0,9358	1,771	0,099	1,382	-24,51	-16,83	-25,72	-15,52
30/09/2026 10:59:35	V0.04	1	HORARIO	15000	15	32,615	0,503	16,924	0	0	0	0	0	0	0	-25,45	-18,23	-26,36	-16,77
30/09/2026 10:59:38	V0.04	1	HORARIO	15000	16	32,62	0,54	17,896	0,0598	0,0038	0,9438	0,9457	1,817	0,252	1,168	-25,21	-17,47	-26,26	-16,65
30/09/2026 10:59:39	V0.04	1	HORARIO	15000	17	32,621	0,539	17,702	0,063	0,0153	0,8436	0,8461	1,969	1,969	1,969	-27,48	-18,99	-24,98	-16,57
30/09/2026 10:59:41	V0.04	1	HORARIO	15000	18	32,614	0,578	18,285	0,0449	0,0161	0,9618	0,963	1,832	0,611	1,176	-26,32	-17,44	-25,78	-16,57
30/09/2026 10:59:44	V0.04	1	HORARIO	15000	19	32,626	0,53	17,41	0,0548	0,0162	0,9066	0,9084	2,015	0,313	1,221	-25,98	-17,16	-27,11	-19,14
30/09/2026 10:59:46	V0.04	1	HORARIO	15000	20	32,618	0,524	18,772	0,0844	0,0071	0,9092	0,9131	1,901	0,366	1,023	-25,4	-16,15	-24,73	-17,04
30/09/2026 10:59:52	V0.04	1	ANTIHORARIO	15000	1	32,617	0,487	15,854	0,1002	0,0125	0,9242	0,9297	3,929	6,771	4,239	-26,72	-17,34	-26,49	-16,45
30/09/2026 10:59:54	V0.04	1	ANTIHORARIO	15000	2	32,627	0,505	15,757	0,053	0,0189	0,9106	0,9124	1,748	0,534	2,069	-26,9	-20,03	-26,35	-18,44
30/09/2026 10:59:56	V0.04	1	ANTIHORARIO	15000	3	32,624	0,478	16,34	0,0743	0,0051	0,9276	0,9306	1,832	0,122	1,687	-26,38	-19,66	-26,54	-18,27
30/09/2026 10:59:59	V0.04	1	ANTIHORARIO	15000	4	32,618	0,471	16,535	0,0449	0,0126	0,9447	0,9459	1,84	0,695	0,397	-26,28	-19,99	-27	-18,73
30/09/2026 11:00:00	V0.04	1	ANTIHORARIO	15000	5	32,628	0,499	16,535	0,0665	0,0198	0,9169	0,9195	2,214	0,191	0,962	-26,44	-19,5	-26,96	-18,88
30/09/2026 11:00:03	V0.04	1	ANTIHORARIO	15000	6	32,629	0,477	15,757	0,0684	0,0042	0,9497	0,9522	1,992	0,389	0,756	-26,69	-19,95	-26,92	-18,91
30/09/2026 11:00:04	V0.04	1	ANTIHORARIO	15000	7	32,615	0,481	15,854	0,0586	0,0151	0,9381	0,9401	1,786	0,42	1,107	-26,78	-19,82	-27,4	-19,66
30/09/2026 11:00:07	V0.04	1	ANTIHORARIO	15000	8	32,621	0,501	16,729	0,0531	0,0166	0,9335	0,9351	2,031	0,511	0,855	-27,34	-19,07	-26,6	-19,14
30/09/2026 11:00:08	V0.04	1	ANTIHORARIO	15000	9	32,628	0,513	16,826	0,0554	0,0123	0,9316	0,9334	1,878	0,557	1	-26,89	-19,26	-26,72	-19,99
30/09/2026 11:00:13	V0.04	1	ANTIHORARIO	15000	11	32,617	0,483	16,34	0,0651	0,002	0,9468	0,949	1,809	1,969	1,969	-26,38	-18,06	-26,68	-18,99
30/09/2026 11:00:15	V0.04	1	ANTIHORARIO	15000	12	32,629	0,497	15,854	0,0557	0,0062	0,9257	0,9274	1,947	0,015	1,969	-27,53	-21,31	-26,76	-19,78
30/09/2026 11:00:17	V0.04	1	ANTIHORARIO	15000	13	32,632	0,478	15,367	0,0753	0,0007	0,9414	0,9444	2,13	0,786	1,023	-26,99	-19,91	-26,58	-19,07
30/09/2026 11:00:18	V0.04	1	ANTIHORARIO	15000	14	32,624	0,49	15,854	0,0646	0,0193	0,958	0,9604	2,061	0,672	1,031	-27,1	-18,69	-26,26	-19,34
30/09/2026 11:00:21	V0.04	1	ANTIHORARIO	15000	10	32,624	0,486	16,048	0,0684	0,0215	0,9612	0,9638	1,672	0,313	1,153	-26,92	-19,62	-26,76	-19,7
30/09/2026 11:00:22	V0.04	1	ANTIHORARIO	15000	15	32,619	0,509	16,924	0,0626	0,0015	0,9288	0,9309	1,908	0,061	0,855	-25,49	-17,16	-25,63	-17,28
30/09/2026 11:00:22	V0.04	1	ANTIHORARIO	15000	16	32,627	0,468	17,021	0,0698	0,0138	0,9548	0,9575	2,053	0,588	0,901	-26,93	-19,86	-27,13	-19,14
30/09/2026 11:00:25	V0.04	1	ANTIHORARIO	15000	17	32,626	0,494	16,243	0,0702	0,0024	0,9376	0,9402	1,969	0,29	0,901	-27,09	-20,74	-26,73	-19,54
30/09/2026 11:00:26	V0.04	1	ANTIHORARIO	15000	18	32,629	0,466	16,924	0,0695	0,0029	0,9332	0,9358	1,733	0,672	1,168	-26,34	-19,14	-26,97	-20,03
30/09/2026 11:00:28	V0.04	1	ANTIHORARIO	15000	19	32,622	0,512	16,632	0,0719	0,0161	0,9442	0,9471	2,084	1,397	1,122	-26,22	-18,95	-26,18	-18,51
30/09/2026 11:00:30	V0.04	1	ANTIHORARIO	15000	20	32,626	0,482	16,048	0,0754	0,0145	0,9043	0,9076	1,939	0,649	0,802	-26,22	-18,58	-26,55	-17,86
30/09/2026 11:00:37	V0.04	1	HORARIO	20000	1	32,633	0,53	18,383	0,0681	0,0133	0,9263	0,9289	2,787	6,268	4,762	-26,12	-14,27	-25,78	-14,1
30/09/2026 11:00:38	V0.04	1	HORARIO	20000	2	32,627	0,53	18,383	0,094	0,0033	0,9271	0,9319	2,779	0,786	0,13	-25,92	-18,84	-27,76	-18,88
30/09/2026 11:00:40	V0.04	1	HORARIO	20000	3	32,612	0,546	18,966	0,0626	0,0043	0,9569	0,959	1,718	0,626	0,489	-26,32	-18,55	-26,4	-18,88
30/09/2026 11:00:42	V0.04	1	HORARIO	20000	4	32,635	0,51	16,535	0,0597	0,0083	0,968	0,9699	2,069	0,489	1,282	-26,71	-19,14	-26,32	-18,09
30/09/2026 11:00:44	V0.04	1	HORARIO	20000	5	32,628	0,545	17,604	0,0604	0,0096	0,9675	0,9695	1,649	0,786	1,015	-26,33	-19,34	-26,58	-17,01
30/09/2026 11:00:47	V0.04	1	HORARIO	20000	6	32,634	0,502	17,896	0,0624	0,0157	0,0157	0,0662	1,969	1,969	1,969	-26,65	-18,51	-26,32	-16,95
30/09/2026 11:00:48	V0.04	1	HORARIO	20000	7	32,616	0,567	17,994	0,0627	0,007	0,9347	0,9368	1,672	0,092	1,206	-26,54	-19,82	-27,23	-19,18
30/09/2026 11:00:50	V0.04	1	HORARIO	20000	8	32,629	0,509	17,702	0,0464	0,0183	0,9056	0,907	1,817	0,282	0,924	-26,25	-19,62	-26,33	-17,16
30/09/2026 11:00:51	V0.04	1	HORARIO	20000	9	32,628	0,537	17,507	0,0637	0,0046	0,9226	0,9248	2,221	0,092	1,053	-27,18	-18,51	-26,37	-19,07
30/09/2026 11:00:54	V0.04	1	HORARIO	20000	10	32,618	0,557	17,799	0	0	0	0	0	0	0	-26,15	-17,76	-26,53	-17,96
30/09/2026 11:00:55	V0.04	1	HORARIO	20000	11	32,621	0,552	19,355	0,0554	0,0084	0,9182	0,9199	1,924	1,153	0,977	-27,39	-18,95	-25,7	-19,1
30/09/2026 11:00:58	V0.04	1	HORARIO	20000	12	32,63	0,524	18,48	0,0601	0,0221	0,9725	0,9746	1,779	0,557	1,191	-25,52	-17,86	-26,71	-17,86
30/09/2026 11:00:59	V0.04	1	HORARIO	20000	13	32,63	0,529	18,188	0,0455	0,004	0,9491	0,9502	2,374	0,939	1,076	-25,11	-15,83	-26,62	-17,47
30/09/2026 11:01:01	V0.04	1	HORARIO	20000	14	32,634	0,527	19,063	0,0557	0,0051	0,9591	0,9607	2,214	0,214	0,992	-26,21	-18,95	-26,47	-17,41
30/09/2026 11:01:04	V0.04	1	HORARIO	20000	15	32,634	0,557	17,896	0,042	0,0082	0,9312	0,9321	1,817	0,863	1,29	-26,76	-18,51	-25,79	-16,98
30/09/2026 11:01:05	V0.04	1	HORARIO	20000	16	32,618	0,526	19,161	0,0839	0,0077	0,9302	0,934	1,573	0,565	1,092	-26,6	-18,77	-26,94	-18,99
30/09/2026 11:01:07	V0.04	1	HORARIO	20000	17	32,63	0,526	19,161	0,0491	0,0154	0,9652	0,9666	1,481	1,725	1,229	-25,72	-18,03	-26,86	-18,95
30/09/2026 11:01:08	V0.04	1	HORARIO	20000	18	32,619	0,527	18,383	0,0546	0,014	0,9191	0,9208	1,672	1,557	1,351	-27,06	-18,48	-25,6	-16,74
30/09/2026 11:01:10	V0.04	1	HORARIO	20000	19	32,63	0,524	17,604	0,0574	0,0144	0,9249	0,9268	1,679	0,695	0,809	-27,21	-18,3	-24,88	-18,09
30/09/2026 11:01:12	V0.04	1	HORARIO	20000	20	32,628	0,551	17,41	0,071	0,0059	0,912	0,9148	2,137	1,069	1,031	-26,84	-18,69	-26,34	-19,46
30/09/2026 11:01:19	V0.04	1	ANTIHORARIO	20000	1	32,629	0,498	16,048	0,0813	0,0136	0,9269	0,9305	3,978	6,642	3,683	-26,71	-17,6	-26,59	-17,19
30/09/2026 11:01:21	V0.04	1	ANTIHORARIO	20000	2	32,621	0,502	15,854	0,0801	0,0117	0,9189	0,9225	1,443	2,046	2,855	-26,82	-19,78	-26,8	-18,95
30/09/2026 11:01:23	V0.04	1	ANTIHORARIO	20000	3	32,629	0,502	16,729	0	0	0	0	0	0	0	-26,52	-19,26	-26,86	-20,38
30/09/2026 11:01:25	V0.04	1	ANTIHORARIO	20000	4	32,618	0,506	16,535	0,0635	0,017	0,952	0,9543	1,687	0,58	0,618	-26,34	-18,23	-26,69	-18,16
30/09/2026 11:01:26	V0.04	1	ANTIHORARIO	20000	5	32,625	0,523	16,535	0,0719	0,0001	0,9488	0,9515	1,969	1,969	1,969	-26,74	-20,7	-26,93	-19,42
30/09/2026 11:01:28	V0.04	1	ANTIHORARIO	20000	6	32,633	0,5	16,632	0,0742	0,0043	0,9226	0,9256	2,115	0,985	1,115	-26,41	-18,44	-26,25	-18,62
30/09/2026 11:01:30	V0.04	1	ANTIHORARIO	20000	7	32,616	0,537	16,729	0,0658	0,0135	0,9261	0,9286	1,893	0,053	1,29	-27,06	-19,82	-26,36	-18,91
30/09/2026 11:01:32	V0.04	1	ANTIHORARIO	20000	8	32,63	0,504	17,021	0,0756	0,0099	0,9302	0,9333	1,756	0,573	0,695	-26,7	-19,07	-26,39	-18,41
30/09/2026 11:01:34	V0.04	1	ANTIHORARIO	20000	9	32,628	0,496	16,437	0,0696	0,0024	0,932	0,9346	1,611	0,191	1,191	-26,72	-19,74	-26,75	-18,13
30/09/2026 11:01:36	V0.04	1	ANTIHORARIO	20000	10	32,628	0,508	16,535	0,0765	0,0056	0,922	0,9252	2,137	1,023	0,771	-27,09	-19,99	-26,83	-19,07
30/09/2026 11:01:38	V0.04	1	ANTIHORARIO	20000	11	32,629	0,495	16,924	0,0641	0,0093	0,9144	0,9167	1,885	0,351	0,954	-26,97	-19,3	-26,92	-20,25
30/09/2026 11:01:39	V0.04	1	ANTIHORARIO	20000	12	32,622	0,517	16,437	0,0759	0,0074	0,9238	0,927	1,954	0,015	1,969	-27,32	-19,82	-26,11	-19,07
30/09/2026 11:01:41	V0.04	1	ANTIHORARIO	20000	13	32,626	0,517	16,34	0	0	0	0	0	0	0	-27,09	-20,34	-26,73	-18,84
30/09/2026 11:01:45	V0.04	1	ANTIHORARIO	20000	14	32,621	0,538	16,632	0,0504	0,0121	0,9353	0,9367	1,733	0,511	1,107	-26,55	-18,58	-26,67	-20,07
30/09/2026 11:01:45	V0.04	1	ANTIHORARIO	20000	15	32,625	0,525	17,215	0,0601	0,0146	0,9613	0,9633	1,908	0,26	1,16	-26,83	-19,95	-26,81	-19,95
30/09/2026 11:01:48	V0.04	1	ANTIHORARIO	20000	16	32,638	0,495	16,535	0,0685	0,0022	0,9543	0,9568	2,031	0,29	0,992	-26,63	-19,42	-26,91	-20,12
30/09/2026 11:01:49	V0.04	1	ANTIHORARIO	20000	17	32,631	0,511	17,313	0,0646	0,0006	0,9565	0,9587	2,046	0,214	1,084	-26,97	-19,42	-26,83	-18,88
30/09/2026 11:01:51	V0.04	1	ANTIHORARIO	20000	18	32,638	0,503	16,146	0,0645	0,0096	0,9463	0,9485	2,008	0,641	1,107	-27,01	-19,58	-26,43	-18,3
30/09/2026 11:01:53	V0.04	1	ANTIHORARIO	20000	19	32,628	0,494	15,951	0,0599	0,0139	0,9512	0,9532	2,122	0,122	1,13	-27,28	-20,2	-26,62	-19,14
30/09/2026 11:01:55	V0.04	1	ANTIHORARIO	20000	20	32,638	0,496	16,048	0,0686	0,0057	0,9591	0,9616	1,962	0,481	1,107	-27	-18,95	-26,36	-19,54
30/09/2026 11:09:33	V0.04	2	HORARIO	15000	1	32,51	0,803	24,996	0,1352	0,0745	0,9457	0,9582	4,036	8,733	5,02	-25,54	-15,7	-25,07	-14,43
30/09/2026 11:09:34	V0.04	2	HORARIO	15000	2	32,5	0,767	24,705	0,1427	0,0992	1,0721	1,0861	3,336	1,023	1,397	-26,83	-17,79	-25,21	-17,47
30/09/2026 11:09:36	V0.04	2	HORARIO	15000	3	32,518	0,766	25,677	0,1432	0,1005	1,0706	1,0848	1,969	1,969	1,969	-26,28	-17,66	-24,62	-16,12
30/09/2026 11:09:39	V0.04	2	HORARIO	15000	4	32,524	0,752	25,677	0,0101	0,0601	0,7924	0,7947	1,351	1,298	1,595	-26,62	-19,34	-25,24	-15,8
30/09/2026 11:09:39	V0.04	2	HORARIO	15000	5	32,518	0,739	25,483	0,0697	0,025	0,8696	0,8728	1,885	0,55	0,634	-26,73	-19,03	-25,15	-16,95
30/09/2026 11:09:42	V0.04	2	HORARIO	15000	6	32,516	0,749	25,872	0,0814	0,0348	0,8439	0,8485	2,031	0,092	1,511	-26,23	-18,37	-25,51	-16,98
30/09/2026 11:09:43	V0.04	2	HORARIO	15000	7	32,514	0,796	26,164	0,2281	0,0083	0,8766	0,9058	2,427	0	0,626	-26,13	-18,06	-25,65	-17,25
30/09/2026 11:09:45	V0.04	2	HORARIO	15000	8	32,519	0,78	24,607	0,2085	0,0322	0,9263	0,95	2,718	1,107	0,634	-26,25	-17,22	-25,26	-17,04
30/09/2026 11:09:47	V0.04	2	HORARIO	15000	9	32,529	0,758	24,802	0,0887	0,0021	0,9186	0,9229	1,481	0,176	1,053	-25,97	-16,86	-25,86	-17,13
30/09/2026 11:09:49	V0.04	2	HORARIO	15000	10	32,516	0,811	25,385	0,1266	0,0588	0,771	0,7835	2,069	1,305	1,031	-25,48	-17,83	-26,65	-18,69
30/09/2026 11:09:50	V0.04	2	HORARIO	15000	11	32,524	0,738	24,218	0,1321	0,1107	1,0868	1,1004	2,618	0,878	0,916	-25,52	-18,41	-25,26	-15,44
30/09/2026 11:09:52	V0.04	2	HORARIO	15000	12	32,545	0,724	25,094	0,2025	0,0157	0,0157	0,2037	1,969	1,969	1,969	-25,87	-18,23	-26,07	-15,24
30/09/2026 11:09:54	V0.04	2	HORARIO	15000	13	32,53	0,745	25,775	0,2184	0,0309	0,9193	0,9454	2,389	0,855	0,527	-25,91	-18,48	-24,84	-15,99
30/09/2026 11:09:56	V0.04	2	HORARIO	15000	14	32,53	0,788	24,413	0,0854	0,0239	0,8643	0,8688	1,74	0,412	1,183	-25,37	-17,31	-25,86	-17,93
30/09/2026 11:09:58	V0.04	2	HORARIO	15000	15	32,529	0,762	24,705	0,0912	0,1122	1,1047	1,1142	1,55	1,092	0,267	-25,24	-17,57	-26,25	-18,03
30/09/2026 11:10:00	V0.04	2	HORARIO	15000	16	32,538	0,741	25,677	0,0677	0,0425	0,9799	0,9831	1,779	1,069	1,221	-25,69	-17,47	-25,65	-16,34
30/09/2026 11:10:03	V0.04	2	HORARIO	15000	17	32,526	0,751	25,483	0,0818	0,0011	0,908	0,9116	0,015	1,969	1,969	-26,29	-17,69	-25,43	-17,37
30/09/2026 11:10:04	V0.04	2	HORARIO	15000	18	32,539	0,726	22,662	0,053	0,1216	1,1232	1,131	1,802	0,305	0,74	-25,81	-17,19	-24,53	-14,03
30/09/2026 11:10:06	V0.04	2	HORARIO	15000	19	32,546	0,683	24,024	0,2249	0,0219	0,8965	0,9245	2,405	0,519	0,733	-25,49	-16,77	-25,77	-17,28
30/09/2026 11:10:08	V0.04	2	HORARIO	15000	20	32,54	0,75	23,44	0,2109	0,0513	0,969	0,993	2,168	0,061	0,718	-26,32	-17,28	-25,22	-16,98
30/09/2026 11:10:14	V0.04	2	ANTIHORARIO	15000	1	32,541	0,712	23,538	0,1327	0,0661	0,9262	0,9379	3,635	7,208	5,308	-25,48	-14,91	-25,59	-15,44
30/09/2026 11:10:16	V0.04	2	ANTIHORARIO	15000	2	32,549	0,697	23,148	0,0206	0,0824	1,0546	1,058	2,687	0,947	1,252	-25,68	-17,89	-25,85	-17,89
30/09/2026 11:10:18	V0.04	2	ANTIHORARIO	15000	3	32,532	0,737	23,635	0,0212	0,0289	0,8252	0,826	1,992	0,702	0,71	-26,59	-18,37	-25,97	-17,63
30/09/2026 11:10:20	V0.04	2	ANTIHORARIO	15000	4	32,542	0,693	22,857	0,1466	0,0706	0,7889	0,8055	2,183	0,977	0,595	-26,36	-19,3	-25,75	-16,43
30/09/2026 11:10:22	V0.04	2	ANTIHORARIO	15000	5	32,546	0,724	22,954	0,0542	0,1045	1,0641	1,0706	1,573	0,015	1,809	-25,77	-17,37	-26	-17,63
30/09/2026 11:10:24	V0.04	2	ANTIHORARIO	15000	6	32,547	0,683	22,565	0,0099	0,0328	0,7881	0,7888	2,275	0,099	0,84	-26,39	-18,62	-26,26	-18,09
30/09/2026 11:10:27	V0.04	2	ANTIHORARIO	15000	7	32,54	0,7	23,927	0,0541	0,0051	0,9012	0,9029	2,504	1,542	1	-26,93	-18,77	-25,8	-17,53
30/09/2026 11:10:27	V0.04	2	ANTIHORARIO	15000	8	32,553	0,69	23,148	0,1187	0,1025	1,0012	1,0134	1,588	1,137	1,092	-26,14	-17,5	-26,38	-18,95
30/09/2026 11:10:29	V0.04	2	ANTIHORARIO	15000	9	32,545	0,709	23,927	0,1481	0,0824	0,9905	1,0049	1,687	0,275	1,244	-26,45	-20,03	-26,01	-18,44
30/09/2026 11:10:31	V0.04	2	ANTIHORARIO	15000	10	32,552	0,7	23,148	0,1373	0,0928	0,9885	1,0023	1,557	0,191	1,397	-26,32	-17,25	-26,2	-18,03
30/09/2026 11:10:33	V0.04	2	ANTIHORARIO	15000	11	32,555	0,696	24,316	0,0314	0,0806	1,094	1,0974	1,817	1,023	1,42	-26,57	-18,62	-26,45	-18,16
30/09/2026 11:10:36	V0.04	2	ANTIHORARIO	15000	12	32,559	0,692	23,246	0,0791	0,1178	1,0474	1,0569	1,534	0,26	1,198	-26,71	-19,22	-25,97	-18,2
30/09/2026 11:10:37	V0.04	2	ANTIHORARIO	15000	13	32,557	0,711	23,246	0,0038	0,0507	0,7736	0,7752	2,237	0,603	0,718	-25,5	-17,31	-26,25	-17,63
30/09/2026 11:10:40	V0.04	2	ANTIHORARIO	15000	14	32,559	0,662	23,246	0,0145	0,0996	1,089	1,0936	1,878	0,16	1,435	-26,5	-18,44	-26,39	-17,89
30/09/2026 11:10:41	V0.04	2	ANTIHORARIO	15000	15	32,559	0,704	23,148	0,1725	0,0612	0,821	0,8412	1,878	0,244	0,672	-25,73	-17,76	-26,2	-18,99
30/09/2026 11:10:42	V0.04	2	ANTIHORARIO	15000	16	32,559	0,663	23,44	0,1205	0,079	0,7852	0,7983	1,962	0,244	0,916	-25,9	-18,58	-25,33	-17,44
30/09/2026 11:10:45	V0.04	2	ANTIHORARIO	15000	17	32,563	0,677	23,635	0,1488	0,0693	0,806	0,8226	1,847	0,656	0,763	-26,29	-17,5	-25,93	-17,22
30/09/2026 11:10:46	V0.04	2	ANTIHORARIO	15000	18	32,561	0,693	22,857	0,2024	0,0326	0,9453	0,9673	1,756	0,221	0,992	-26,45	-18,55	-25,86	-18,3
30/09/2026 11:10:48	V0.04	2	ANTIHORARIO	15000	19	32,561	0,702	23,927	0,1783	0,0554	0,842	0,8625	1,672	0,374	0,786	-25,76	-17,34	-26,6	-17,83
30/09/2026 11:10:50	V0.04	2	ANTIHORARIO	15000	20	32,557	0,707	22,857	0,0699	0,1089	1,0638	1,0717	1,969	1,969	1,969	-26,36	-18,88	-26,36	-18,37
30/09/2026 11:10:57	V0.04	2	HORARIO	20000	1	32,542	0,778	27,331	0,1198	0,0718	0,9328	0,9432	3,041	6,665	4,615	-25,1	-14,84	-24,54	-12,78
30/09/2026 11:10:59	V0.04	2	HORARIO	20000	2	32,557	0,751	24,316	0,2073	0,0094	0,8506	0,8755	1,55	0,504	2,542	-26,13	-18,03	-24,26	-16,18
30/09/2026 11:11:00	V0.04	2	HORARIO	20000	3	32,556	0,724	24,705	0,067	0,0514	1,0068	1,0104	1,305	0,588	1,298	-25,7	-18,13	-25,44	-15,15
30/09/2026 11:11:02	V0.04	2	HORARIO	20000	4	32,56	0,782	25,385	0,0198	0,0699	0,7715	0,7749	1,916	0,344	1,298	-25,19	-16,18	-24,03	-15,8
30/09/2026 11:11:04	V0.04	2	HORARIO	20000	5	32,549	0,803	27,331	0,1919	0,0219	0,8203	0,8427	2,397	0,885	0,573	-25,32	-17,01	-25,88	-16,48
30/09/2026 11:11:06	V0.04	2	HORARIO	20000	6	32,559	0,733	24,413	0,0559	0,072	0,7775	0,7828	2,13	0,069	0,87	-26,17	-17,99	-25,55	-15,91
30/09/2026 11:11:08	V0.04	2	HORARIO	20000	7	32,556	0,79	26,455	0	0	0	0	0	0	0	-25,76	-17,22	-25,68	-16,37
30/09/2026 11:11:09	V0.04	2	HORARIO	20000	8	32,55	0,771	26,358	0,1495	0,0586	0,7731	0,7896	2,328	0,664	1,084	-25,93	-18,91	-25,65	-14,88
30/09/2026 11:11:11	V0.04	2	HORARIO	20000	9	32,55	0,763	25,969	0,2004	0,0627	0,9879	1,01	2,282	0,229	1,046	-26,67	-18,03	-25,24	-16,86
30/09/2026 11:11:14	V0.04	2	HORARIO	20000	10	32,568	0,716	25,969	0,1886	0,0416	0,8009	0,8239	2,42	0,977	1,076	-26,4	-17,6	-24,92	-16,71
30/09/2026 11:11:15	V0.04	2	HORARIO	20000	11	32,565	0,726	24,802	0,0703	0,0719	0,755	0,7617	2,015	0,092	1,115	-25,57	-17,66	-25,74	-15,78
30/09/2026 11:11:17	V0.04	2	HORARIO	20000	12	32,563	0,738	23,635	0,0094	0,1133	1,1201	1,1259	1,969	1,969	1,969	-25,67	-17,34	-24,97	-16,15
30/09/2026 11:11:19	V0.04	2	HORARIO	20000	13	32,571	0,682	24,024	0,0554	0,1228	1,129	1,137	1,817	0,275	0,878	-26,2	-18,06	-25,1	-15,22
30/09/2026 11:11:27	V0.04	2	HORARIO	20000	14	32,569	0,75	26,066	0,0328	0,0698	0,7687	0,7725	1,916	0,191	1,405	-25,96	-17,96	-25,37	-15,96
30/09/2026 11:11:28	V0.04	2	HORARIO	20000	15	32,56	0,767	24,121	0,0048	0,1127	1,1272	1,1328	1,634	0,412	0,901	-26,05	-17,57	-25,08	-16,71
30/09/2026 11:11:28	V0.04	2	HORARIO	20000	16	32,563	0,741	24,996	0,0684	0,052	0,9958	0,9995	1,573	0,443	0,969	-26,37	-17,6	-24,77	-15,32
30/09/2026 11:11:29	V0.04	2	HORARIO	20000	18	32,561	0,779	25,385	0,0526	0,0696	0,7681	0,773	1,977	0,618	1,336	-26,15	-18,3	-24,92	-16,15
30/09/2026 11:11:30	V0.04	2	HORARIO	20000	19	32,575	0,755	25,58	0,078	0,0284	0,9604	0,964	1,542	0,336	1,16	-25,7	-18,09	-25,44	-16,01
30/09/2026 11:11:31	V0.04	2	HORARIO	20000	20	32,576	0,764	24,996	0,1736	0,0432	0,7928	0,8128	2,16	0,099	1,137	-26,33	-18,23	-24,74	-15,65
30/09/2026 11:11:39	V0.04	2	ANTIHORARIO	20000	1	32,572	0,694	23,927	0,1243	0,0705	0,9376	0,9484	2,73	7,7	6,415	-25,61	-14,43	-25,52	-14,95
30/09/2026 11:11:41	V0.04	2	ANTIHORARIO	20000	2	32,559	0,715	23,635	0,1945	0,0183	0,8772	0,8987	1,58	0,061	2,824	-26,04	-17,6	-26,51	-19,07
30/09/2026 11:11:42	V0.04	2	ANTIHORARIO	20000	3	32,566	0,695	22,468	0,1891	0,0476	0,9521	0,9719	1,076	0,382	2,282	-26,37	-18,88	-25,68	-17,47
30/09/2026 11:11:44	V0.04	2	ANTIHORARIO	20000	4	32,563	0,719	23,538	0,0128	0,0953	1,0901	1,0943	1,74	0,336	1,84	-26,59	-18,44	-25,9	-18,09
30/09/2026 11:11:46	V0.04	2	ANTIHORARIO	20000	5	32,558	0,714	23,829	0,1687	0,0712	0,9688	0,9859	1,74	0,45	0,473	-26,24	-18,73	-25,75	-16,57
30/09/2026 11:11:48	V0.04	2	ANTIHORARIO	20000	6	32,571	0,708	23,635	0,0377	0,1085	1,0844	1,0904	1,893	0,26	0,71	-26,47	-18,99	-26,01	-17,01
30/09/2026 11:11:50	V0.04	2	ANTIHORARIO	20000	7	32,57	0,675	23,148	0,1986	0,0123	0,9213	0,9425	1,618	0,649	1,221	-26,25	-18,09	-26,5	-18,13
30/09/2026 11:11:52	V0.04	2	ANTIHORARIO	20000	8	32,571	0,691	23,927	0,0747	0,0449	1,0165	1,0202	2,26	0,183	1,366	-26,44	-18,09	-26,41	-18,13
30/09/2026 11:11:53	V0.04	2	ANTIHORARIO	20000	9	32,571	0,65	22,565	0,0813	0,0178	0,9344	0,9381	2,267	0,221	1,176	-26,3	-18,23	-25,94	-17,6
30/09/2026 11:11:55	V0.04	2	ANTIHORARIO	20000	10	32,571	0,709	23,927	0,1992	0	0,8931	0,915	1,847	0,695	1,076	-25,95	-17,86	-26,53	-18,48
30/09/2026 11:11:57	V0.04	2	ANTIHORARIO	20000	11	32,575	0,691	21,3	0,0068	0,0986	1,094	1,0985	1,748	0,466	1,183	-25,84	-17,28	-25,73	-18,03
30/09/2026 11:11:59	V0.04	2	ANTIHORARIO	20000	12	32,566	0,712	23,732	0,0216	0,0435	0,7922	0,7937	2,313	0,252	0,885	-24,93	-17,04	-25,85	-17,01
30/09/2026 11:12:01	V0.04	2	ANTIHORARIO	20000	13	32,574	0,666	21,3	0,1205	0,076	0,7784	0,7914	1,794	0,298	0,817	-26,03	-18,34	-26,52	-19,34
30/09/2026 11:12:05	V0.04	2	ANTIHORARIO	20000	14	32,58	0,688	22,759	0,0865	0,0237	0,9529	0,9571	2,244	0,282	1,107	-26,16	-16,98	-26,32	-18,23
30/09/2026 11:12:06	V0.04	2	ANTIHORARIO	20000	15	32,587	0,652	22,662	0,0619	0,0138	0,8529	0,8553	2,405	0,092	0,863	-25,52	-17,73	-26,69	-19,14
30/09/2026 11:12:07	V0.04	2	ANTIHORARIO	20000	16	32,579	0,68	22,565	0,0305	0,1022	1,0956	1,1008	1,84	0,122	1,191	-25,49	-17,22	-26,65	-18,88
30/09/2026 11:12:10	V0.04	2	ANTIHORARIO	20000	17	32,578	0,665	22,759	0,118	0,082	0,7788	0,792	1,939	0,389	0,779	-26,25	-18,09	-26,24	-17,96
30/09/2026 11:12:12	V0.04	2	ANTIHORARIO	20000	18	32,588	0,676	23,051	0,1212	0,0992	1,0297	1,0415	1,55	0,305	1,328	-26,33	-18,48	-26,62	-18,91
30/09/2026 11:12:12	V0.04	2	ANTIHORARIO	20000	19	32,584	0,671	22,273	0,0289	0,084	1,0829	1,0865	1,908	0,206	1,336	-26,49	-17,83	-25,9	-17,96
30/09/2026 11:12:14	V0.04	2	ANTIHORARIO	20000	20	32,575	0,677	21,69	0,0392	0,0756	1,0746	1,078	1,992	0,206	1,137	-26	-18,37	-25,92	-17,76
30/09/2026 11:16:11	V0.04	3	HORARIO	15000	1	32,539	0,592	19,939	0,2043	0,1734	0,9728	1,009	3,55	6,572	5,147	-23,67	-13,06	-22,61	-11,51
30/09/2026 11:16:12	V0.04	3	HORARIO	15000	2	32,561	0,581	18,772	0,3	0,1764	1,0879	1,1422	2,992	1,145	1,122	-26,34	-18,62	-21,96	-12,84
30/09/2026 11:16:15	V0.04	3	HORARIO	15000	3	32,549	0,566	19,258	0,1611	0,1628	1,2294	1,2505	0,748	0,244	2,282	-24,61	-14,27	-23	-15,03
30/09/2026 11:16:16	V0.04	3	HORARIO	15000	4	32,571	0,54	17,799	0,0681	0,225	0,5656	0,6125	1,534	0,061	1,695	-24,79	-16,31	-24,29	-16,48
30/09/2026 11:16:18	V0.04	3	HORARIO	15000	5	32,542	0,603	19,452	0,0164	0,2421	1,2903	1,3129	1,427	0,237	0,237	-25,4	-16,65	-24	-14,1
30/09/2026 11:16:20	V0.04	3	HORARIO	15000	6	32,548	0,6	19,452	0,2957	0,1835	1,1031	1,1567	2,305	0,649	0,672	-24,73	-16,54	-23,85	-16,01
30/09/2026 11:16:21	V0.04	3	HORARIO	15000	7	32,556	0,583	18,674	0,0857	0,2111	0,6079	0,6492	1,763	0,267	1,939	-25,33	-16,54	-23,37	-14,72
30/09/2026 11:16:23	V0.04	3	HORARIO	15000	8	32,559	0,57	19,842	0,0049	0,2366	0,545	0,5942	2,145	0,023	1,275	-24,36	-15,8	-24,01	-15,29
30/09/2026 11:16:26	V0.04	3	HORARIO	15000	9	32,581	0,509	18,285	0,3348	0,0479	0,8942	0,956	2,534	0,435	0,939	-25,13	-17,25	-23,96	-14,93
30/09/2026 11:16:28	V0.04	3	HORARIO	15000	10	32,579	0,514	18,577	0,0955	0,2343	0,577	0,63	2	1,366	1,672	-24,24	-14,18	-23,63	-13,74
30/09/2026 11:16:29	V0.04	3	HORARIO	15000	11	32,578	0,572	18,869	0,3077	0,1984	1,1176	1,176	2,45	0,008	0,641	-24,98	-16,51	-23,28	-14,18
30/09/2026 11:16:31	V0.04	3	HORARIO	15000	12	32,568	0,554	18,48	0,2666	0,1202	0,6881	0,7477	2,634	0,191	1,122	-23,95	-15,44	-22,69	-11,15
30/09/2026 11:16:33	V0.04	3	HORARIO	15000	13	32,559	0,594	19,842	0	0	0	0	0	0	0	-24,98	-16,74	-22,64	-13,24
30/09/2026 11:16:35	V0.04	3	HORARIO	15000	14	32,587	0,526	16,826	0,2097	0,0471	1,0834	1,1045	0,931	0,748	1,076	-24,24	-16,04	-21,75	-11,85
30/09/2026 11:16:37	V0.04	3	HORARIO	15000	15	32,574	0,541	19,258	0,2545	0,1213	0,6782	0,7345	2,656	0,206	0,901	-24	-14,27	-21,69	-12,62
30/09/2026 11:16:38	V0.04	3	HORARIO	15000	16	32,584	0,568	17,41	0,1293	0,2631	1,3042	1,3367	1,298	0,26	0,763	-23,26	-14,05	-21,64	-13,26
30/09/2026 11:16:41	V0.04	3	HORARIO	15000	17	32,561	0,564	19,55	0,0394	0,2386	0,5581	0,6083	2,092	0,893	1,29	-22,68	-13,7	-21,98	-12,71
30/09/2026 11:16:42	V0.04	3	HORARIO	15000	18	32,575	0,551	17,896	0,0237	0,2708	1,3094	1,3374	1,58	1,076	0,527	-22,72	-13,34	-20,82	-10,4
30/09/2026 11:16:44	V0.04	3	HORARIO	15000	19	32,579	0,55	20,036	0,1555	0,1276	0,8281	0,8522	1,046	0,511	1,443	-22,25	-13,18	-20,54	-10,13
30/09/2026 11:16:46	V0.04	3	HORARIO	15000	20	32,596	0,525	18,577	0,2847	0,1198	0,7106	0,7748	2,748	0,084	1,298	-22,42	-11,71	-21,36	-11,05
30/09/2026 11:16:53	V0.04	3	ANTIHORARIO	15000	1	32,586	0,536	16,826	0,2136	0,134	0,9193	0,9533	3,953	4,139	6,637	-22,73	-11,03	-22,14	-11,43
30/09/2026 11:16:55	V0.04	3	ANTIHORARIO	15000	2	32,573	0,502	17,507	0	0	0	0	0	0	0	-22,57	-12,89	-23,89	-14,95
30/09/2026 11:16:57	V0.04	3	ANTIHORARIO	15000	3	32,581	0,513	17,799	0,1367	0,2084	1,2286	1,2537	1,992	0,183	0,405	-22,55	-14,03	-24,03	-15,59
30/09/2026 11:16:58	V0.04	3	ANTIHORARIO	15000	4	32,585	0,528	18,091	0,3204	0,0615	1,0465	1,0962	0,847	0,092	2,13	-25,14	-15,72	-22,64	-14,98
30/09/2026 11:17:01	V0.04	3	ANTIHORARIO	15000	5	32,582	0,517	17,118	0,208	0,1761	1,235	1,2647	1,595	0,191	1,275	-23,73	-14,81	-22,87	-15,1
30/09/2026 11:17:03	V0.04	3	ANTIHORARIO	15000	6	32,574	0,542	18,869	0,2031	0,2117	1,2107	1,2457	1,679	0,137	1,924	-23,85	-14,1	-22,04	-12,99
30/09/2026 11:17:04	V0.04	3	ANTIHORARIO	15000	7	32,585	0,495	16,632	0,3215	0,0548	1,0215	1,0723	1,046	0,137	1,389	-22,91	-13,36	-21,41	-11,64
30/09/2026 11:17:06	V0.04	3	ANTIHORARIO	15000	8	32,579	0,522	18,869	0,1865	0,0505	0,8315	0,8537	2,649	0,046	1,092	-23,01	-14,16	-22,17	-13,43
30/09/2026 11:17:07	V0.04	3	ANTIHORARIO	15000	9	32,579	0,545	17,994	0,3446	0,0209	0,8805	0,9458	1,206	0,198	0,779	-21,98	-12,71	-21,87	-11,45
30/09/2026 11:17:09	V0.04	3	ANTIHORARIO	15000	10	32,585	0,544	17,41	0,3103	0,0847	1,078	1,125	1,137	0,13	1,183	-21,87	-11,2	-21,53	-11,39
30/09/2026 11:17:11	V0.04	3	ANTIHORARIO	15000	11	32,588	0,515	16,729	0,3024	0,1051	1,1207	1,1655	1,237	0,275	1,26	-22,8	-13,2	-20,52	-10,76
30/09/2026 11:17:13	V0.04	3	ANTIHORARIO	15000	12	32,583	0,513	16,535	0,1621	0,2157	1,2323	1,2615	1,962	0,099	1,817	-22,05	-13,05	-22,3	-13,58
30/09/2026 11:17:14	V0.04	3	ANTIHORARIO	15000	13	32,577	0,54	16,826	0,1868	0,1942	1,2621	1,2905	1,45	0,023	1,427	-22,86	-12,88	-22,31	-13,06
30/09/2026 11:17:18	V0.04	3	ANTIHORARIO	15000	15	32,594	0,449	16,146	0,3383	0,0101	0,9489	1,0074	1,168	0,237	1,038	-22,06	-12,02	-20,82	-10,81
30/09/2026 11:17:18	V0.04	3	ANTIHORARIO	15000	14	32,588	0,527	17,118	0,339	0,0398	0,8611	0,9263	1,198	0,435	0,863	-22,46	-13,38	-21,26	-11,84
30/09/2026 11:17:20	V0.04	3	ANTIHORARIO	15000	16	32,594	0,479	16,535	0,3361	0,0365	0,9927	1,0487	1,137	0,321	1,16	-22,27	-12,93	-22,36	-12,64
30/09/2026 11:17:22	V0.04	3	ANTIHORARIO	15000	17	32,582	0,512	16,924	0,2806	0,0929	1,0709	1,111	2,443	0,038	1,221	-22,1	-12,97	-20,95	-12,46
30/09/2026 11:17:24	V0.04	3	ANTIHORARIO	15000	18	32,583	0,503	17,702	0,2819	0,1346	0,7042	0,7704	1,58	0,191	0,702	-21,59	-11,12	-20,45	-10,49
30/09/2026 11:17:26	V0.04	3	ANTIHORARIO	15000	19	32,593	0,503	17,118	0,3455	0,0623	0,8253	0,8969	1,374	0,389	0,58	-22,67	-14,86	-22,07	-13,62
30/09/2026 11:17:27	V0.04	3	ANTIHORARIO	15000	20	32,59	0,536	18,285	0,1979	0,0231	0,859	0,8818	2,611	0,076	0,84	-22,4	-13,24	-21	-11,2
30/09/2026 11:17:34	V0.04	3	HORARIO	20000	1	32,608	0,517	16,826	0,2184	0,1769	0,9898	1,029	3,823	5,975	5,301	-21,37	-9,26	-20,38	-8,69
30/09/2026 11:17:36	V0.04	3	HORARIO	20000	2	32,593	0,531	18,48	0,2157	0,2302	1,2388	1,2783	2,679	0,756	1,55	-21,81	-12,56	-21,57	-12,47
30/09/2026 11:17:38	V0.04	3	HORARIO	20000	3	32,614	0,497	17,994	0,326	0,0848	0,9642	1,0214	2,298	0,779	2,13	-22,16	-13,16	-20,73	-12,07
30/09/2026 11:17:40	V0.04	3	HORARIO	20000	4	32,608	0,528	18,577	0,3252	0,1063	0,9961	1,0532	2,321	0,603	0,13	-22,94	-13,06	-19,55	-10,99
30/09/2026 11:17:42	V0.04	3	HORARIO	20000	5	32,6	0,515	18,577	0,2528	0,1565	0,6439	0,7093	2,573	0,115	1,718	-22,56	-13,41	-21,58	-11,66
30/09/2026 11:17:44	V0.04	3	HORARIO	20000	6	32,584	0,563	19,063	0,1541	0,1412	0,7736	0,8013	1,42	1,221	1,122	-20,3	-11,31	-19,71	-10,46
30/09/2026 11:17:46	V0.04	3	HORARIO	20000	7	32,585	0,572	19,258	0,3235	0,1663	1,1042	1,1626	2,191	0,58	0,863	-23,11	-12,67	-21,77	-11,32
30/09/2026 11:17:48	V0.04	3	HORARIO	20000	8	32,598	0,54	17,799	0,0945	0,2732	1,3391	1,37	1,626	0,878	0,641	-22,09	-12,89	-20,68	-11,9
30/09/2026 11:17:50	V0.04	3	HORARIO	20000	9	32,594	0,55	20,036	0,2986	0,1991	1,1609	1,2151	2,298	0	0,496	-22,43	-12,62	-20,49	-11,89
30/09/2026 11:17:51	V0.04	3	HORARIO	20000	10	32,598	0,553	17,994	0	0	0	0	0	0	0	-22,86	-13,76	-20,98	-12,14
30/09/2026 11:17:53	V0.04	3	HORARIO	20000	11	32,614	0,527	16,632	0,0916	0,2117	0,5503	0,5967	2,244	1,206	1,519	-22,05	-13,18	-20,57	-11,77
30/09/2026 11:17:56	V0.04	3	HORARIO	20000	12	32,585	0,578	18,966	0,314	0,0782	0,9414	0,9955	2,458	1,061	0,962	-22,14	-11,32	-21,01	-11,62
30/09/2026 11:17:56	V0.04	3	HORARIO	20000	13	32,6	0,547	16,632	0,0995	0,2612	1,3063	1,3358	1,954	0,618	0,359	-21,86	-12,4	-21,08	-11,51
30/09/2026 11:17:59	V0.04	3	HORARIO	20000	14	32,589	0,564	19,842	0,309	0,1829	1,1371	1,1924	2,298	0,832	0,427	-21,88	-11,84	-20,72	-10,06
30/09/2026 11:18:01	V0.04	3	HORARIO	20000	15	32,617	0,509	18,188	0,0001	0,0157	0,0157	0,0223	1,969	1,969	1,969	-22,12	-12,12	-21,22	-11,09
30/09/2026 11:18:02	V0.04	3	HORARIO	20000	16	32,594	0,556	19,55	0	0	0	0	0	0	0	-22,17	-12,67	-20,74	-11,45
30/09/2026 11:18:04	V0.04	3	HORARIO	20000	17	32,586	0,586	18,966	0,3303	0,1149	1,016	1,0745	2,504	0,084	0,733	-22,69	-13,1	-20,91	-9,7
30/09/2026 11:18:06	V0.04	3	HORARIO	20000	18	32,597	0,575	18,772	0,3324	0,1487	1,0862	1,1456	2,366	0,565	0,672	-22,39	-14,05	-20,69	-10,79
30/09/2026 11:18:08	V0.04	3	HORARIO	20000	19	32,608	0,508	18,285	0,3033	0,1904	1,1379	1,193	2,351	0,015	0,427	-21,65	-13,22	-20,73	-10,87
30/09/2026 11:18:10	V0.04	3	HORARIO	20000	20	32,588	0,586	18,869	0,2666	0,1602	0,6378	0,7096	2,328	0,275	1,206	-22,71	-11,87	-21,02	-11,12
30/09/2026 11:18:17	V0.04	3	ANTIHORARIO	20000	1	32,592	0,542	17,994	0,2237	0,1424	0,9701	1,0057	3,468	2,917	5,171	-20,67	-7,64	-19,97	-8,18
30/09/2026 11:18:18	V0.04	3	ANTIHORARIO	20000	2	32,602	0,496	16,146	0,3109	0,101	1,1143	1,1612	2,328	0,366	0,107	-21,21	-10,81	-18,97	-9,43
30/09/2026 11:18:21	V0.04	3	ANTIHORARIO	20000	3	32,599	0,543	17,021	0,2332	0,1727	1,2361	1,2697	1,504	0,214	0,229	-21,07	-11,28	-19,2	-9,19
30/09/2026 11:18:22	V0.04	3	ANTIHORARIO	20000	4	32,586	0,538	17,41	0,0787	0,1454	0,6036	0,6259	2,015	0,832	0,954	-19,53	-10,94	-20,01	-9,81
30/09/2026 11:18:24	V0.04	3	ANTIHORARIO	20000	5	32,589	0,492	17,41	0,3458	0,0087	0,9443	1,0057	1,305	1,031	1,695	-20,71	-11,21	-20,89	-11,12
30/09/2026 11:18:26	V0.04	3	ANTIHORARIO	20000	6	32,597	0,475	17,41	0,1125	0,2247	1,2815	1,3059	1,924	0,153	1,427	-20,67	-11,58	-19,76	-10,32
30/09/2026 11:18:27	V0.04	3	ANTIHORARIO	20000	7	32,591	0,524	15,854	0,3134	0,1008	1,1028	1,1509	1,42	1,038	1,336	-22,08	-11,94	-20,96	-11,18
30/09/2026 11:18:30	V0.04	3	ANTIHORARIO	20000	8	32,599	0,468	16,632	0,201	0,1903	1,2418	1,2723	1,336	0,191	1,046	-20,84	-11,48	-19,84	-9,46
30/09/2026 11:18:31	V0.04	3	ANTIHORARIO	20000	9	32,598	0,528	17,41	0,326	0,1033	0,7557	0,8295	1,321	0,008	0,71	-20,42	-10,81	-19,26	-9,01
30/09/2026 11:18:33	V0.04	3	ANTIHORARIO	20000	10	32,608	0,462	15,854	0,0298	0,1561	0,5552	0,5775	2,534	0,038	0,679	-20,9	-11,32	-19,4	-10,6
30/09/2026 11:18:34	V0.04	3	ANTIHORARIO	20000	11	32,588	0,531	17,604	0,1724	0,2087	1,2544	1,2833	1,779	0,198	1,511	-21,68	-11,94	-20,54	-12,25
30/09/2026 11:18:37	V0.04	3	ANTIHORARIO	20000	12	32,596	0,538	17,799	0,3348	0,0045	0,9366	0,9947	1,29	0,252	0,916	-21,81	-11,58	-20,58	-11,37
30/09/2026 11:18:38	V0.04	3	ANTIHORARIO	20000	13	32,598	0,536	17,215	0,2114	0,0131	0,8853	0,9102	2,664	0,115	0,664	-21,44	-11,17	-20,58	-11,4
30/09/2026 11:18:41	V0.04	3	ANTIHORARIO	20000	14	32,617	0,477	16,437	0,0219	0,1542	0,5577	0,5791	2,496	0,931	0,656	-21,11	-10,7	-19,83	-11,26
30/09/2026 11:18:42	V0.04	3	ANTIHORARIO	20000	15	32,599	0,517	16,34	0	0	0	0	0	0	0	-21,63	-12,47	-20,21	-10,02
30/09/2026 11:18:43	V0.04	3	ANTIHORARIO	20000	16	32,6	0,505	17,799	0,2274	0,1837	1,2306	1,2648	1,252	0,336	1,603	-20,59	-11,18	-20,07	-11,53
30/09/2026 11:18:46	V0.04	3	ANTIHORARIO	20000	17	32,599	0,524	17,021	0,0752	0,1461	0,5916	0,614	2,008	0,504	0,244	-22,34	-13,24	-21,43	-12,69
30/09/2026 11:18:47	V0.04	3	ANTIHORARIO	20000	18	32,6	0,531	17,118	0,2332	0,0111	0,9246	0,9536	2,725	0,015	0,962	-21,88	-11,35	-20,86	-11,32
30/09/2026 11:18:49	V0.04	3	ANTIHORARIO	20000	19	32,615	0,444	16,437	0,0272	0,2216	1,2791	1,2984	1,588	0,26	1,885	-21,22	-12,12	-20,44	-10,94
30/09/2026 11:18:51	V0.04	3	ANTIHORARIO	20000	20	32,591	0,539	17,896	0,1765	0,1978	0,0157	0,2656	1,969	1,969	1,969	-21,49	-11,39	-20,32	-11,71
30/09/2026 11:23:57	V0.04	4	HORARIO	15000	1	32,431	1,082	35,404	0,0817	0,0523	0,9278	0,9329	3,547	6,521	6,781	-26,47	-17,01	-26,53	-15,78
30/09/2026 11:24:00	V0.04	4	HORARIO	15000	2	32,422	1,089	35,793	0,0443	0,0444	0,9502	0,9523	1,924	0,985	3,832	-26,64	-19,03	-26,63	-19,78
30/09/2026 11:24:00	V0.04	4	HORARIO	15000	3	32,439	1,053	35,209	0,0878	0,0319	0,9323	0,9369	3,061	3,122	2,282	-26,76	-18,51	-26,91	-18,37
30/09/2026 11:24:03	V0.04	4	HORARIO	15000	4	32,437	1,09	36,182	0,046	0,0314	0,0157	0,0579	1,969	1,969	1,969	-26,49	-18,69	-27	-19,42
30/09/2026 11:24:04	V0.04	4	HORARIO	15000	5	32,444	1,061	34,334	0,0713	0,0205	0,9418	0,9447	2,221	1,969	1,969	-26,62	-19,46	-26,88	-19,62
30/09/2026 11:24:07	V0.04	4	HORARIO	15000	7	32,445	1,07	35,112	0,0002	0,0226	0,9819	0,9822	3,328	3,435	1,481	-26,64	-18,51	-26,45	-18,77
30/09/2026 11:24:08	V0.04	4	HORARIO	15000	6	32,43	1,113	36,765	0,0907	0,04	0,9126	0,918	3,137	4,046	0,908	-26,27	-19,14	-26,94	-19,3
30/09/2026 11:24:10	V0.04	4	HORARIO	15000	8	32,44	1,091	35,501	0	0	0	0	0	0	0	-26,8	-18,95	-26,89	-19,42
30/09/2026 11:24:11	V0.04	4	HORARIO	15000	9	32,451	1,124	36,765	0,1001	0,0643	0,9296	0,9371	0,969	3,298	1,229	-26,94	-19,07	-26,7	-19,38
30/09/2026 11:24:14	V0.04	4	HORARIO	15000	10	32,449	1,099	35,987	0,0198	0,0161	0,8918	0,8922	0,336	4,252	2,183	-26,6	-19,42	-26,97	-19,66
30/09/2026 11:24:15	V0.04	4	HORARIO	15000	11	32,444	1,123	37,252	0,0049	0,0519	0,9838	0,9851	1,076	3,061	1,954	-26,92	-18,16	-26,54	-18,91
30/09/2026 11:24:16	V0.04	4	HORARIO	15000	12	32,451	1,143	38,127	0,0054	0,0129	0,8997	0,8998	3,107	3,519	0,389	-26,62	-19,3	-26,91	-18,91
30/09/2026 11:24:19	V0.04	4	HORARIO	15000	13	32,467	1,021	33,556	0,0642	0,0297	0,939	0,9416	2,855	3,374	1,206	-26,18	-18,23	-25,73	-16,74
30/09/2026 11:24:20	V0.04	4	HORARIO	15000	14	32,46	1,068	34,82	0,0063	0,032	0,9877	0,9882	0,695	3,779	1,145	-26,97	-18,69	-26,78	-19,66
30/09/2026 11:24:22	V0.04	4	HORARIO	15000	15	32,454	1,104	36,473	0,1069	0,0626	0,9265	0,9348	4	5,756	1,076	-26,62	-18,73	-26,83	-19,54
30/09/2026 11:24:24	V0.04	4	HORARIO	15000	16	32,467	1,033	34,82	0,0183	0,0143	0,8571	0,8574	0,435	3,198	1,557	-26,34	-18,06	-26,53	-19,18
30/09/2026 11:24:26	V0.04	4	HORARIO	15000	17	32,474	1,06	34,917	0,0371	0,0341	0,9745	0,9758	3,947	4,71	0,931	-24,93	-16,95	-25,17	-17,6
30/09/2026 11:24:28	V0.04	4	HORARIO	15000	18	32,471	1,073	35,209	0,0391	0,0325	0,9257	0,9271	0,954	4,305	1,832	-27,08	-19,74	-26,55	-18,8
30/09/2026 11:24:30	V0.04	4	HORARIO	15000	19	32,471	1,066	35,89	0,1173	0,0713	0,9377	0,9477	3,16	4,275	0,443	-26,96	-19,07	-27,06	-19,74
30/09/2026 11:24:32	V0.04	4	HORARIO	15000	20	32,46	1,117	36,668	0,1328	0,0876	0,933	0,9465	3,359	4,664	0,046	-26,57	-18,99	-26,59	-19,5
30/09/2026 11:24:38	V0.04	4	ANTIHORARIO	15000	1	32,47	1,036	34,042	0,1001	0,0663	0,9254	0,9332	2,937	7,324	7,669	-26,18	-15,62	-26,18	-16,48
30/09/2026 11:24:41	V0.04	4	ANTIHORARIO	15000	2	32,481	0,988	32,486	0,0072	0,0155	0,9274	0,9275	1,16	5,817	3,847	-26,36	-18,34	-26,05	-18,51
30/09/2026 11:24:42	V0.04	4	ANTIHORARIO	15000	3	32,476	1,017	34,042	0,0958	0,094	0,9363	0,9459	3,489	4,908	1,191	-26,04	-18,34	-26,6	-18,77
30/09/2026 11:24:43	V0.04	4	ANTIHORARIO	15000	4	32,482	1,036	34,139	0,144	0,0863	0,9327	0,9477	4,473	7,962	0,321	-26,75	-18,51	-26,43	-18,69
30/09/2026 11:24:45	V0.04	4	ANTIHORARIO	15000	5	32,487	0,975	32,583	0,0525	0,0288	0,8969	0,8988	3,71	3,527	0,603	-26,31	-17,66	-26,86	-18,55
30/09/2026 11:24:47	V0.04	4	ANTIHORARIO	15000	6	32,471	1,076	36,473	0,1089	0,0507	0,9255	0,9333	2,626	4,275	1,611	-26,84	-18,95	-26,5	-19,1
30/09/2026 11:24:49	V0.04	4	ANTIHORARIO	15000	7	32,47	1,062	34,625	0,1318	0,1306	0,9143	0,933	0,099	4,191	1,504	-26,17	-18,06	-26,48	-19,26
30/09/2026 11:24:51	V0.04	4	ANTIHORARIO	15000	8	32,487	0,999	32,875	0,1494	0,1266	0,8871	0,9084	3,26	3,382	0,015	-26,55	-17,89	-26,3	-17,93
30/09/2026 11:24:55	V0.04	4	ANTIHORARIO	15000	9	32,46	1,096	35,598	0,1389	0,12	0,886	0,9048	0,466	2,45	1,817	-26,58	-18,23	-26,55	-18,88
30/09/2026 11:24:55	V0.04	4	ANTIHORARIO	15000	10	32,48	1,028	33,847	0,038	0,0195	0,9241	0,9251	3,527	5,328	0,092	-26,7	-19,54	-26,42	-18,51
30/09/2026 11:24:56	V0.04	4	ANTIHORARIO	15000	11	32,501	0,97	31,708	0,1464	0,1331	0,9385	0,9591	3,008	3,481	0,389	-26,46	-17,99	-26,5	-17,6
30/09/2026 11:25:00	V0.04	4	ANTIHORARIO	15000	12	32,471	1,071	35,501	0,1726	0,0721	0,8728	0,8926	2,977	2,534	0,725	-24,49	-17,07	-24,52	-16,34
30/09/2026 11:25:00	V0.04	4	ANTIHORARIO	15000	13	32,485	1,044	34,528	0,0779	0,0813	0,9475	0,9542	0,588	2,863	2,382	-26,8	-19,54	-26,36	-17,37
30/09/2026 11:25:02	V0.04	4	ANTIHORARIO	15000	14	32,497	0,963	32,291	0,0812	0,0249	0,9697	0,9734	2,672	2,183	0,191	-26,72	-19,14	-26,58	-18,16
30/09/2026 11:25:04	V0.04	4	ANTIHORARIO	15000	15	32,493	1,021	33,166	0,0231	0,0059	0,9937	0,9939	0,221	5,565	0,611	-26,7	-17,73	-26,66	-18,73
30/09/2026 11:25:06	V0.04	4	ANTIHORARIO	15000	16	32,497	0,994	31,999	0,0906	0,0571	0,9293	0,9355	1	2,756	1,351	-26,27	-18,66	-26,6	-19,54
30/09/2026 11:25:07	V0.04	4	ANTIHORARIO	15000	17	32,486	1,083	35,306	0,106	0,103	0,913	0,9248	1,626	1,435	2,366	-26,63	-18,8	-26,84	-19,1
30/09/2026 11:25:09	V0.04	4	ANTIHORARIO	15000	18	32,501	0,968	31,319	0,0175	0,0469	0,9348	0,9362	0,519	3,321	0,939	-26,18	-18,34	-26,88	-19,42
30/09/2026 11:25:11	V0.04	4	ANTIHORARIO	15000	19	32,487	1,08	35,306	0,0985	0,0194	0,9879	0,993	0,908	0,153	1,26	-26,7	-19,42	-26,59	-18,34
30/09/2026 11:25:13	V0.04	4	ANTIHORARIO	15000	20	32,515	0,964	31,902	0,1519	0,0879	0,9734	0,9891	2,198	2,046	0,137	-26,72	-18,55	-26,46	-18,62
30/09/2026 11:25:20	V0.04	4	HORARIO	20000	1	32,493	1,066	34,917	0,0823	0,0562	0,9274	0,9328	4,325	5,048	6,457	-26,31	-16,57	-26,31	-16,95
30/09/2026 11:25:21	V0.04	4	HORARIO	20000	2	32,481	1,117	37,057	0,0699	0,0605	1,0325	1,0366	3,29	1,878	3,069	-27,13	-20,38	-26,43	-18,55
30/09/2026 11:25:23	V0.04	4	HORARIO	20000	3	32,497	1,06	34,82	0,0526	0,1195	0,8649	0,8747	3,023	3,924	1,969	-26,56	-19,22	-26,98	-19,18
30/09/2026 11:25:25	V0.04	4	HORARIO	20000	4	32,491	1,1	36,473	0,0562	0,0487	1,0192	1,0219	3,603	5,664	1,092	-27,3	-19,54	-26,31	-18,13
30/09/2026 11:25:27	V0.04	4	HORARIO	20000	5	32,485	1,128	37,738	0,0179	0,0652	1,0115	1,0137	1,672	0,313	0,756	-26,74	-18,48	-26,72	-19,38
30/09/2026 11:25:29	V0.04	4	HORARIO	20000	6	32,497	1,073	34,723	0,1335	0,1353	0,855	0,8759	1,725	0,802	0,687	-26,77	-18,44	-26,63	-17,86
30/09/2026 11:25:30	V0.04	4	HORARIO	20000	7	32,502	1,06	35,014	0,0656	0,0657	0,9575	0,962	1,275	2,092	1,336	-27,03	-19,38	-26,5	-19,95
30/09/2026 11:25:32	V0.04	4	HORARIO	20000	8	32,49	1,108	36,473	0,0979	0,0784	0,9647	0,9728	0,191	4,954	1,466	-26,83	-19,22	-26,4	-18,77
30/09/2026 11:25:34	V0.04	4	HORARIO	20000	9	32,504	1,073	35,014	0,0763	0,0116	1,0326	1,0355	1,733	0,527	1,366	-26,25	-19,18	-26,94	-18,37
30/09/2026 11:25:36	V0.04	4	HORARIO	20000	10	32,503	1,063	35,404	0,0594	0,0542	1,0244	1,0276	0,855	1,954	1,206	-26,7	-19,42	-26,74	-19,3
30/09/2026 11:25:38	V0.04	4	HORARIO	20000	11	32,491	1,142	36,96	0,0039	0,0471	0,8259	0,8273	3,427	5,145	0,084	-26,72	-19,22	-26,55	-18,27
30/09/2026 11:25:39	V0.04	4	HORARIO	20000	12	32,513	1,055	34,236	0,0061	0,0015	0,9512	0,9512	2,115	3,42	0,809	-27,12	-19,54	-26,37	-18,95
30/09/2026 11:25:41	V0.04	4	HORARIO	20000	13	32,51	1,077	35,306	0,0651	0,0193	0,8372	0,8399	0,939	2,969	1,42	-26,78	-19,54	-26,78	-18,95
30/09/2026 11:25:43	V0.04	4	HORARIO	20000	14	32,489	1,118	37,057	0,0941	0,0221	0,9849	0,9896	3,359	4,504	0,313	-26,67	-18,66	-26,48	-18,95
30/09/2026 11:25:45	V0.04	4	HORARIO	20000	15	32,527	1,002	32,583	0,0837	0,0581	1,0477	1,0527	1,687	0,863	0,779	-26,92	-20,74	-26,47	-17,53
30/09/2026 11:25:47	V0.04	4	HORARIO	20000	16	32,505	1,096	36,084	0,0187	0,0703	1,0122	1,0148	0,26	5,435	1,351	-26,44	-18,16	-26,59	-17,57
30/09/2026 11:25:49	V0.04	4	HORARIO	20000	17	32,517	1,058	35,404	0,1572	0,1317	0,9098	0,9326	1,511	0,924	1,092	-27,05	-19,5	-26,53	-19,54
30/09/2026 11:25:51	V0.04	4	HORARIO	20000	18	32,51	1,052	34,334	0,0372	0,0425	0,7742	0,7762	0,26	5,153	1,786	-26,95	-19,18	-26,68	-18,48
30/09/2026 11:25:52	V0.04	4	HORARIO	20000	19	32,508	1,05	34,723	0,0017	0,0428	0,8707	0,8718	0,557	5,42	1,427	-26,72	-19,07	-26,68	-18,62
30/09/2026 11:25:54	V0.04	4	HORARIO	20000	20	32,515	1,048	34,042	0,0668	0,0114	1,0056	1,0079	0,878	3,748	2,137	-26,86	-19,42	-26,81	-19,3
30/09/2026 11:26:01	V0.04	4	ANTIHORARIO	20000	1	32,506	1,028	33,945	0,1043	0,0638	0,9235	0,9316	3,091	6,354	8,084	-26,14	-16,07	-26	-15,91
30/09/2026 11:26:03	V0.04	4	ANTIHORARIO	20000	2	32,503	1,018	33,945	0,1067	0,0767	0,8652	0,8752	3,344	4,931	3,397	-26,48	-18,34	-26,41	-17,99
30/09/2026 11:26:04	V0.04	4	ANTIHORARIO	20000	3	32,529	0,936	30,346	0,045	0,0657	0,8508	0,8545	0,901	4,855	0,969	-26,72	-19,74	-26,32	-18,51
30/09/2026 11:26:07	V0.04	4	ANTIHORARIO	20000	4	32,519	0,988	32,583	0,0383	0,0607	0,957	0,9597	3,389	4,45	0,176	-26,67	-16,8	-26,67	-18,88
30/09/2026 11:26:08	V0.04	4	ANTIHORARIO	20000	5	32,508	1,03	34,042	0,025	0,0637	0,9938	0,9961	0,611	2,901	2,565	-26,4	-18,13	-26,51	-18,09
30/09/2026 11:26:10	V0.04	4	ANTIHORARIO	20000	6	32,51	1,022	34,236	0,098	0,0569	0,9064	0,9134	1,794	0,748	0,198	-26,85	-19,3	-26,32	-17,86
30/09/2026 11:26:12	V0.04	4	ANTIHORARIO	20000	7	32,529	0,942	31,221	0	0	0	0	0	0	0	-26,44	-17,69	-26,61	-17,53
30/09/2026 11:26:13	V0.04	4	ANTIHORARIO	20000	8	32,502	1,075	35,404	0,1	0,0734	0,819	0,8283	3,519	4,565	0,634	-26,61	-17,16	-26,42	-17,86
30/09/2026 11:26:15	V0.04	4	ANTIHORARIO	20000	9	32,495	1,068	35,112	0,0035	0,0372	0,9692	0,97	3,626	5,779	0,901	-26,06	-18,37	-26,92	-18,8
30/09/2026 11:26:17	V0.04	4	ANTIHORARIO	20000	10	32,517	0,99	32,972	0,0579	0,0048	0,9152	0,917	0,26	3,206	0,908	-26,2	-18,88	-26,69	-18,55
30/09/2026 11:26:19	V0.04	4	ANTIHORARIO	20000	11	32,512	1,075	35,209	0,0881	0,063	0,9314	0,9377	2,603	0,916	1,145	-26,74	-19,91	-26,51	-18,27
30/09/2026 11:26:21	V0.04	4	ANTIHORARIO	20000	12	32,512	1,011	33,264	0,0187	0,0145	0,0157	0,0284	1,969	1,969	1,969	-26,61	-19,14	-26,47	-18,48
30/09/2026 11:26:23	V0.04	4	ANTIHORARIO	20000	13	32,519	0,988	33,166	0,0425	0,0063	0,9586	0,9596	1,214	1,595	0,542	-26,46	-18,69	-26,38	-18,55
30/09/2026 11:26:24	V0.04	4	ANTIHORARIO	20000	14	32,498	1,057	35,404	0,1901	0,0878	0,8292	0,8552	2,847	1,427	0,985	-26,69	-18,91	-26,27	-18,88
30/09/2026 11:26:26	V0.04	4	ANTIHORARIO	20000	15	32,513	1,015	33,069	0,0402	0,0619	0,9021	0,9051	0,015	1,969	1,969	-26,61	-17,99	-26,51	-18,95
30/09/2026 11:26:28	V0.04	4	ANTIHORARIO	20000	16	32,52	0,965	31,513	0,0095	0,0267	0,9823	0,9827	1,305	2,069	0,847	-26,37	-18,48	-26,63	-17,34
30/09/2026 11:26:29	V0.04	4	ANTIHORARIO	20000	17	32,498	1,083	35,89	0,1505	0,1193	0,8566	0,8778	0,84	2,26	1,58	-26,27	-18,84	-26,55	-19,03
30/09/2026 11:26:31	V0.04	4	ANTIHORARIO	20000	18	32,529	0,989	32,583	0,1992	0,1293	0,9064	0,937	2,145	1,412	0,565	-26,43	-18,55	-26,32	-18,55
30/09/2026 11:26:33	V0.04	4	ANTIHORARIO	20000	19	32,535	0,925	31,319	0,0094	0,0127	0,8831	0,8832	2,244	0,397	0,74	-24,59	-16,45	-26,01	-18,03
30/09/2026 11:26:35	V0.04	4	ANTIHORARIO	20000	20	32,509	1,081	35,404	0,0131	0,0453	0,9343	0,9355	2,168	2,023	1,702	-26,9	-19,3	-26,22	-18,23
30/09/2026 11:30:09	V0.04	5	HORARIO	15000	1	32,44	1,021	34,042	0,0753	0,0417	0,9232	0,9272	3,951	4,942	7,218	-26,28	-16,01	-25,24	-15,03
30/09/2026 11:30:14	V0.04	5	HORARIO	15000	2	32,443	1,043	34,139	0,0327	0,0735	1,0214	1,0245	2,237	0,771	2,107	-26,45	-18,66	-25,47	-17,66
30/09/2026 11:30:16	V0.04	5	HORARIO	15000	3	32,443	1,07	35,112	0,0323	0,0581	0,9752	0,9775	2,374	1,725	1,015	-26,39	-18,23	-25,49	-17,6
30/09/2026 11:30:17	V0.04	5	HORARIO	15000	4	32,443	1,108	36,182	0,0098	0,0801	0,9851	0,9884	1,947	0,336	1,29	-26,36	-18,34	-25,25	-16,23
30/09/2026 11:30:19	V0.04	5	HORARIO	15000	5	32,451	1,053	35,404	0,0236	0,0281	0,9102	0,9109	2,176	0,191	1,206	-26,17	-18,09	-25,41	-16,31
30/09/2026 11:30:20	V0.04	5	HORARIO	15000	6	32,455	1,064	35,598	0,0262	0,0043	0,9375	0,9379	1,771	0,183	1,267	-26,49	-18,84	-25,73	-17,37
30/09/2026 11:30:23	V0.04	5	HORARIO	15000	7	32,468	1,017	32,583	0,0057	0	0,868	0,8681	2,076	0,603	1,053	-26,62	-19,42	-25,47	-16,6
30/09/2026 11:30:25	V0.04	5	HORARIO	15000	8	32,48	0,995	32,875	0,0247	0,0107	0,8635	0,8639	2,26	2,046	1,191	-26,54	-17,96	-25,55	-16,83
30/09/2026 11:30:26	V0.04	5	HORARIO	15000	9	32,48	0,993	33,069	0,0104	0,0833	0,9619	0,9656	1,931	0,336	0,496	-26,1	-18,3	-25,27	-16,43
30/09/2026 11:30:30	V0.04	5	HORARIO	15000	11	32,469	1,065	34,723	0,1124	0,0389	0,8995	0,9074	2,916	2,183	1,038	-26,51	-17,31	-25,72	-17,04
30/09/2026 11:30:30	V0.04	5	HORARIO	15000	10	32,461	1,064	34,431	0,0343	0,084	1,0223	1,0264	1,45	0,176	0,58	-26,43	-18,91	-25,55	-17,25
30/09/2026 11:30:32	V0.04	5	HORARIO	15000	12	32,483	1,018	33,166	0,0514	0,0378	1,0029	1,005	0,985	1,115	1,13	-26,4	-18,69	-25,8	-16,48
30/09/2026 11:30:34	V0.04	5	HORARIO	15000	13	32,487	0,969	30,638	0,1169	0,0482	0,9895	0,9976	2,298	2,13	1,298	-26,39	-19,3	-25,68	-17,34
30/09/2026 11:30:36	V0.04	5	HORARIO	15000	14	32,483	0,968	32,291	0,0436	0,0411	1,0302	1,0319	1,664	0,557	1,397	-26,68	-18,69	-26,02	-17,66
30/09/2026 11:30:38	V0.04	5	HORARIO	15000	15	32,475	1,041	34,042	0,0616	0,0352	0,9053	0,9081	2,42	2,954	1,061	-25,7	-16,68	-25,51	-16,43
30/09/2026 11:30:40	V0.04	5	HORARIO	15000	16	32,473	1,045	33,653	0	0	0	0	0	0	0	-25,93	-18,13	-25,4	-16,43
30/09/2026 11:30:41	V0.04	5	HORARIO	15000	17	32,498	0,961	31,513	0,1183	0,0415	0,9646	0,9727	1,908	0,733	1,634	-26,29	-18,06	-25,55	-17,37
30/09/2026 11:30:42	V0.04	5	HORARIO	15000	18	32,48	1,032	33,361	0,0573	0,0502	0,7941	0,7977	2,687	2,122	0,992	-25,46	-16,04	-25,5	-16,86
30/09/2026 11:30:45	V0.04	5	HORARIO	15000	19	32,486	1,001	32,875	0,0427	0,032	0,8582	0,8598	0,687	3,458	1,168	-26,2	-18,66	-25,52	-17,69
30/09/2026 11:30:46	V0.04	5	HORARIO	15000	20	32,507	0,959	30,832	0,0669	0,0256	0,9647	0,9674	2,015	0,511	1,229	-26,09	-17,47	-25,98	-17,41
30/09/2026 11:30:53	V0.04	5	ANTIHORARIO	15000	1	32,489	0,951	31,027	0,083	0,0456	0,9267	0,9315	3,164	7,12	8,36	-26,3	-16,45	-25,93	-15,83
30/09/2026 11:30:55	V0.04	5	ANTIHORARIO	15000	2	32,484	0,952	31,416	0,0259	0,0513	0,9303	0,9321	3,748	2,962	1,336	-26,54	-18,8	-26,24	-18,3
30/09/2026 11:30:57	V0.04	5	ANTIHORARIO	15000	3	32,493	0,916	29,471	0,001	0,0225	0,9417	0,9419	1,527	1,076	0,359	-26,71	-18,84	-26,36	-18,41
30/09/2026 11:30:58	V0.04	5	ANTIHORARIO	15000	4	32,497	0,922	31,027	0,093	0,0599	0,8864	0,8932	0,962	2,443	1,939	-26,58	-18,8	-26,13	-17,79
30/09/2026 11:31:00	V0.04	5	ANTIHORARIO	15000	5	32,493	0,984	32,194	0,011	0,0649	0,9943	0,9964	1,519	0,198	0,664	-26,67	-18,8	-26,1	-17,83
30/09/2026 11:31:04	V0.04	5	ANTIHORARIO	15000	6	32,51	0,899	30,346	0,0911	0,0525	0,8673	0,8737	1,672	0,679	0,656	-26,69	-17,99	-26,22	-18,62
30/09/2026 11:31:05	V0.04	5	ANTIHORARIO	15000	7	32,505	0,943	31,027	0,0896	0,0262	0,9508	0,9554	1,924	0,031	1,191	-26,11	-18,03	-26,2	-17,93
30/09/2026 11:31:06	V0.04	5	ANTIHORARIO	15000	8	32,507	0,944	31,999	0,0913	0,0122	0,9962	1,0005	2,313	3,992	0,649	-26,74	-18,95	-26,16	-17,93
30/09/2026 11:31:08	V0.04	5	ANTIHORARIO	15000	9	32,523	0,903	30,443	0,0934	0,0642	0,8613	0,8688	2,405	2,382	0,252	-26,34	-18,55	-25,85	-17,41
30/09/2026 11:31:09	V0.04	5	ANTIHORARIO	15000	10	32,511	0,94	31,513	0	0	0	0	0	0	0	-26,34	-18,3	-25,99	-17,41
30/09/2026 11:31:11	V0.04	5	ANTIHORARIO	15000	11	32,5	0,972	31,416	0,0801	0,0219	0,9686	0,9722	1,779	0,954	1,427	-26,8	-18,99	-26,11	-17,86
30/09/2026 11:31:13	V0.04	5	ANTIHORARIO	15000	12	32,498	0,961	31,999	0,1356	0,0422	0,8882	0,8995	3,084	4,542	0,779	-26,29	-18,23	-25,98	-18,44
30/09/2026 11:31:15	V0.04	5	ANTIHORARIO	15000	13	32,513	0,934	30,54	0,0681	0,0021	0,955	0,9574	2,366	1,504	0,679	-26,29	-17,34	-25,83	-17,57
30/09/2026 11:31:17	V0.04	5	ANTIHORARIO	15000	14	32,513	0,914	30,249	0,0676	0,0365	0,9244	0,9276	1,053	1,443	1,664	-26,54	-19,91	-26,21	-16,95
30/09/2026 11:31:18	V0.04	5	ANTIHORARIO	15000	15	32,504	0,971	31,805	0,0009	0,0581	0,9227	0,9246	1,29	1,672	0,939	-26,36	-18,91	-25,99	-18,55
30/09/2026 11:31:21	V0.04	5	ANTIHORARIO	15000	16	32,517	0,913	29,86	0,007	0,0465	0,9327	0,9339	2,374	2,626	0,901	-26,61	-18,51	-26,39	-18,62
30/09/2026 11:31:22	V0.04	5	ANTIHORARIO	15000	17	32,498	0,978	32,388	0,0493	0,0104	0,9614	0,9627	1,908	0,901	1,504	-26,37	-18,55	-25,95	-18,2
30/09/2026 11:31:24	V0.04	5	ANTIHORARIO	15000	18	32,497	1,008	32,875	0,0375	0,0364	0,9464	0,9479	1,206	0,45	1,275	-26,7	-18,88	-26,28	-17,76
30/09/2026 11:31:25	V0.04	5	ANTIHORARIO	15000	19	32,507	0,945	30,929	0,0012	0,0254	0,9176	0,918	2,053	1,962	0,55	-26,67	-19,1	-26,16	-18,58
30/09/2026 11:31:27	V0.04	5	ANTIHORARIO	15000	20	32,51	0,961	31,513	0,0049	0,0695	0,9614	0,9639	1,924	0,374	1,954	-26,69	-19,26	-26,27	-18,91
30/09/2026 11:31:34	V0.04	5	HORARIO	20000	1	32,503	0,983	33,361	0,0941	0,0502	0,9247	0,9308	4,24	9,453	8,158	-26	-16,2	-25,74	-15,32
30/09/2026 11:31:36	V0.04	5	HORARIO	20000	2	32,497	1,049	33,653	0,0656	0,0225	0,9177	0,9203	3,046	0,542	1,069	-26,76	-19,42	-26,15	-18,58
30/09/2026 11:31:38	V0.04	5	HORARIO	20000	3	32,521	0,957	31,61	0,0806	0,021	1,0015	1,0049	2,206	1,313	1,985	-26,05	-18,66	-26,27	-17,76
30/09/2026 11:31:39	V0.04	5	HORARIO	20000	4	32,502	1,003	32,972	0,0488	0,0406	0,9889	0,9909	1,153	1,756	1,771	-26,47	-18,99	-26,1	-18,13
30/09/2026 11:31:42	V0.04	5	HORARIO	20000	5	32,518	0,952	32,875	0,0336	0,0355	0,9932	0,9944	2,397	2,557	1,305	-26,57	-17,69	-26,23	-18,48
30/09/2026 11:31:43	V0.04	5	HORARIO	20000	6	32,505	0,979	32,291	0,0062	0,069	1,0189	1,0213	2,061	0,275	1,107	-25,85	-18,03	-25,93	-16,74
30/09/2026 11:31:45	V0.04	5	HORARIO	20000	7	32,51	0,986	32,777	0,0433	0,0286	1,0076	1,0089	2,947	3,962	0,908	-26,74	-18,84	-26,34	-18,41
30/09/2026 11:31:47	V0.04	5	HORARIO	20000	8	32,506	1,048	34,236	0,0637	0,0544	0,8069	0,8112	2,634	2,198	0,893	-26,59	-18,88	-26,14	-17,47
30/09/2026 11:31:48	V0.04	5	HORARIO	20000	9	32,513	0,989	32,486	0,0935	0,0471	0,963	0,9687	1,824	1,107	1,504	-26,21	-18,73	-26,08	-17,86
30/09/2026 11:31:50	V0.04	5	HORARIO	20000	10	32,51	1,014	33,556	0,0647	0,0365	0,8123	0,8156	2,931	2,573	0,878	-26,64	-18,23	-26,52	-19,03
30/09/2026 11:31:52	V0.04	5	HORARIO	20000	11	32,502	1,021	33,556	0,0092	0,0713	0,9615	0,9642	2,336	1,42	0,908	-26,48	-18,99	-26,22	-17,22
30/09/2026 11:31:54	V0.04	5	HORARIO	20000	12	32,516	1,003	34,236	0,045	0,0209	0,9966	0,9978	1,26	1,176	1,344	-26,47	-18,69	-26,33	-18,73
30/09/2026 11:31:56	V0.04	5	HORARIO	20000	13	32,519	0,997	32,097	0,0736	0,031	0,858	0,8617	1,244	1,214	1,099	-26,46	-18,48	-26,11	-18,44
30/09/2026 11:31:57	V0.04	5	HORARIO	20000	14	32,52	1,009	32,777	0,0137	0,035	0,8718	0,8726	1,939	1,435	1,115	-25,62	-17,25	-25,4	-15,8
30/09/2026 11:31:59	V0.04	5	HORARIO	20000	15	32,523	0,985	33,264	0,0094	0,006	0,8969	0,8969	2,092	0,031	0,962	-26,68	-19,22	-26,35	-17,89
30/09/2026 11:32:02	V0.04	5	HORARIO	20000	16	32,516	0,982	32,583	0,0145	0,0695	0,9238	0,9265	1,985	0,634	1,573	-26,75	-18,99	-26,35	-18,62
30/09/2026 11:32:03	V0.04	5	HORARIO	20000	17	32,534	0,941	32,388	0,0343	0,0353	1,0221	1,0233	2,435	1,221	1,198	-26,48	-19,26	-26,46	-17,34
30/09/2026 11:32:05	V0.04	5	HORARIO	20000	18	32,518	1,022	33,75	0,0554	0,0184	0,8463	0,8483	1,382	0,603	1,069	-26,67	-19,26	-26,43	-18,69
30/09/2026 11:32:06	V0.04	5	HORARIO	20000	19	32,523	0,962	32,291	0,0062	0,0715	0,9485	0,9512	2,435	1,649	1,412	-26,51	-17,79	-26,45	-18,95
30/09/2026 11:32:08	V0.04	5	HORARIO	20000	20	32,542	0,927	30,832	0,0803	0,0012	0,9805	0,9838	2,336	1,87	0,359	-26,36	-19,1	-26,35	-17,66
30/09/2026 11:32:15	V0.04	5	ANTIHORARIO	20000	1	32,51	0,955	31,902	0,0891	0,0444	0,925	0,9304	3,191	5,341	8,748	-26,2	-15,96	-25,93	-15,75
30/09/2026 11:32:17	V0.04	5	ANTIHORARIO	20000	2	32,51	0,989	31,319	0,061	0,0021	0,9183	0,9204	2,191	0,725	3,038	-26,53	-19,26	-26,32	-17,41
30/09/2026 11:32:21	V0.04	5	ANTIHORARIO	20000	4	32,521	0,914	30,735	0,015	0,0588	0,925	0,927	1,191	2	1,939	-26,43	-19,14	-26,29	-18,37
30/09/2026 11:32:21	V0.04	5	ANTIHORARIO	20000	3	32,53	0,942	30,638	0,1097	0,0784	0,8721	0,8824	1,893	1,092	0,267	-26,17	-18,2	-25,71	-17,76
30/09/2026 11:32:22	V0.04	5	ANTIHORARIO	20000	5	32,517	0,928	30,54	0,0204	0,0409	0,9827	0,9837	1,641	0,237	0,664	-26,86	-18,62	-26,22	-17,66
30/09/2026 11:32:25	V0.04	5	ANTIHORARIO	20000	6	32,51	0,973	32,388	0,0851	0,0165	0,978	0,9819	1,71	0,992	1,618	-26,58	-18,58	-26,6	-18,91
30/09/2026 11:32:26	V0.04	5	ANTIHORARIO	20000	7	32,515	0,987	31,805	0,0446	0,0214	0,9625	0,9638	1,321	2,924	0,718	-26,67	-19,74	-26,32	-18,37
30/09/2026 11:32:28	V0.04	5	ANTIHORARIO	20000	8	32,522	0,916	30,054	0,0654	0,0094	0,9606	0,9628	2,023	1,481	1,122	-26,31	-18,37	-25,95	-17,79
30/09/2026 11:32:30	V0.04	5	ANTIHORARIO	20000	9	32,52	0,951	31,708	0,1143	0,0515	0,9119	0,9204	2,397	3,237	0,107	-26,37	-18,48	-26,17	-18,55
30/09/2026 11:32:31	V0.04	5	ANTIHORARIO	20000	10	32,51	0,98	32,486	0,0907	0,0735	0,9039	0,9114	2,763	5,763	1,061	-25,24	-16,83	-25,65	-17,44
30/09/2026 11:32:33	V0.04	5	ANTIHORARIO	20000	11	32,511	0,967	32,194	0,0327	0,0189	0,9303	0,9311	1,099	2,588	1,847	-26,72	-18,34	-26,39	-18,3
30/09/2026 11:32:35	V0.04	5	ANTIHORARIO	20000	12	32,519	0,961	31,708	0,141	0,057	0,861	0,8743	2,473	0,55	0,802	-25,94	-17,69	-25,48	-17,01
30/09/2026 11:32:37	V0.04	5	ANTIHORARIO	20000	13	32,512	0,983	32,388	0,001	0,0531	0,9198	0,9213	1,298	2,427	2,069	-26,49	-19,7	-26,35	-18,13
30/09/2026 11:32:38	V0.04	5	ANTIHORARIO	20000	14	32,53	0,947	30,929	0,0389	0,0044	0,889	0,8899	1,786	2,458	1,282	-26,61	-18,27	-26,16	-18,13
30/09/2026 11:32:41	V0.04	5	ANTIHORARIO	20000	15	32,518	0,961	31,221	0,0234	0,043	0,9059	0,9072	1,901	1,015	0,901	-26,44	-17,53	-26,14	-17,79
30/09/2026 11:32:42	V0.04	5	ANTIHORARIO	20000	16	32,524	0,978	32,583	0,0796	0,0057	0,9659	0,9692	1,168	2,962	1,534	-26,71	-19,5	-26,08	-17,73
30/09/2026 11:32:44	V0.04	5	ANTIHORARIO	20000	17	32,524	0,942	31,124	0	0	0	0	0	0	0	-26,47	-18,69	-26,31	-18,77
30/09/2026 11:32:46	V0.04	5	ANTIHORARIO	20000	18	32,545	0,901	29,665	0,0081	0,0303	0,9	0,9006	1,405	2,511	1,45	-26,87	-18,84	-26,01	-18,44
30/09/2026 11:32:48	V0.04	5	ANTIHORARIO	20000	19	32,526	0,949	31,708	0,0692	0,025	0,8785	0,8816	2,198	0,321	0,489	-26,35	-18,62	-25,63	-17,47
30/09/2026 11:32:50	V0.04	5	ANTIHORARIO	20000	20	32,523	0,984	31,902	0,1162	0,0695	0,8629	0,8735	2,672	0,817	0,649	-26,63	-18,95	-26,14	-17,73
30/09/2026 11:40:35	V0.04	6	HORARIO	15000	1	32,487	0,784	25,191	0,1025	0,0468	0,9298	0,9366	4,036	8,071	5,821	-26,24	-16,57	-26,21	-15,27
30/09/2026 11:40:37	V0.04	6	HORARIO	15000	2	32,483	0,807	26,844	0,0228	0,0219	0,9639	0,9644	1,908	2,557	0,015	-26,28	-19,38	-27,54	-19,99
30/09/2026 11:40:39	V0.04	6	HORARIO	15000	3	32,489	0,809	26,553	0,0422	0,0303	0,9651	0,9665	0,076	4,153	2,565	-26,07	-19,66	-27,6	-19,26
30/09/2026 11:40:42	V0.04	6	HORARIO	15000	5	32,487	0,823	26,358	0,1143	0,0079	0,9694	0,9761	1,015	3,107	0,84	-26,21	-18,37	-26,62	-18,77
30/09/2026 11:40:43	V0.04	6	HORARIO	15000	4	32,506	0,773	26,066	0,0726	0,049	0,9645	0,9684	0,794	4,008	1,351	-27,09	-19,62	-26,17	-19,62
30/09/2026 11:40:44	V0.04	6	HORARIO	15000	6	32,515	0,729	24,996	0,0342	0,0365	0,8743	0,8757	1,244	0,679	1,573	-26,18	-18,88	-27,18	-18,48
30/09/2026 11:40:46	V0.04	6	HORARIO	15000	7	32,512	0,74	25,094	0	0	0	0	0	0	0	-26,31	-18,37	-26,81	-19,26
30/09/2026 11:40:48	V0.04	6	HORARIO	15000	8	32,499	0,818	26,844	0,0415	0,045	0,8732	0,8753	1,542	1,969	1,672	-26,53	-18,99	-26,74	-19,86
30/09/2026 11:40:50	V0.04	6	HORARIO	15000	9	32,496	0,828	27,72	0,0327	0,0419	0,9346	0,9361	0,252	4,885	1,038	-26,44	-16,77	-26,56	-19,54
30/09/2026 11:40:52	V0.04	6	HORARIO	15000	10	32,498	0,812	26,066	0,0565	0,0435	0,9755	0,9781	3,137	3,221	0,664	-26,34	-18,77	-27,2	-19,26
30/09/2026 11:40:53	V0.04	6	HORARIO	15000	11	32,488	0,832	27,525	0,0891	0,0291	0,9703	0,9749	0,908	2,588	0,779	-26,58	-19,5	-27,1	-19,26
30/09/2026 11:40:55	V0.04	6	HORARIO	15000	12	32,505	0,767	26,066	0,0188	0,0468	0,9618	0,9631	1,374	0,679	1,023	-26,41	-19,38	-27,18	-18,03
30/09/2026 11:40:57	V0.04	6	HORARIO	15000	13	32,504	0,809	27,525	0,0724	0,0248	0,9584	0,9614	2,45	2,176	1,267	-26,52	-18,58	-26,47	-19,18
30/09/2026 11:40:59	V0.04	6	HORARIO	15000	14	32,497	0,799	26,65	0,0707	0,0332	0,9388	0,9421	2,496	1,122	0,298	-26,56	-19,95	-27,06	-18,62
30/09/2026 11:41:01	V0.04	6	HORARIO	15000	15	32,523	0,745	23,44	0,057	0,0432	0,876	0,8789	0,427	2,962	1,267	-26,78	-18,99	-26,89	-20,03
30/09/2026 11:41:03	V0.04	6	HORARIO	15000	16	32,53	0,701	23,829	0,0046	0,0131	0,9128	0,9129	2,382	0,466	1,809	-27,26	-18,13	-26,01	-19,58
30/09/2026 11:41:05	V0.04	6	HORARIO	15000	17	32,506	0,813	27,331	0,1107	0,02	0,9493	0,956	3,115	2,664	0,412	-26,23	-19,82	-27,33	-19,22
30/09/2026 11:41:06	V0.04	6	HORARIO	15000	18	32,521	0,738	24,996	0,1125	0,0054	0,9478	0,9544	1,29	1,565	1,153	-26,56	-18,41	-25,55	-17,47
30/09/2026 11:41:08	V0.04	6	HORARIO	15000	19	32,511	0,796	26,65	0,0619	0,0363	0,9546	0,9573	2,069	0,74	1,252	-26,59	-19,46	-26,98	-20,16
30/09/2026 11:41:09	V0.04	6	HORARIO	15000	20	32,526	0,789	25,58	0,085	0,0345	0,9089	0,9136	1,473	0,931	0,977	-26,59	-18,23	-27,09	-18,03
30/09/2026 11:41:16	V0.04	6	ANTIHORARIO	15000	1	32,536	0,657	21,884	0,0879	0,0399	0,928	0,933	3,634	4,1	9,102	-26,55	-16,95	-26,68	-17,44
30/09/2026 11:41:18	V0.04	6	ANTIHORARIO	15000	2	32,544	0,681	22,565	0,0052	0,012	0,9435	0,9436	2	1,947	3,366	-26,77	-19,91	-26,92	-19,42
30/09/2026 11:41:20	V0.04	6	ANTIHORARIO	15000	3	32,522	0,701	22,857	0,0123	0,0404	0,9396	0,9405	2,443	2,565	1,443	-26,29	-18,03	-26,63	-18,77
30/09/2026 11:41:22	V0.04	6	ANTIHORARIO	15000	4	32,532	0,663	22,759	0,0642	0,0375	0,9521	0,955	2,412	2,504	1,916	-26,76	-19,1	-26,42	-19,3
30/09/2026 11:41:24	V0.04	6	ANTIHORARIO	15000	5	32,53	0,688	23,538	0,0229	0,0321	0,95	0,9508	2,008	1,015	0,351	-27,05	-19,3	-26,39	-19,74
30/09/2026 11:41:25	V0.04	6	ANTIHORARIO	15000	6	32,524	0,726	24,218	0,026	0,0588	0,9469	0,9491	1,519	0,748	1,366	-26,11	-17,66	-26,37	-17,89
30/09/2026 11:41:27	V0.04	6	ANTIHORARIO	15000	7	32,524	0,729	24,121	0,0056	0,0404	0,9513	0,9522	3,13	4,038	1,969	-26,23	-17,37	-26,49	-18,62
30/09/2026 11:41:29	V0.04	6	ANTIHORARIO	15000	8	32,532	0,699	22,565	0,1053	0,0574	0,8739	0,8821	1,359	0,626	0,42	-26,39	-18,3	-26,29	-18,41
30/09/2026 11:41:31	V0.04	6	ANTIHORARIO	15000	9	32,525	0,724	24,705	0,1428	0,0013	0,9664	0,9769	2,992	3,847	0,779	-26,62	-18,99	-26,63	-19,07
30/09/2026 11:41:32	V0.04	6	ANTIHORARIO	15000	10	32,535	0,702	23,44	0,1492	0,0264	0,943	0,9551	1,542	1,267	0,855	-26,64	-18,91	-26,72	-18,69
30/09/2026 11:41:35	V0.04	6	ANTIHORARIO	15000	11	32,541	0,645	21,69	0,1307	0,0637	0,8719	0,884	2,702	1,992	0,718	-26,63	-17,99	-26,65	-18,95
30/09/2026 11:41:37	V0.04	6	ANTIHORARIO	15000	12	32,529	0,709	23,829	0,0115	0,033	0,9442	0,9449	2,824	3,305	1,374	-26,71	-18,91	-26,46	-18,37
30/09/2026 11:41:38	V0.04	6	ANTIHORARIO	15000	13	32,531	0,701	23,44	0,0754	0,0479	0,887	0,8915	1,649	1,191	0,611	-26,75	-19,3	-26,37	-18,27
30/09/2026 11:41:40	V0.04	6	ANTIHORARIO	15000	14	32,539	0,69	23,246	0,0154	0,0331	0,9523	0,953	1,534	1,153	1,206	-26,73	-19,78	-26,62	-18,73
30/09/2026 11:41:43	V0.04	6	ANTIHORARIO	15000	15	32,546	0,687	23,051	0,1189	0,0425	0,9061	0,9149	0,947	1,641	0,87	-26,39	-18,51	-26,53	-19,07
30/09/2026 11:41:44	V0.04	6	ANTIHORARIO	15000	16	32,55	0,664	23,246	0,0448	0,0312	0,9113	0,9129	1,092	2,374	1,244	-26,73	-19,7	-27,17	-18,99
30/09/2026 11:41:45	V0.04	6	ANTIHORARIO	15000	17	32,531	0,711	22,176	0,0134	0,0326	0,9575	0,9582	2,511	2,092	0,595	-26,39	-18,03	-26,54	-17,93
30/09/2026 11:41:48	V0.04	6	ANTIHORARIO	15000	18	32,54	0,693	22,759	0	0	0	0	0	0	0	-26,98	-19,62	-26,61	-19,58
30/09/2026 11:41:49	V0.04	6	ANTIHORARIO	15000	19	32,542	0,7	23,829	0,0107	0,0024	0,9426	0,9427	1,038	2,817	1,855	-26,67	-18,99	-26,7	-18,88
30/09/2026 11:41:52	V0.04	6	ANTIHORARIO	15000	20	32,541	0,672	23,148	0,0234	0,0552	0,9407	0,9426	1,687	0,84	0,947	-26,62	-18,73	-26,79	-20,03
30/09/2026 11:41:59	V0.04	6	HORARIO	20000	1	32,507	0,869	28,498	0,0741	0,0424	0,9271	0,931	3,94	6,162	5,945	-26,33	-16,48	-26,44	-16,89
30/09/2026 11:41:59	V0.04	6	HORARIO	20000	2	32,512	0,838	27,525	0,052	0,017	0,9642	0,9658	3,023	1,359	1,26	-26,96	-18,84	-26,55	-19,03
30/09/2026 11:42:01	V0.04	6	HORARIO	20000	3	32,531	0,802	26,553	0,1136	0,072	0,8801	0,8904	2,137	0,641	2,382	-27	-18,91	-26,16	-19,26
30/09/2026 11:42:03	V0.04	6	HORARIO	20000	4	32,524	0,836	28,206	0,0356	0,0311	0,9169	0,9181	0,557	3,122	2,382	-26,19	-18,58	-26,38	-17,5
30/09/2026 11:42:05	V0.04	6	HORARIO	20000	5	32,525	0,801	26,358	0,1045	0,0051	0,9611	0,9667	2,733	2,481	0,641	-27,07	-19,3	-26,13	-19,22
30/09/2026 11:42:07	V0.04	6	HORARIO	20000	6	32,545	0,726	23,538	0,0375	0,0312	0,9574	0,9586	2,84	2,55	0,931	-26,55	-18,91	-27,39	-19,26
30/09/2026 11:42:09	V0.04	6	HORARIO	20000	7	32,531	0,788	24,996	0,0466	0,0408	0,8649	0,8671	2,374	2,153	1,374	-26,6	-18,99	-26,77	-19,07
30/09/2026 11:42:10	V0.04	6	HORARIO	20000	8	32,521	0,83	26,553	0,0151	0,0388	0,959	0,9599	2,275	1,519	0,878	-26,15	-18,84	-26,64	-18,3
30/09/2026 11:42:12	V0.04	6	HORARIO	20000	9	32,547	0,726	24,996	0,0343	0,0083	0,9229	0,9235	1,641	0,031	1,122	-26,08	-18,91	-26,84	-18,88
30/09/2026 11:42:13	V0.04	6	HORARIO	20000	10	32,512	0,857	27,233	0,0253	0,0157	0,9373	0,9377	0,763	2,229	1,656	-26,57	-19,38	-27,15	-18,91
30/09/2026 11:42:15	V0.04	6	HORARIO	20000	11	32,54	0,811	26,164	0,0544	0,04	0,8999	0,9024	2,786	3,725	1,092	-26,64	-19,03	-26,72	-19,22
30/09/2026 11:42:17	V0.04	6	HORARIO	20000	12	32,527	0,808	27,136	0,0981	0,0286	0,9673	0,9727	2,092	1,924	0,542	-26,59	-18,73	-26,41	-19,46
30/09/2026 11:42:19	V0.04	6	HORARIO	20000	13	32,544	0,82	25,969	0,0662	0,0471	0,8781	0,8818	2,779	2,84	1,397	-26,59	-19,18	-26,7	-18,69
30/09/2026 11:42:21	V0.04	6	HORARIO	20000	14	32,538	0,788	26,455	0,0922	0,0546	0,88	0,8865	2,069	0,58	0,847	-26,94	-19,58	-26,7	-18,69
30/09/2026 11:42:23	V0.04	6	HORARIO	20000	15	32,535	0,788	26,164	0,0208	0,017	0,8962	0,8966	1,664	0,267	1,679	-27,33	-19,62	-25,86	-17,66
30/09/2026 11:42:24	V0.04	6	HORARIO	20000	16	32,533	0,781	25,677	0,113	0,0457	0,9045	0,9127	1,519	2,809	1,794	-26,68	-19,22	-26,82	-19,34
30/09/2026 11:42:26	V0.04	6	HORARIO	20000	17	32,545	0,755	24,899	0,0404	0,024	0,9515	0,9527	1,076	1,763	1,122	-26,85	-19,74	-26,81	-19,74
30/09/2026 11:42:29	V0.04	6	HORARIO	20000	18	32,551	0,746	24,802	0,0692	0,0406	0,8771	0,8807	2,153	0,962	1,214	-26,47	-18,99	-26,47	-18,84
30/09/2026 11:42:30	V0.04	6	HORARIO	20000	19	32,55	0,752	24,607	0,0432	0,0493	0,8837	0,8861	0,336	2,977	1,817	-27,06	-18,58	-26,68	-19,78
30/09/2026 11:42:32	V0.04	6	HORARIO	20000	20	32,532	0,795	25,677	0,0477	0,0029	0,9415	0,9427	1,519	0,954	1,26	-26,7	-18,88	-26,96	-18,62
30/09/2026 11:42:38	V0.04	6	ANTIHORARIO	20000	1	32,558	0,683	21,981	0,0956	0,0428	0,9262	0,9321	2,95	7,201	9,403	-26,47	-16,26	-26,55	-16,95
30/09/2026 11:42:40	V0.04	6	ANTIHORARIO	20000	2	32,545	0,702	23,635	0,0216	0,0282	0,9543	0,955	1,878	1,046	2,122	-26,83	-18,44	-26,67	-18,84
30/09/2026 11:42:42	V0.04	6	ANTIHORARIO	20000	3	32,547	0,7	23,829	0,1422	0,0129	0,955	0,9656	0,863	2,443	1	-26,4	-18,41	-26,93	-19,18
30/09/2026 11:42:44	V0.04	6	ANTIHORARIO	20000	4	32,555	0,683	22,662	0,1228	0,0085	0,9734	0,9811	1,702	1,336	1,489	-26,53	-18,44	-26,81	-19,95
30/09/2026 11:42:46	V0.04	6	ANTIHORARIO	20000	5	32,549	0,725	23,732	0,0188	0,0405	0,9326	0,9337	1,412	1,534	1,336	-26,96	-19,26	-26,58	-19,82
30/09/2026 11:42:48	V0.04	6	ANTIHORARIO	20000	6	32,545	0,686	23,343	0,0333	0,0481	0,9434	0,9452	1,496	1,168	0,878	-25,88	-18,8	-26,58	-17,57
30/09/2026 11:42:49	V0.04	6	ANTIHORARIO	20000	7	32,555	0,676	22,273	0,1122	0,0737	0,8705	0,8808	1,397	0,786	1,16	-26,96	-19,7	-26,86	-19,58
30/09/2026 11:42:51	V0.04	6	ANTIHORARIO	20000	8	32,549	0,71	23,343	0,1167	0,0677	0,8816	0,8919	2,779	2,679	0,786	-26,74	-18,77	-26,65	-19,5
30/09/2026 11:42:53	V0.04	6	ANTIHORARIO	20000	9	32,549	0,709	23,538	0,0009	0,0094	0,939	0,939	2,351	0,847	1,435	-26,16	-18,95	-26,75	-18,48
30/09/2026 11:42:55	V0.04	6	ANTIHORARIO	20000	10	32,559	0,686	23,051	0,0454	0,043	0,9404	0,9425	2,084	0,298	0,626	-26,44	-19,14	-26,65	-18,88
30/09/2026 11:42:56	V0.04	6	ANTIHORARIO	20000	11	32,548	0,686	22,662	0,1294	0,0271	0,9216	0,9311	1,733	1,634	1,122	-26,94	-19,58	-26,89	-19,18
30/09/2026 11:42:59	V0.04	6	ANTIHORARIO	20000	12	32,547	0,701	23,635	0,0011	0,0104	0,95	0,95	2,053	0,443	1,588	-26,76	-18,34	-26,81	-19,03
30/09/2026 11:43:00	V0.04	6	ANTIHORARIO	20000	13	32,568	0,628	21,69	0,0673	0,0448	0,8788	0,8825	1,679	1,023	0,756	-26,93	-20,07	-26,82	-19,99
30/09/2026 11:43:02	V0.04	6	ANTIHORARIO	20000	14	32,565	0,649	22,176	0,0133	0,0101	0,9092	0,9093	1,931	0,168	0,802	-26,49	-18,06	-26,44	-18,95
30/09/2026 11:43:03	V0.04	6	ANTIHORARIO	20000	15	32,557	0,684	23,148	0,1313	0,0009	0,9681	0,977	2,878	3,664	0,695	-27,02	-19,14	-26,8	-19,58
30/09/2026 11:43:05	V0.04	6	ANTIHORARIO	20000	16	32,557	0,657	22,176	0,0441	0,0178	0,9133	0,9146	2,16	0,466	1,092	-26,68	-19,03	-27,1	-19,95
30/09/2026 11:43:07	V0.04	6	ANTIHORARIO	20000	17	32,548	0,7	23,148	0,0759	0,0292	0,9738	0,9771	0,702	2,435	1,58	-23,89	-16,92	-24,32	-17,13
30/09/2026 11:43:09	V0.04	6	ANTIHORARIO	20000	18	32,553	0,696	23,635	0,0017	0,0166	0,9607	0,9608	1,344	1,832	0,939	-26,87	-19,46	-27,07	-19,58
30/09/2026 11:43:11	V0.04	6	ANTIHORARIO	20000	19	32,567	0,667	22,468	0,0677	0,0453	0,8784	0,8822	1,748	0,336	0,725	-26,79	-20,47	-27,17	-18,91
30/09/2026 11:43:12	V0.04	6	ANTIHORARIO	20000	20	32,564	0,693	22,759	0,1293	0,0468	0,8976	0,908	2,832	3,443	0,359	-26,56	-19,5	-27,01	-19,66
30/09/2026 11:54:45	V0.04	7	HORARIO	15000	1	32,393	1,216	39,586	0,0871	0,0555	0,9277	0,9334	4,045	6,264	6,809	-25,99	-15,78	-25,93	-15,44
30/09/2026 11:54:47	V0.04	7	HORARIO	15000	2	32,406	1,148	37,543	0,0499	0,0468	0,972	0,9744	2,244	0,13	1,695	-25,63	-17,37	-25,75	-17,66
30/09/2026 11:54:49	V0.04	7	HORARIO	15000	3	32,413	1,129	37,252	0	0	0	0	0	0	0	-26,39	-19,38	-26,48	-18,95
30/09/2026 11:54:51	V0.04	7	HORARIO	15000	4	32,398	1,217	39,391	0,0796	0,0085	0,9105	0,914	1,687	1,947	1,412	-26,57	-19,1	-25,93	-17,99
30/09/2026 11:54:53	V0.04	7	HORARIO	15000	5	32,418	1,14	37,349	0,0265	0,0374	0,9386	0,9397	1,641	1,863	1,206	-25,86	-18,23	-25,53	-17,25
30/09/2026 11:54:55	V0.04	7	HORARIO	15000	6	32,406	1,218	39,878	0,1151	0,0317	0,8977	0,9056	1,198	1,863	1,153	-26,52	-19,22	-26,24	-18,99
30/09/2026 11:54:57	V0.04	7	HORARIO	15000	7	32,403	1,222	39,975	0,0332	0,041	0,9677	0,9691	1,954	2,809	0,321	-26,52	-19,07	-26,33	-18,99
30/09/2026 11:54:59	V0.04	7	HORARIO	15000	8	32,431	1,143	37,154	0,015	0,0347	0,9332	0,934	2,122	0,718	1,947	-26,47	-18,09	-26,6	-18,16
30/09/2026 11:55:00	V0.04	7	HORARIO	15000	9	32,416	1,167	38,613	0,0461	0,0372	0,9689	0,9707	0,504	1,893	1,275	-26,7	-19,26	-26,37	-18,77
30/09/2026 11:55:02	V0.04	7	HORARIO	15000	10	32,423	1,168	38,419	0,0093	0,0188	0,9419	0,9421	1,817	0,015	1,573	-26,32	-18,03	-26,1	-17,83
30/09/2026 11:55:04	V0.04	7	HORARIO	15000	11	32,421	1,168	38,224	0,1261	0,0732	0,8761	0,8882	1,969	1,969	1,969	-26,58	-19,1	-26,54	-18,06
30/09/2026 11:55:06	V0.04	7	HORARIO	15000	12	32,449	1,114	36,862	0,0219	0,0352	0,9685	0,9694	2,229	1,221	1,145	-26,31	-18,51	-26,68	-18,41
30/09/2026 11:55:07	V0.04	7	HORARIO	15000	13	32,424	1,195	39,878	0,0061	0,0594	0,9703	0,9722	2,061	0,863	0,489	-26,18	-18,66	-26,58	-18,69
30/09/2026 11:55:09	V0.04	7	HORARIO	15000	14	32,449	1,111	36,473	0,0411	0,0408	0,9557	0,9574	2,985	3,924	1,969	-26,43	-19,07	-26,25	-17,19
30/09/2026 11:55:11	V0.04	7	HORARIO	15000	15	32,434	1,181	38,321	0,1671	0,0753	0,8954	0,914	2,641	1,74	0,084	-26,11	-17,44	-26,1	-16,98
30/09/2026 11:55:13	V0.04	7	HORARIO	15000	16	32,434	1,168	38,419	0,0277	0,0381	0,92	0,9212	1,565	0,672	1,626	-26,77	-18,77	-26,31	-17,22
30/09/2026 11:55:15	V0.04	7	HORARIO	15000	17	32,423	1,219	40,267	0,0736	0,022	0,9354	0,9386	0,947	2,931	0,771	-26,74	-18,91	-26,18	-16,95
30/09/2026 11:55:16	V0.04	7	HORARIO	15000	18	32,441	1,164	37,835	0,0054	0,0532	0,9867	0,9881	0,901	1,008	0,802	-26,57	-18,44	-26,31	-18,03
30/09/2026 11:55:18	V0.04	7	HORARIO	15000	19	32,458	1,117	36,571	0,0035	0,0443	0,972	0,9731	2,366	1,611	1,115	-26,28	-19,03	-26,51	-18,84
30/09/2026 11:55:20	V0.04	7	HORARIO	15000	20	32,44	1,2	39,002	0,0691	0,0422	0,968	0,9714	2,427	2,008	0,237	-26,4	-19,22	-26,69	-19,42
30/09/2026 11:55:27	V0.04	7	ANTIHORARIO	15000	1	32,446	1,151	38,127	0,1154	0,0617	0,9219	0,9311	2,411	8,796	5,909	-26,28	-17,19	-26,22	-16,07
30/09/2026 11:55:29	V0.04	7	ANTIHORARIO	15000	2	32,464	1,056	34,625	0,0695	0,0283	0,9177	0,9208	2,321	0,893	0,893	-26,67	-19,38	-27,05	-19,03
30/09/2026 11:55:31	V0.04	7	ANTIHORARIO	15000	3	32,454	1,062	34,625	0,0527	0,02	0,9536	0,9553	1,878	0,527	0,924	-27,17	-20,42	-26,62	-19,03
30/09/2026 11:55:33	V0.04	7	ANTIHORARIO	15000	4	32,468	1,057	34,528	0,0038	0,0144	0,9329	0,933	2,015	1,061	0,656	-26,48	-19,66	-26,67	-19,42
30/09/2026 11:55:35	V0.04	7	ANTIHORARIO	15000	5	32,44	1,178	38,808	0,1545	0,0778	0,8878	0,9045	1,878	1,046	1,489	-26,12	-17,47	-26,01	-17,1
30/09/2026 11:55:37	V0.04	7	ANTIHORARIO	15000	6	32,435	1,202	38,905	0	0	0	0	0	0	0	-23,63	-15,42	-22,99	-15,57
30/09/2026 11:55:39	V0.04	7	ANTIHORARIO	15000	7	32,451	1,144	37,543	0,0498	0,0276	0,913	0,9147	3,115	3,924	1,359	-26,47	-20,03	-26,52	-19,18
30/09/2026 11:55:40	V0.04	7	ANTIHORARIO	15000	8	32,475	1,07	34,625	0,1627	0,111	0,8878	0,9094	2,298	1,55	0,168	-26,88	-19,42	-26,94	-19,03
30/09/2026 11:55:42	V0.04	7	ANTIHORARIO	15000	9	32,434	1,223	39,975	0,0774	0,0214	0,922	0,9255	2,847	2,237	1,45	-26,86	-19,34	-26,93	-19,62
30/09/2026 11:55:45	V0.04	7	ANTIHORARIO	15000	10	32,452	1,156	38,127	0,0667	0,0718	0,9629	0,9679	2,221	1,557	1,557	-26,63	-20,16	-26,9	-19,66
30/09/2026 11:55:47	V0.04	7	ANTIHORARIO	15000	11	32,462	1,133	36,862	0,142	0,0232	0,9054	0,9168	1,26	2,099	0,351	-26,58	-19,3	-26,86	-19,42
30/09/2026 11:55:48	V0.04	7	ANTIHORARIO	15000	12	32,449	1,197	39,683	0,017	0,0631	0,9548	0,9571	2,542	3,061	1,634	-27,2	-19,95	-26,85	-19,34
30/09/2026 11:55:51	V0.04	7	ANTIHORARIO	15000	13	32,462	1,136	37,252	0,0488	0,0244	0,9581	0,9597	1,099	1,763	1,466	-26,95	-19,54	-26,82	-19,54
30/09/2026 11:55:52	V0.04	7	ANTIHORARIO	15000	14	32,48	1,093	36,084	0	0	0	0	0	0	0	-26,8	-18,95	-26,32	-19,18
30/09/2026 11:55:56	V0.04	7	ANTIHORARIO	15000	16	32,495	1,02	34,042	0,0221	0,0498	0,9714	0,973	1,565	0,779	0,672	-26,81	-19,78	-26,91	-19,66
30/09/2026 11:55:56	V0.04	7	ANTIHORARIO	15000	15	32,469	1,092	35,793	0,0881	0,061	0,8892	0,8956	1,954	0,595	0,954	-26,75	-18,73	-26,38	-17,01
30/09/2026 11:55:59	V0.04	7	ANTIHORARIO	15000	17	32,481	1,087	35,695	0,0354	0,0099	0,9515	0,9522	1,641	0,809	1,924	-26,61	-19,58	-26,5	-18,8
30/09/2026 11:56:01	V0.04	7	ANTIHORARIO	15000	18	32,484	1,052	34,82	0,1456	0,0983	0,8834	0,9007	1,771	0,328	0,87	-27,07	-20,07	-26,77	-19,42
30/09/2026 11:56:03	V0.04	7	ANTIHORARIO	15000	19	32,473	1,084	35,987	0,0011	0,0164	0,9382	0,9384	1,405	1,847	0,718	-26,88	-19,14	-26,88	-19,38
30/09/2026 11:56:05	V0.04	7	ANTIHORARIO	15000	20	32,491	1,055	34,723	0,176	0,1123	0,8755	0,9	1,275	1,389	0,435	-27,02	-20,2	-26,91	-19,1
30/09/2026 11:56:14	V0.04	7	HORARIO	20000	2	32,459	1,174	38,71	0,1188	0,0945	0,8698	0,8829	2,863	2,206	1,244	-26,64	-18,55	-26,44	-17,44
30/09/2026 11:56:14	V0.04	7	HORARIO	20000	1	32,476	1,079	35,404	0,1186	0,0611	0,9205	0,9301	4,57	12,04	6,896	-26,17	-16,51	-26,13	-15,59
30/09/2026 11:56:15	V0.04	7	HORARIO	20000	3	32,474	1,1	35,598	0,0981	0,0345	0,9399	0,9457	2,176	2,183	0,931	-26,18	-18,73	-26,32	-16,89
30/09/2026 11:56:17	V0.04	7	HORARIO	20000	4	32,499	1,064	35,306	0,0785	0,0253	0,9396	0,9432	1,725	1,427	0,649	-26,18	-17,37	-26,3	-17,6
30/09/2026 11:56:20	V0.04	7	HORARIO	20000	5	32,478	1,17	38,419	0,0011	0,0134	0,9484	0,9485	1,412	2,412	1,069	-26,52	-18,58	-26,55	-17,86
30/09/2026 11:56:21	V0.04	7	HORARIO	20000	6	32,475	1,152	38,224	0	0	0	0	0	0	0	-26,09	-17,31	-26,14	-17,28
30/09/2026 11:56:23	V0.04	7	HORARIO	20000	7	32,475	1,142	37,057	0,1053	0,052	0,9083	0,9159	2,252	0,695	1,786	-26,51	-17,57	-26,27	-17,31
30/09/2026 11:56:25	V0.04	7	HORARIO	20000	8	32,481	1,107	37,154	0,0798	0,021	0,9304	0,9341	3,924	1,969	1,969	-26,52	-18,51	-26,06	-18,44
30/09/2026 11:56:27	V0.04	7	HORARIO	20000	9	32,475	1,194	38,905	0,0078	0,0175	0,9551	0,9553	1,702	0,427	0,802	-26,6	-19,42	-26,57	-18,91
30/09/2026 11:56:28	V0.04	7	HORARIO	20000	10	32,481	1,163	39,002	0,0566	0,0283	0,9485	0,9506	2,221	2,176	1,634	-26,67	-19,1	-26,65	-17,89
30/09/2026 11:56:35	V0.04	7	HORARIO	20000	11	32,497	1,075	35,793	0,0741	0,0316	0,9491	0,9525	1,84	1,405	1,267	-26,16	-18,41	-26,41	-18,2
30/09/2026 11:56:36	V0.04	7	HORARIO	20000	13	32,483	1,134	37,252	0,0886	0,0195	0,9572	0,9614	2,115	1,893	1,328	-26,43	-19,3	-26,54	-18,66
30/09/2026 11:56:36	V0.04	7	HORARIO	20000	12	32,476	1,168	38,516	0,0664	0,0066	0,9348	0,9372	2,069	2,427	0,641	-26,46	-19,38	-26,57	-18,55
30/09/2026 11:56:36	V0.04	7	HORARIO	20000	14	32,508	1,062	34,723	0,0449	0,0029	0,9091	0,9102	1,611	0,198	1,679	-26,45	-18,55	-26,67	-18,77
30/09/2026 11:56:38	V0.04	7	HORARIO	20000	15	32,486	1,151	37,641	0,0902	0,001	0,9207	0,9251	1,565	0,878	0,992	-26,49	-18,37	-26,34	-18,3
30/09/2026 11:56:40	V0.04	7	HORARIO	20000	16	32,486	1,155	37,932	0,0536	0,0125	0,9348	0,9364	2,679	2,809	0,45	-26,67	-18,84	-26,44	-18,55
30/09/2026 11:56:41	V0.04	7	HORARIO	20000	17	32,469	1,213	39,975	0,1394	0,1049	0,8177	0,8361	1,542	1,786	1,046	-25,7	-16,68	-25,69	-17,28
30/09/2026 11:56:44	V0.04	7	HORARIO	20000	18	32,506	1,105	37,738	0,0861	0,045	0,9291	0,9341	1,672	0,573	1,626	-26,33	-19,3	-26,65	-17,99
30/09/2026 11:56:45	V0.04	7	HORARIO	20000	19	32,479	1,162	38,321	0,1051	0,0688	1,0155	1,0232	1,473	0,038	0,786	-26,6	-18,34	-26,41	-18,73
30/09/2026 11:56:47	V0.04	7	HORARIO	20000	20	32,5	1,076	35,404	0,1418	0,1276	0,835	0,8565	2,145	1,046	1,443	-26,65	-18,62	-26,13	-18,99
30/09/2026 11:56:54	V0.04	7	ANTIHORARIO	20000	1	32,502	1,04	35,112	0,1143	0,0603	0,9195	0,9286	3,653	6,005	7,061	-26,32	-16,68	-26,32	-16,51
30/09/2026 11:56:56	V0.04	7	ANTIHORARIO	20000	2	32,475	1,131	36,862	0,1863	0,0762	0,882	0,9046	1,603	1,641	2,618	-26,83	-18,91	-26,82	-20,07
30/09/2026 11:56:58	V0.04	7	ANTIHORARIO	20000	3	32,48	1,101	35,501	0,1141	0,0175	0,9291	0,9362	1,534	0,26	0,397	-26,6	-18,73	-26,69	-19,99
30/09/2026 11:56:59	V0.04	7	ANTIHORARIO	20000	4	32,479	1,116	35,987	0,1184	0,0696	0,8917	0,9022	2,786	1,992	0,344	-26,83	-18,84	-27,06	-19,66
30/09/2026 11:57:02	V0.04	7	ANTIHORARIO	20000	5	32,458	1,204	39,099	0,1101	0,0682	0,8992	0,9085	1,901	0,702	1,626	-26,97	-20,6	-26,87	-19,54
30/09/2026 11:57:04	V0.04	7	ANTIHORARIO	20000	6	32,495	1,039	34,82	0,0686	0,0516	0,9631	0,967	1,519	1,908	0,985	-26,52	-19,66	-26,83	-18,84
30/09/2026 11:57:05	V0.04	7	ANTIHORARIO	20000	7	32,495	1,099	36,571	0,0547	0,0214	0,9493	0,9512	1,87	0,374	1,366	-26,64	-19,42	-26,8	-19,22
30/09/2026 11:57:07	V0.04	7	ANTIHORARIO	20000	8	32,473	1,175	38,71	0,02	0,0602	0,962	0,9641	1,695	0,916	2,176	-26,23	-17,93	-26,18	-17,69
30/09/2026 11:57:10	V0.04	7	ANTIHORARIO	20000	9	32,501	1,074	34,723	0,1141	0,0845	0,882	0,8933	2,176	0,763	0,13	-26,73	-19,38	-26,88	-18,27
30/09/2026 11:57:10	V0.04	7	ANTIHORARIO	20000	10	32,492	1,114	36,376	0,0325	0,0106	0,9536	0,9542	2,176	0,679	1,733	-26,49	-18,95	-26,59	-17,86
30/09/2026 11:57:12	V0.04	7	ANTIHORARIO	20000	11	32,48	1,145	37,252	0,1689	0,076	0,8773	0,8967	2,252	1,603	0,855	-26,59	-19,3	-26,95	-19,14
30/09/2026 11:57:14	V0.04	7	ANTIHORARIO	20000	12	32,502	1,049	33,847	0,0061	0,0093	0,9309	0,931	2,26	0,351	0,664	-26,88	-20,56	-26,9	-19,58
30/09/2026 11:57:16	V0.04	7	ANTIHORARIO	20000	13	32,486	1,136	37,543	0,0872	0,0018	0,9384	0,9424	1,71	0,023	1,779	-25,82	-18,37	-26,12	-18,84
30/09/2026 11:57:17	V0.04	7	ANTIHORARIO	20000	14	32,504	1,08	36,376	0,043	0,0286	0,9598	0,9612	1,878	1,511	0,656	-27,04	-19,95	-26,82	-18,95
30/09/2026 11:57:19	V0.04	7	ANTIHORARIO	20000	15	32,476	1,171	39,099	0,1943	0,0902	0,894	0,9194	2,878	2,519	0,771	-27	-19,99	-26,45	-18,62
30/09/2026 11:57:21	V0.04	7	ANTIHORARIO	20000	16	32,461	1,24	40,461	0,1473	0,0946	0,8856	0,9028	1,137	1,695	1,527	-26,66	-18,48	-26,97	-18,77
30/09/2026 11:57:23	V0.04	7	ANTIHORARIO	20000	17	32,487	1,135	37,057	0,1798	0,0701	0,8894	0,9101	1,527	1,099	0,733	-26,81	-18,66	-26,82	-19,91
30/09/2026 11:57:25	V0.04	7	ANTIHORARIO	20000	18	32,502	1,095	36,376	0,1372	0,0972	0,8804	0,8963	2,344	0,26	0,099	-26,53	-19,46	-26,86	-19,62
30/09/2026 11:57:27	V0.04	7	ANTIHORARIO	20000	19	32,462	1,232	40,656	0,0361	0,0294	0,9038	0,905	1,718	1,198	1,588	-26,26	-17,66	-26,33	-18,16
30/09/2026 11:57:28	V0.04	7	ANTIHORARIO	20000	20	32,474	1,181	38,71	0,0344	0,0573	0,9622	0,9645	1,962	0,466	1,618	-26,96	-19,42	-26,96	-19,95
30/09/2026 12:05:33	V0.04	8	HORARIO	15000	1	32,509	0,693	22,954	0,329	0,2367	0,9887	1,0685	4,366	8,214	4,895	-21,2	-10,69	-19,09	-8,09
30/09/2026 12:05:35	V0.04	8	HORARIO	15000	2	32,48	0,769	24,996	0,2495	0,2668	1,3405	1,3893	1,084	0,595	0,405	-25,97	-17,79	-19,47	-12,16
30/09/2026 12:05:36	V0.04	8	HORARIO	15000	3	32,479	0,77	25,969	0,3643	0,1084	0,6952	0,7923	1,153	0,076	2,466	-25,75	-17,47	-20,46	-12,06
30/09/2026 12:05:39	V0.04	8	HORARIO	15000	4	32,491	0,772	25,969	0,3954	0,1725	1,266	1,3375	2,534	0,519	0,595	-23,88	-15,7	-22,12	-14,08
30/09/2026 12:05:40	V0.04	8	HORARIO	15000	5	32,478	0,818	26,942	0,2297	0,3318	0,4116	0,5764	3,29	0,069	1,985	-23,35	-16,07	-23,88	-13,99
30/09/2026 12:05:42	V0.04	8	HORARIO	15000	6	32,513	0,693	22,468	0,2219	0,334	0,3955	0,5632	3,099	0,244	1,672	-25,98	-17,5	-21,29	-13,82
30/09/2026 12:05:43	V0.04	8	HORARIO	15000	7	32,514	0,714	22,662	0,1473	0,2728	0,4415	0,5395	1,45	0,397	1,847	-26,04	-18,37	-20,52	-12,23
30/09/2026 12:05:45	V0.04	8	HORARIO	15000	8	32,526	0,688	22,954	0,5175	0,0267	0,9904	1,1177	2,992	0,786	0,191	-25,85	-17,5	-21,26	-13,76
30/09/2026 12:05:47	V0.04	8	HORARIO	15000	9	32,523	0,691	22,857	0,3169	0,2092	1,2352	1,2923	0,725	0,702	1,366	-25,9	-17,31	-21,62	-13,68
30/09/2026 12:05:49	V0.04	8	HORARIO	15000	10	32,485	0,836	26,747	0,0553	0,3303	0,3843	0,5097	2,664	0,588	1,817	-25,9	-17,13	-21,58	-13,05
30/09/2026 12:05:51	V0.04	8	HORARIO	15000	11	32,52	0,759	25,677	0,4625	0,2103	0,6787	0,8478	3,183	0,534	0,84	-25,38	-17,28	-21,11	-13,41
30/09/2026 12:05:53	V0.04	8	HORARIO	15000	12	32,516	0,748	25,775	0,1388	0,2643	0,4469	0,5374	1,794	0,16	2,206	-25,16	-16,04	-22,41	-13,91
30/09/2026 12:05:54	V0.04	8	HORARIO	15000	13	32,481	0,84	26,942	0,4495	0,1012	1,1738	1,261	2,908	0,443	0,29	-25,58	-17,57	-21,34	-12,73
30/09/2026 12:05:56	V0.04	8	HORARIO	15000	14	32,53	0,72	25,58	0,329	0,1323	0,6445	0,7356	1,206	0,802	2,061	-25,83	-17,66	-21,93	-13,36
30/09/2026 12:05:58	V0.04	8	HORARIO	15000	15	32,497	0,793	25,677	0,1675	0,3293	0,4104	0,5522	3,221	0,756	1,641	-25,61	-16,54	-21,43	-13,47
30/09/2026 12:06:02	V0.04	8	HORARIO	15000	17	32,516	0,778	26,747	0,4869	0,0426	1,0952	1,1993	2,725	1,206	0,412	-25,83	-16,18	-21,1	-12,95
30/09/2026 12:06:03	V0.04	8	HORARIO	15000	18	32,487	0,849	27,331	0,2111	0,2354	0,4855	0,5793	1,779	0,588	2,076	-25,28	-16,51	-22,07	-14,1
30/09/2026 12:06:04	V0.04	8	HORARIO	15000	16	32,49	0,833	26,844	0	0	0	0	0	0	0	-25,28	-17,99	-21,46	-13,78
30/09/2026 12:06:06	V0.04	8	HORARIO	15000	19	32,509	0,775	25,094	0,3335	0,1891	1,2063	1,2658	0,779	0,687	1,153	-25,51	-17,31	-21,49	-13,43
30/09/2026 12:06:07	V0.04	8	HORARIO	15000	20	32,507	0,797	26,164	0,4773	0,1893	0,707	0,8738	2,916	0,878	1,061	-25,42	-15,78	-21,68	-13,53
30/09/2026 12:06:14	V0.04	8	ANTIHORARIO	15000	1	32,51	0,746	24,802	0,3323	0,1984	0,9882	1,0613	3,626	5,971	5,134	-20,74	-8,35	-20,77	-10,03
30/09/2026 12:06:16	V0.04	8	ANTIHORARIO	15000	2	32,51	0,747	24,996	0,5098	0,0712	0,8822	1,0214	0,389	0,618	3,45	-21,75	-13,68	-24,66	-15,72
30/09/2026 12:06:17	V0.04	8	ANTIHORARIO	15000	3	32,51	0,757	24,121	0,1099	0,2966	0,4285	0,5326	2,168	0,344	1,053	-22,43	-13,99	-23,92	-15,05
30/09/2026 12:06:20	V0.04	8	ANTIHORARIO	15000	4	32,504	0,738	24,996	0,3425	0,2046	1,1605	1,2272	2,641	0,382	1,901	-25,25	-17,1	-21,35	-14,16
30/09/2026 12:06:21	V0.04	8	ANTIHORARIO	15000	5	32,507	0,742	23,732	0,0847	0,2358	1,3816	1,4041	1,336	0,702	1,702	-25,35	-16,95	-21,01	-14,16
30/09/2026 12:06:23	V0.04	8	ANTIHORARIO	15000	6	32,51	0,764	25,191	0,4191	0,2161	0,6157	0,7755	0,565	1,519	0,168	-24,03	-15,49	-22,92	-14,72
30/09/2026 12:06:25	V0.04	8	ANTIHORARIO	15000	7	32,517	0,736	25,191	0,5068	0,0099	1,0652	1,1797	0,756	0,573	1,427	-23,87	-15,17	-22,76	-15,34
30/09/2026 12:06:27	V0.04	8	ANTIHORARIO	15000	8	32,514	0,755	24,51	0,1166	0,3085	0,4299	0,5418	2,366	0,344	0,29	-24,06	-14,7	-23,26	-15,75
30/09/2026 12:06:28	V0.04	8	ANTIHORARIO	15000	9	32,517	0,733	24,316	0,3868	0,0995	1,033	1,1075	2,359	0,534	1,206	-24	-16,51	-23	-15,1
30/09/2026 12:06:32	V0.04	8	ANTIHORARIO	15000	11	32,513	0,751	24,899	0,4199	0,1238	1,2426	1,3174	0,779	0,634	1,481	-24,21	-15,44	-23,31	-15,57
30/09/2026 12:06:33	V0.04	8	ANTIHORARIO	15000	12	32,51	0,791	24,996	0,2723	0,291	0,4711	0,6171	1,725	0,977	0,076	-24,09	-16,77	-22,74	-15,59
30/09/2026 12:06:33	V0.04	8	ANTIHORARIO	15000	10	32,536	0,689	23,148	0,4376	0,1949	0,6431	0,8019	1,244	0,389	0,321	-23,98	-15,05	-23,34	-15,65
30/09/2026 12:06:35	V0.04	8	ANTIHORARIO	15000	13	32,539	0,688	22,759	0,0939	0,2495	1,392	1,4173	1,107	0,504	2,336	-23,58	-15,62	-22,95	-14,74
30/09/2026 12:06:37	V0.04	8	ANTIHORARIO	15000	14	32,525	0,73	24,705	0,0764	0,2408	1,3822	1,4051	1,252	0,176	2,176	-23,9	-15,22	-22,96	-14,47
30/09/2026 12:06:40	V0.04	8	ANTIHORARIO	15000	15	32,521	0,741	23,927	0,318	0,0862	0,7318	0,8026	2,893	0,13	0,817	-24,37	-16,77	-22,67	-15,05
30/09/2026 12:06:41	V0.04	8	ANTIHORARIO	15000	16	32,524	0,749	24,802	0,4741	0,0741	1,1891	1,2823	0,885	0,374	1,183	-23,88	-15,59	-23,09	-15,12
30/09/2026 12:06:43	V0.04	8	ANTIHORARIO	15000	17	32,522	0,738	24,899	0,3016	0,2335	1,2413	1,2986	2,046	0,55	2,076	-23,94	-15,39	-23,25	-13,58
30/09/2026 12:06:45	V0.04	8	ANTIHORARIO	15000	18	32,52	0,761	24,413	0	0	0	0	0	0	0	-24,19	-15,75	-23,58	-15,8
30/09/2026 12:06:46	V0.04	8	ANTIHORARIO	15000	19	32,531	0,69	23,732	0,3705	0,1478	1,0958	1,1662	2,603	0,58	1,756	-24,48	-15,39	-22,47	-14,79
30/09/2026 12:06:48	V0.04	8	ANTIHORARIO	15000	20	32,533	0,703	24,607	0,1873	0,1849	0,6049	0,6596	3,168	0,664	0,534	-23,93	-16,71	-23,08	-15,8
30/09/2026 12:06:55	V0.04	8	HORARIO	20000	1	32,512	0,824	27,525	0,3306	0,2452	0,981	1,0639	4,121	5,142	4,548	-21,19	-9,99	-19,36	-8,92
30/09/2026 12:06:57	V0.04	8	HORARIO	20000	2	32,498	0,832	26,844	0,5024	0,0399	1,0966	1,2068	3,214	1,015	2,527	-24,01	-15,99	-19,64	-11,77
30/09/2026 12:06:59	V0.04	8	HORARIO	20000	3	32,539	0,756	24,607	0,4948	0,1674	0,7581	0,9206	3,221	0,656	1,939	-25,99	-18,13	-20,07	-12,47
30/09/2026 12:07:00	V0.04	8	HORARIO	20000	4	32,545	0,715	23,927	0,1598	0,3047	1,4113	1,4526	1,221	1,084	1,725	-24,32	-16,95	-19,39	-12,19
30/09/2026 12:07:04	V0.04	8	HORARIO	20000	5	32,528	0,805	26,65	0,354	0,3027	0,5039	0,6862	3,496	0,084	0,817	-23,99	-14,12	-23,11	-14,65
30/09/2026 12:07:06	V0.04	8	HORARIO	20000	7	32,556	0,728	25,58	0,3601	0,0896	0,7235	0,8131	0,893	0,58	1,618	-25,85	-18,44	-20,96	-13,03
30/09/2026 12:07:06	V0.04	8	HORARIO	20000	6	32,55	0,717	22,565	0,3899	0,017	0,8398	0,9261	0,771	0,008	1,656	-25,41	-17,47	-21,41	-12,14
30/09/2026 12:07:08	V0.04	8	HORARIO	20000	8	32,556	0,73	24,024	0,3934	0,0354	0,796	0,8886	0,748	0,305	1,656	-25,63	-15,78	-20,6	-12,88
30/09/2026 12:07:10	V0.04	8	HORARIO	20000	9	32,523	0,826	27,136	0,3185	0,2175	1,2467	1,305	0,427	0,336	1,405	-25,48	-17,93	-20,89	-12,55
30/09/2026 12:07:12	V0.04	8	HORARIO	20000	10	32,566	0,71	24,024	0,5195	0,0438	0,9775	1,1079	3,298	0,45	0,626	-25,62	-17,63	-20,84	-12,69
30/09/2026 12:07:13	V0.04	8	HORARIO	20000	11	32,541	0,784	26,066	0,3425	0,188	1,1976	1,2598	0,107	0,618	1,214	-25,63	-17,34	-21,52	-13,74
30/09/2026 12:07:16	V0.04	8	HORARIO	20000	12	32,538	0,793	26,164	0,0035	0,3209	0,3813	0,4984	2,267	0,191	1,939	-25,86	-17,76	-21,33	-12,89
30/09/2026 12:07:17	V0.04	8	HORARIO	20000	13	32,561	0,717	23,927	0,2151	0,2861	1,4463	1,4899	2,145	0,992	0,221	-25,79	-15,07	-21,01	-12,71
30/09/2026 12:07:19	V0.04	8	HORARIO	20000	14	32,515	0,837	26,747	0,3152	0,3158	0,4709	0,6487	3,924	1,969	1,969	-25,65	-17,63	-21,94	-13,64
30/09/2026 12:07:21	V0.04	8	HORARIO	20000	15	32,532	0,788	25,969	0,4863	0,1777	0,7427	0,9054	3,16	0,565	0,718	-25,88	-17,6	-21,31	-14,49
30/09/2026 12:07:23	V0.04	8	HORARIO	20000	16	32,568	0,7	22,857	0,0747	0,3353	0,3669	0,5027	2,771	0,412	1,763	-25,79	-17,57	-21,36	-13,26
30/09/2026 12:07:25	V0.04	8	HORARIO	20000	17	32,525	0,814	26,261	0,3967	0,0968	1,0331	1,1109	0,26	0,595	1,649	-26,12	-18,27	-20,79	-12,06
30/09/2026 12:07:26	V0.04	8	HORARIO	20000	18	32,533	0,808	26,164	0,5078	0,0375	1,1034	1,2152	3,176	0,214	0,542	-25,31	-16,86	-21	-12,33
30/09/2026 12:07:29	V0.04	8	HORARIO	20000	19	32,522	0,812	27,817	0,0942	0,3191	1,4666	1,5038	1,893	0,824	0,153	-26,45	-18,44	-20,72	-12,71
30/09/2026 12:07:30	V0.04	8	HORARIO	20000	20	32,567	0,712	25,191	0,4447	0,2527	0,6176	0,8019	3	0,756	1,206	-25,97	-17,57	-20,94	-13,53
30/09/2026 12:07:40	V0.04	8	ANTIHORARIO	20000	2	32,529	0,763	26,455	0,011	0,2661	1,4001	1,4253	1,382	0,496	2,901	-25,8	-17,37	-21,03	-13,47
30/09/2026 12:07:40	V0.04	8	ANTIHORARIO	20000	1	32,528	0,78	24,996	0,3264	0,2108	1,0229	1,0942	3,478	7,689	4,403	-20,8	-8,25	-20,52	-9,68
30/09/2026 12:07:41	V0.04	8	ANTIHORARIO	20000	3	32,558	0,709	23,148	0,2705	0,2511	1,3029	1,3541	2,466	0,511	0,847	-24,9	-16,29	-22,16	-14,08
30/09/2026 12:07:43	V0.04	8	ANTIHORARIO	20000	4	32,543	0,711	24,802	0,3542	0,1737	1,1606	1,2259	2,656	0,87	1,275	-22,2	-14,49	-22,75	-14,93
30/09/2026 12:07:45	V0.04	8	ANTIHORARIO	20000	5	32,529	0,741	24,218	0,4486	0,1918	0,6694	0,8284	1	0,099	0,908	-23,21	-15,67	-24,23	-15,83
30/09/2026 12:07:46	V0.04	8	ANTIHORARIO	20000	6	32,53	0,723	23,829	0,3358	0,2729	0,4994	0,6608	1,695	0,031	0,321	-23,73	-15,22	-22,99	-13,56
30/09/2026 12:07:51	V0.04	8	ANTIHORARIO	20000	7	32,54	0,761	24,413	0,366	0,0269	0,8273	0,905	3,382	0,122	0,832	-23,75	-15,91	-23	-14,93
30/09/2026 12:07:51	V0.04	8	ANTIHORARIO	20000	8	32,549	0,697	22,37	0,406	0,1392	1,2861	1,3559	0,527	0,069	1,313	-24,15	-15,88	-22,19	-13,39
30/09/2026 12:07:52	V0.04	8	ANTIHORARIO	20000	9	32,558	0,709	23,732	0,2147	0,2684	1,3423	1,3856	2,122	0,053	2,252	-24,12	-15,27	-22,96	-14,7
30/09/2026 12:07:55	V0.04	8	ANTIHORARIO	20000	10	32,538	0,744	24,705	0,1676	0,3151	0,4115	0,5447	2,374	0,649	0,168	-24,08	-14,81	-22,47	-15,05
30/09/2026 12:07:57	V0.04	8	ANTIHORARIO	20000	11	32,559	0,686	22,37	0,3794	0,0038	0,8502	0,931	3,214	0,748	0,977	-23,01	-14,45	-24,02	-16,26
30/09/2026 12:07:59	V0.04	8	ANTIHORARIO	20000	12	32,539	0,742	24,316	0,2684	0,1613	0,5948	0,6722	3,061	0,58	0,718	-23,48	-15,03	-22,13	-13,62
30/09/2026 12:08:01	V0.04	8	ANTIHORARIO	20000	13	32,541	0,717	25,775	0,4036	0,2272	0,5934	0,7527	1,397	0,237	0,321	-23,27	-15,37	-22,81	-13,62
30/09/2026 12:08:02	V0.04	8	ANTIHORARIO	20000	14	32,557	0,726	23,829	0,1775	0,243	1,408	1,4398	1,076	0,198	1,939	-23,78	-14,58	-22,87	-14,67
30/09/2026 12:08:05	V0.04	8	ANTIHORARIO	20000	15	32,551	0,753	24,218	0,4839	0,0796	1,1967	1,2932	0,664	0,382	1,527	-23,73	-15,85	-22,94	-14,77
30/09/2026 12:08:06	V0.04	8	ANTIHORARIO	20000	16	32,538	0,758	24,705	0,3549	0,054	0,7725	0,8518	3,099	0,107	0,962	-23,6	-16,23	-22,78	-13,97
30/09/2026 12:08:10	V0.04	8	ANTIHORARIO	20000	17	32,563	0,675	22,857	0,1997	0,2397	1,4233	1,4571	1,321	0,435	1,931	-23,32	-14,25	-22,34	-13,3
30/09/2026 12:08:10	V0.04	8	ANTIHORARIO	20000	18	32,544	0,731	24,51	0,5045	0,0355	1,1199	1,2288	0,847	0,649	1,038	-24,11	-14,98	-21,73	-14,21
30/09/2026 12:08:13	V0.04	8	ANTIHORARIO	20000	19	32,544	0,727	24,51	0,4996	0,05	1,1327	1,239	0,679	0,115	1,221	-23,71	-14,38	-23,57	-14,88
30/09/2026 12:08:15	V0.04	8	ANTIHORARIO	20000	20	32,542	0,74	23,246	0,369	0,01	0,8524	0,9289	3,023	0,061	0,794	-23,69	-15,24	-22,93	-14,63
30/09/2026 12:17:14	V0.04	9	HORARIO	15000	1	32,507	0,682	22,37	0,1283	0,0992	0,9169	0,9311	4,889	6,944	7,49	-25,13	-14,45	-24,33	-13,74
30/09/2026 12:17:15	V0.04	9	HORARIO	15000	2	32,503	0,654	22,468	0,0011	0,0746	0,7623	0,766	1,71	1,588	3,015	-26,58	-19,18	-24,61	-16,45
30/09/2026 12:17:18	V0.04	9	HORARIO	15000	3	32,513	0,603	19,355	0,0635	0,0544	0,7991	0,8034	2,221	0,779	1,084	-26,09	-18,62	-24,46	-16,54
30/09/2026 12:17:18	V0.04	9	HORARIO	15000	4	32,512	0,683	22,468	0,145	0,066	1,0575	1,0694	2,122	0,366	0,198	-26,03	-17,53	-25,69	-17,16
30/09/2026 12:17:20	V0.04	9	HORARIO	15000	5	32,517	0,676	22,079	0,1183	0,0063	0,8521	0,8602	1,87	0,13	1,351	-25,86	-17,5	-25,98	-16,89
30/09/2026 12:17:22	V0.04	9	HORARIO	15000	6	32,516	0,668	21,884	0,0028	0,1252	1,1301	1,137	1,634	0,084	0,573	-26,44	-19,3	-25,03	-16,43
30/09/2026 12:17:24	V0.04	9	HORARIO	15000	7	32,52	0,654	22,662	0	0	0	0	0	0	0	-26,2	-18,09	-25,58	-17,28
30/09/2026 12:17:25	V0.04	9	HORARIO	15000	8	32,521	0,635	21,69	0,2208	0,0404	0,8755	0,9038	2,664	0,824	0,878	-26,49	-17,41	-25,49	-16,86
30/09/2026 12:17:27	V0.04	9	HORARIO	15000	9	32,519	0,638	21,981	0,0693	0,0806	0,7576	0,765	3,924	1,969	1,969	-26,23	-17,28	-25,67	-17,16
30/09/2026 12:17:29	V0.04	9	HORARIO	15000	10	32,519	0,67	21,3	0,0391	0,098	1,1007	1,1058	1,267	0,359	1,015	-26,08	-17,83	-25,66	-16,68
30/09/2026 12:17:31	V0.04	9	HORARIO	15000	11	32,519	0,657	22,37	0,1572	0,071	1,0543	1,0683	1,695	0,366	0,908	-26,38	-18,88	-25,05	-16,77
30/09/2026 12:17:33	V0.04	9	HORARIO	15000	12	32,539	0,619	21,495	0,0194	0,0612	0,7664	0,769	2,137	0,305	1,053	-25,71	-17,47	-25,42	-15,44
30/09/2026 12:17:35	V0.04	9	HORARIO	15000	13	32,52	0,657	20,911	0,2147	0,019	0,9503	0,9745	2,107	0,565	0,504	-25,28	-15,34	-25,11	-16,86
30/09/2026 12:17:36	V0.04	9	HORARIO	15000	14	32,544	0,644	21,106	0,0427	0,109	1,1127	1,1188	1,29	0,573	0,878	-26,26	-18,91	-24,89	-16,45
30/09/2026 12:17:38	V0.04	9	HORARIO	15000	15	32,532	0,625	21,592	0,1078	0,004	0,8591	0,8659	2,023	2,298	1,023	-25,54	-16,09	-24,73	-15,57
30/09/2026 12:17:40	V0.04	9	HORARIO	15000	16	32,539	0,649	21,106	0,1573	0,0751	1,0612	1,0754	1,916	0,656	0,817	-26,32	-16,89	-24,92	-15,65
30/09/2026 12:17:42	V0.04	9	HORARIO	15000	17	32,529	0,649	20,911	0,1171	0,002	0,8645	0,8724	1,26	0,191	1,336	-25,9	-18,34	-25,16	-16,89
30/09/2026 12:17:43	V0.04	9	HORARIO	15000	18	32,537	0,627	19,939	0,1016	0,1017	1,0959	1,1053	2,282	0,298	0,817	-26,18	-17,93	-25,38	-15,93
30/09/2026 12:17:46	V0.04	9	HORARIO	15000	19	32,531	0,639	20,231	0,1045	0,024	0,8379	0,8447	2,244	1,435	1,206	-25,74	-16,83	-24,56	-15,44
30/09/2026 12:17:47	V0.04	9	HORARIO	15000	20	32,534	0,642	22,37	0,0338	0,1198	1,1309	1,1377	1,931	0,939	0,588	-26,35	-16,2	-24,67	-16,04
30/09/2026 12:17:54	V0.04	9	ANTIHORARIO	15000	1	32,544	0,592	18,966	0,1245	0,0802	0,9447	0,9563	6,251	8,303	3,22	-24,83	-12,84	-24,91	-13,32
30/09/2026 12:17:56	V0.04	9	ANTIHORARIO	15000	2	32,543	0,608	20,036	0,1306	0,0783	0,0157	0,1531	1,969	1,969	1,969	-25,69	-18,23	-25,58	-16,54
30/09/2026 12:17:57	V0.04	9	ANTIHORARIO	15000	3	32,543	0,555	18,869	0,1155	0,0664	0,771	0,7824	1,771	0,198	0,321	-24,82	-15,05	-25,43	-16,68
30/09/2026 12:17:59	V0.04	9	ANTIHORARIO	15000	4	32,549	0,559	19,55	0,1499	0,0758	0,7886	0,8063	1,786	0,718	0,458	-25,13	-16,07	-26,18	-17,53
30/09/2026 12:18:01	V0.04	9	ANTIHORARIO	15000	5	32,539	0,612	19,939	0,114	0,0753	0,7719	0,7839	2,221	0,618	0,672	-25,04	-16,83	-25,79	-18,34
30/09/2026 12:18:03	V0.04	9	ANTIHORARIO	15000	6	32,538	0,604	20,911	0,1167	0,0648	1,0577	1,0661	1,58	0,527	1,122	-25,51	-17,86	-25,68	-16,86
30/09/2026 12:18:05	V0.04	9	ANTIHORARIO	15000	7	32,534	0,598	20,328	0	0	0	0	0	0	0	-25,63	-17,28	-25,98	-16,92
30/09/2026 12:18:08	V0.04	9	ANTIHORARIO	15000	8	32,557	0,569	19,258	0,0577	0,084	1,0638	1,0687	1,84	0,389	1,252	-25,09	-16,15	-25,71	-16,54
30/09/2026 12:18:09	V0.04	9	ANTIHORARIO	15000	9	32,556	0,553	19,647	0,1309	0,0928	0,7845	0,8008	2,084	0,763	0,328	-25,14	-15,67	-25,06	-16,57
30/09/2026 12:18:12	V0.04	9	ANTIHORARIO	15000	10	32,538	0,597	19,939	0,0144	0,1129	1,0956	1,1015	1,214	0,29	1,618	-25,21	-16,77	-25,5	-17,83
30/09/2026 12:18:13	V0.04	9	ANTIHORARIO	15000	11	32,535	0,626	20,328	0	0	0	0	0	0	0	-25,68	-16,74	-24,98	-16,31
30/09/2026 12:18:15	V0.04	9	ANTIHORARIO	15000	12	32,554	0,592	19,452	0,2156	0,0276	0,9032	0,929	1,672	0,321	1	-25,02	-15,78	-24,8	-15,62
30/09/2026 12:18:18	V0.04	9	ANTIHORARIO	15000	13	32,533	0,618	20,717	0,109	0,0933	1,0111	1,0212	1,275	0,405	1,229	-24,59	-14,61	-25,19	-16,65
30/09/2026 12:18:21	V0.04	9	ANTIHORARIO	15000	15	32,558	0,566	17,896	0,2059	0,0088	0,9539	0,9759	1,695	0,603	1,046	-25,06	-16,2	-25,61	-17,89
30/09/2026 12:18:22	V0.04	9	ANTIHORARIO	15000	14	32,559	0,56	19,452	0,0914	0,0471	0,8085	0,815	2,71	1,321	0,511	-25,37	-16,31	-24,22	-14,93
30/09/2026 12:18:23	V0.04	9	ANTIHORARIO	15000	16	32,556	0,586	20,425	0,027	0,1057	1,104	1,1094	1,527	0,237	1,282	-24,9	-16,68	-25,11	-16,62
30/09/2026 12:18:24	V0.04	9	ANTIHORARIO	15000	17	32,546	0,61	20,911	0,0283	0,0696	0,7526	0,7563	2,634	0,924	0,626	-25,62	-16,74	-25,4	-17,16
30/09/2026 12:18:26	V0.04	9	ANTIHORARIO	15000	18	32,557	0,568	18,966	0,1509	0,0762	0,7991	0,8168	1,603	0,634	0,733	-25,34	-16,51	-25,4	-16,62
30/09/2026 12:18:29	V0.04	9	ANTIHORARIO	15000	19	32,543	0,61	20,814	0,1426	0,0667	0,8044	0,8197	1,687	0,458	0,679	-24,96	-15,44	-25,08	-16,45
30/09/2026 12:18:30	V0.04	9	ANTIHORARIO	15000	20	32,54	0,572	20,328	0	0	0	0	0	0	0	-25,07	-16,57	-24,55	-14,74
30/09/2026 12:18:38	V0.04	9	HORARIO	20000	1	32,54	0,65	22,176	0,1389	0,0765	0,9482	0,9613	5,146	6,867	7,823	-23,74	-10,93	-22,97	-11,67
30/09/2026 12:18:39	V0.04	9	HORARIO	20000	2	32,551	0,683	20,814	0,1071	0,1179	1,1688	1,1796	1,534	1,275	0,672	-24,84	-15,88	-23,28	-12,88
30/09/2026 12:18:40	V0.04	9	HORARIO	20000	3	32,552	0,628	21,884	0,141	0,0356	0,9436	0,9547	1,603	1,954	0,664	-24,34	-14,95	-22,86	-13,93
30/09/2026 12:18:42	V0.04	9	HORARIO	20000	4	32,553	0,596	20,328	0,036	0,069	0,7694	0,7733	1,84	0,458	0,771	-24,04	-13,76	-23,28	-14,49
30/09/2026 12:18:44	V0.04	9	HORARIO	20000	5	32,561	0,587	19,258	0	0	0	0	0	0	0	-24,5	-13,16	-24,05	-15,27
30/09/2026 12:18:46	V0.04	9	HORARIO	20000	6	32,559	0,584	19,842	0,1149	0,1046	1,082	1,0931	1,015	0,863	0,779	-24,81	-14,34	-23,34	-13,78
30/09/2026 12:18:48	V0.04	9	HORARIO	20000	7	32,551	0,64	21,495	0,109	0,1072	1,125	1,1353	1,527	1,641	0,725	-24,63	-16,23	-23,15	-14,31
30/09/2026 12:18:49	V0.04	9	HORARIO	20000	8	32,553	0,679	22,273	0	0,0703	0,7407	0,7441	1,412	0,832	1,244	-24,53	-16,15	-23,54	-15,03
30/09/2026 12:18:51	V0.04	9	HORARIO	20000	9	32,557	0,642	22,079	0,1558	0,0802	1,0817	1,0958	2,16	1,115	0,916	-24,56	-15,44	-22,76	-13,36
30/09/2026 12:18:53	V0.04	9	HORARIO	20000	10	32,565	0,652	20,62	0,0243	0,0594	0,7588	0,7615	2,198	0,588	1,214	-24,71	-16,48	-23,43	-14,16
30/09/2026 12:18:55	V0.04	9	HORARIO	20000	11	32,559	0,632	20,911	0,1321	0,0854	1,0515	1,0632	1,565	0,267	0,565	-24,45	-15,57	-23,15	-13,36
30/09/2026 12:18:57	V0.04	9	HORARIO	20000	12	32,559	0,6	20,911	0,1038	0,1011	1,1233	1,1326	1,74	0,015	1,015	-24,24	-15,49	-23,65	-14,61
30/09/2026 12:18:58	V0.04	9	HORARIO	20000	13	32,55	0,661	21,787	0,1508	0,0579	0,9507	0,9643	1,16	0,534	0,649	-24,43	-15,67	-23,32	-13,56
30/09/2026 12:19:00	V0.04	9	HORARIO	20000	14	32,557	0,649	22,273	0,2036	0,0308	0,8915	0,915	1,649	1,321	1,626	-24,33	-15,44	-22,96	-13,58
30/09/2026 12:19:02	V0.04	9	HORARIO	20000	15	32,552	0,662	20,911	0,2173	0,0256	0,8938	0,9202	1,878	0,038	1,145	-24,38	-15,93	-23,54	-14,43
30/09/2026 12:19:05	V0.04	9	HORARIO	20000	16	32,567	0,59	19,161	0,1957	0,0267	0,9438	0,9643	1,893	0,305	0,771	-24,37	-16,2	-22,82	-13,56
30/09/2026 12:19:05	V0.04	9	HORARIO	20000	17	32,588	0,584	19,063	0,1135	0,0049	0,8749	0,8822	1,534	0,168	1,84	-24,48	-14,67	-23,59	-13,97
30/09/2026 12:19:07	V0.04	9	HORARIO	20000	18	32,558	0,632	20,62	0,046	0,0699	0,7509	0,7555	2,206	0,008	1,313	-24,33	-15,65	-23,38	-13,86
30/09/2026 12:19:09	V0.04	9	HORARIO	20000	19	32,55	0,664	21,106	0,151	0,0583	0,8217	0,8375	1,878	0,962	1,473	-24,1	-14,84	-22,71	-13,24
30/09/2026 12:19:11	V0.04	9	HORARIO	20000	20	32,558	0,65	20,717	0,2084	0,0099	0,9325	0,9555	2,26	0,305	1,786	-24,65	-15,72	-23,52	-13,16
30/09/2026 12:19:17	V0.04	9	ANTIHORARIO	20000	1	32,545	0,635	21,3	0,1349	0,0757	0,936	0,9487	5,643	7,174	4,092	-24,37	-12,35	-24,33	-13,56
30/09/2026 12:19:19	V0.04	9	ANTIHORARIO	20000	2	32,57	0,568	19,355	0,085	0,0984	0,7418	0,7531	1,038	1,298	2,435	-25,17	-16,71	-25,32	-17,13
30/09/2026 12:19:22	V0.04	9	ANTIHORARIO	20000	3	32,569	0,568	17,994	0,0453	0,0491	0,7693	0,7722	2,214	0,588	0,496	-24,27	-15,27	-25,4	-15,29
30/09/2026 12:19:23	V0.04	9	ANTIHORARIO	20000	4	32,577	0,54	17,702	0,1007	0,1099	0,7648	0,7792	1,313	0,099	0,939	-25,23	-16,6	-25,28	-16,89
30/09/2026 12:19:25	V0.04	9	ANTIHORARIO	20000	5	32,559	0,625	20,425	0,1827	0,0701	0,8368	0,8594	1,618	0,221	0,702	-25,39	-15,7	-24,67	-15,05
30/09/2026 12:19:27	V0.04	9	ANTIHORARIO	20000	6	32,569	0,557	18,674	0,2247	0,0076	0,9297	0,9565	1,626	0,931	1,214	-25,24	-16,09	-25,41	-16,62
30/09/2026 12:19:29	V0.04	9	ANTIHORARIO	20000	7	32,585	0,537	17,702	0,1355	0,0665	0,9987	1,01	1,267	1,328	0,992	-25,37	-16,89	-24,43	-15,67
30/09/2026 12:19:31	V0.04	9	ANTIHORARIO	20000	8	32,587	0,532	18,869	0,084	0,1024	1,0896	1,0976	1,962	0,977	1,496	-25,13	-15,88	-25,31	-16,43
30/09/2026 12:19:32	V0.04	9	ANTIHORARIO	20000	9	32,561	0,623	20,133	0,2092	0,0253	0,9613	0,9841	1,099	0,656	1,107	-24,37	-15,49	-25,24	-16,51
30/09/2026 12:19:34	V0.04	9	ANTIHORARIO	20000	10	32,59	0,547	18,285	0,2025	0,0179	0,9534	0,9748	1,664	0,511	1,069	-24,57	-14,84	-25,29	-16,26
30/09/2026 12:19:36	V0.04	9	ANTIHORARIO	20000	11	32,585	0,548	17,605	0,0505	0,0801	0,7528	0,7587	2,206	0,359	0,603	-25,49	-16,89	-25,57	-18,13
30/09/2026 12:19:38	V0.04	9	ANTIHORARIO	20000	12	32,554	0,626	19,647	0,1	0,0975	1,0566	1,0658	2,076	0,145	1,489	-25,6	-16,77	-24,58	-15,1
30/09/2026 12:19:39	V0.04	9	ANTIHORARIO	20000	13	32,588	0,531	17,896	0,1221	0,0458	0,9351	0,9441	2,252	0,153	0,969	-25,09	-15,72	-24,41	-15,54
30/09/2026 12:19:41	V0.04	9	ANTIHORARIO	20000	14	32,584	0,565	18,772	0,0337	0,0547	0,7755	0,7782	2,427	0,458	0,664	-24,87	-14,49	-25,21	-16,95
30/09/2026 12:19:44	V0.04	9	ANTIHORARIO	20000	15	32,569	0,601	19,452	0,175	0,0544	0,9933	1,0101	1,626	0,618	1,221	-25,53	-15,85	-24,9	-16,95
30/09/2026 12:19:45	V0.04	9	ANTIHORARIO	20000	16	32,578	0,524	18,577	0,1392	0,0225	0,9042	0,9151	2,16	0,641	1,015	-25,57	-16,4	-24,87	-17,04
30/09/2026 12:19:47	V0.04	9	ANTIHORARIO	20000	17	32,574	0,58	20,425	0,0835	0,0492	0,7972	0,8031	2,473	0,244	0,901	-25,19	-17,01	-24,87	-15,78
30/09/2026 12:19:49	V0.04	9	ANTIHORARIO	20000	18	32,588	0,528	17,215	0,0688	0,0157	0,8281	0,8311	2,252	0,412	0,885	-25,23	-14,72	-25,11	-16,77
30/09/2026 12:19:50	V0.04	9	ANTIHORARIO	20000	19	32,569	0,603	20,814	0,0565	0,1174	1,0967	1,1044	1,511	0,695	1,374	-25,44	-16,71	-25,23	-15,75
30/09/2026 12:19:52	V0.04	9	ANTIHORARIO	20000	20	32,587	0,499	17,799	0,2177	0,03	0,9146	0,9406	1,809	0,863	0,863	-25,15	-17,37	-25,38	-16,09
30/09/2026 12:27:04	V0.04	10	HORARIO	15000	1	32,468	0,787	26,455	0,1168	0,0781	0,9269	0,9375	3,47	5,7	5,211	-25,02	-13,97	-23,74	-12,71
30/09/2026 12:27:06	V0.04	10	HORARIO	15000	2	32,488	0,737	24,51	0,0038	0,1002	0,6918	0,699	1,802	1,198	1,847	-25,96	-18,58	-24,8	-16,15
30/09/2026 12:27:08	V0.04	10	HORARIO	15000	3	32,484	0,727	24,51	0,2001	0,0148	1,0339	1,0532	1,649	1,832	0,115	-26,67	-18,84	-23,88	-16,15
30/09/2026 12:27:10	V0.04	10	HORARIO	15000	4	32,48	0,787	26,553	0,0553	0,0869	0,7268	0,7341	3,504	1,321	0,374	-25,51	-17,34	-24,43	-15,96
30/09/2026 12:27:12	V0.04	10	HORARIO	15000	5	32,484	0,725	24,802	0,0559	0,074	1,1582	1,1619	0,626	0,038	1,924	-25,43	-16,62	-23,59	-15,29
30/09/2026 12:27:14	V0.04	10	HORARIO	15000	6	32,49	0,739	24,899	0,0515	0,0837	0,8901	0,8955	1,397	1,519	0,611	-26,52	-17,66	-24,23	-15,65
30/09/2026 12:27:15	V0.04	10	HORARIO	15000	7	32,491	0,733	24,121	0,0364	0,0986	0,9583	0,964	3,328	2,389	1,198	-24,27	-15,91	-23,54	-14,79
30/09/2026 12:27:17	V0.04	10	HORARIO	15000	8	32,516	0,697	23,246	0	0	0	0	0	0	0	-25,7	-17,57	-24,61	-14,77
30/09/2026 12:27:19	V0.04	10	HORARIO	15000	9	32,479	0,792	25,483	0,0464	0,0533	1,1583	1,1605	0,496	1,061	1,344	-25,63	-16,15	-23,05	-13,74
30/09/2026 12:27:21	V0.04	10	HORARIO	15000	10	32,514	0,672	22,954	0,0117	0,0999	1,1725	1,1768	1,275	0,198	1,229	-25,77	-17,34	-23,98	-14,77
30/09/2026 12:27:22	V0.04	10	HORARIO	15000	11	32,513	0,697	22,954	0,0535	0,042	0,7518	0,7549	1,527	3,756	0,908	-26,05	-17,96	-23,42	-14,58
30/09/2026 12:27:24	V0.04	10	HORARIO	15000	12	32,51	0,719	23,732	0,077	0,0187	1,0815	1,0844	0,565	0,511	1,58	-25,23	-16,51	-23,74	-14,23
30/09/2026 12:27:26	V0.04	10	HORARIO	15000	13	32,547	0,639	23,148	0,0591	0,0768	0,8956	0,9009	3,42	2,221	1,214	-25,26	-16,07	-23,33	-14,81
30/09/2026 12:27:27	V0.04	10	HORARIO	15000	14	32,506	0,761	24,899	0,0449	0,0028	0,7716	0,7729	1,672	3,214	0,397	-26,42	-17,99	-24,48	-16,2
30/09/2026 12:27:29	V0.04	10	HORARIO	15000	15	32,514	0,703	23,148	0,2278	0,0209	1,1674	1,1896	1,863	1,45	1,382	-26,07	-18,16	-24,09	-16,12
30/09/2026 12:27:31	V0.04	10	HORARIO	15000	16	32,506	0,732	23,732	0,0712	0,0602	0,8448	0,85	1,756	3,031	0,733	-25,8	-17,69	-23,77	-13,32
30/09/2026 12:27:34	V0.04	10	HORARIO	15000	17	32,515	0,721	23,927	0,1743	0,0457	0,9728	0,9893	3,58	3,908	0,504	-26,51	-19,03	-23,83	-15,07
30/09/2026 12:27:35	V0.04	10	HORARIO	15000	18	32,548	0,629	21,398	0,1865	0,0123	0,9192	0,938	0,893	2,008	1,198	-25,84	-17,1	-23,35	-14,65
30/09/2026 12:27:37	V0.04	10	HORARIO	15000	19	32,513	0,717	24,218	0,111	0,0203	0,9552	0,9618	2,389	0,504	2,221	-24,48	-16,34	-21,72	-14,49
30/09/2026 12:27:39	V0.04	10	HORARIO	15000	20	32,541	0,688	22,662	0,172	0,0496	0,9279	0,945	1,55	1,038	0,336	-25,83	-17,57	-24,38	-16,4
30/09/2026 12:27:45	V0.04	10	ANTIHORARIO	15000	1	32,526	0,667	22,37	0,1263	0,0856	0,934	0,9464	2,748	5,402	5,361	-25,02	-13,68	-25,07	-13,91
30/09/2026 12:27:48	V0.04	10	ANTIHORARIO	15000	2	32,523	0,688	22,468	0,1593	0,1307	0,7355	0,7638	1,588	0,313	3,466	-26,09	-17,89	-25	-16,98
30/09/2026 12:27:49	V0.04	10	ANTIHORARIO	15000	3	32,534	0,646	22,176	0,0416	0,1198	0,5652	0,5792	2,87	0,496	0,794	-25,85	-18,62	-26,44	-19,14
30/09/2026 12:27:50	V0.04	10	ANTIHORARIO	15000	4	32,552	0,587	19,258	0,2366	0,0641	1,1747	1,2	0,672	1,71	0,16	-26,47	-17,37	-24,86	-17,5
30/09/2026 12:27:52	V0.04	10	ANTIHORARIO	15000	5	32,504	0,747	24,51	0,2062	0,1018	1,1626	1,1851	0,908	0,061	1,351	-25,42	-17,6	-25,85	-17,93
30/09/2026 12:27:54	V0.04	10	ANTIHORARIO	15000	6	32,528	0,645	21,398	0,0652	0,0514	0,7317	0,7364	3,244	1,603	0,42	-26,58	-19,42	-25,79	-16,71
30/09/2026 12:27:56	V0.04	10	ANTIHORARIO	15000	7	32,529	0,674	21,787	0,1066	0,1125	0,6016	0,6212	3,046	0,901	0,702	-26,41	-17,6	-25,83	-17,83
30/09/2026 12:27:58	V0.04	10	ANTIHORARIO	15000	8	32,51	0,718	23,051	0,1118	0,1354	0,7366	0,7572	1,511	1,099	1,847	-25,84	-17,86	-26,23	-18,62
30/09/2026 12:27:59	V0.04	10	ANTIHORARIO	15000	9	32,539	0,628	20,717	0,0939	0,035	0,9263	0,9317	1,481	0,603	0,649	-25,04	-16,74	-26,51	-17,99
30/09/2026 12:28:01	V0.04	10	ANTIHORARIO	15000	10	32,523	0,699	23,148	0,2261	0,0038	1,0857	1,109	1,901	3,168	1,221	-25,77	-17,63	-26,81	-19,54
30/09/2026 12:28:03	V0.04	10	ANTIHORARIO	15000	11	32,535	0,618	20,911	0,0746	0,1058	0,9884	0,9968	2,511	0,725	0,626	-26,16	-18,58	-26,33	-18,88
30/09/2026 12:28:05	V0.04	10	ANTIHORARIO	15000	12	32,556	0,625	20,911	0,1589	0,095	0,7336	0,7566	1,496	1,672	0,893	-25,96	-16,62	-26,18	-17,13
30/09/2026 12:28:06	V0.04	10	ANTIHORARIO	15000	13	32,515	0,694	23,343	0,2595	0,0662	1,2129	1,2421	2,198	3,214	1,214	-26,26	-18,03	-26,19	-17,76
30/09/2026 12:28:08	V0.04	10	ANTIHORARIO	15000	14	32,535	0,646	21,106	0,0461	0,0449	0,8688	0,8712	2,473	0,702	0,832	-26,28	-18,23	-25,63	-17,53
30/09/2026 12:28:10	V0.04	10	ANTIHORARIO	15000	15	32,538	0,666	21,106	0	0	0	0	0	0	0	-26	-17,63	-26,17	-17,93
30/09/2026 12:28:13	V0.04	10	ANTIHORARIO	15000	16	32,519	0,708	23,635	0,0703	0,0054	0,9792	0,9818	0,824	0,817	2,351	-26,21	-18,58	-26,38	-17,41
30/09/2026 12:28:14	V0.04	10	ANTIHORARIO	15000	17	32,557	0,591	19,744	0,0057	0,0239	0,9523	0,9526	1,969	1,855	0,779	-25,79	-17,5	-26,02	-16,57
30/09/2026 12:28:16	V0.04	10	ANTIHORARIO	15000	18	32,549	0,615	20,62	0,0535	0,106	1,0153	1,0222	2,282	0,374	1,443	-25,88	-16,57	-26,5	-18,8
30/09/2026 12:28:17	V0.04	10	ANTIHORARIO	15000	19	32,529	0,712	23,148	0,0391	0,0701	1,1506	1,1534	0,71	1,58	2,015	-26,25	-18,09	-26,02	-17,5
30/09/2026 12:28:19	V0.04	10	ANTIHORARIO	15000	20	32,527	0,67	22,857	0,1388	0,1261	1,0328	1,0497	2,328	0,893	1,947	-25,45	-17,57	-25,27	-15,17
30/09/2026 12:28:26	V0.04	10	HORARIO	20000	1	32,549	0,663	22,079	0,1169	0,0841	0,9373	0,9483	4,038	6,905	5,282	-25,62	-15,24	-23,84	-13,05
30/09/2026 12:28:28	V0.04	10	HORARIO	20000	2	32,559	0,671	21,884	0,0763	0,0482	0,9688	0,9729	3,29	0,458	1,573	-25,95	-18,03	-24,59	-15,24
30/09/2026 12:28:30	V0.04	10	HORARIO	20000	3	32,52	0,747	24,607	0,0519	0,0525	0,8502	0,8534	2,71	0,916	0,16	-26,59	-19,07	-24,62	-15,59
30/09/2026 12:28:31	V0.04	10	HORARIO	20000	4	32,51	0,791	25,483	0,2312	0,0009	1,0479	1,0731	1,481	1,809	1,481	-26,44	-17,69	-23,71	-15,17
30/09/2026 12:28:33	V0.04	10	HORARIO	20000	5	32,537	0,703	23,538	0,0299	0,093	0,969	0,9739	2,405	2,885	0,817	-26,38	-17,53	-23,66	-14,47
30/09/2026 12:28:35	V0.04	10	HORARIO	20000	6	32,559	0,699	22,565	0,1694	0,0632	1,097	1,1119	1,634	1,58	1,519	-26,57	-18,62	-24,24	-16,51
30/09/2026 12:28:37	V0.04	10	HORARIO	20000	7	32,566	0,634	20,717	0,2234	0,0288	1,1406	1,1627	1,076	2,267	1,527	-26,48	-18,03	-23,85	-14,36
30/09/2026 12:28:39	V0.04	10	HORARIO	20000	8	32,551	0,696	22,759	0,0474	0,036	0,9114	0,9133	2,557	3,611	0,412	-25,98	-17,41	-23,8	-13,84
30/09/2026 12:28:41	V0.04	10	HORARIO	20000	9	32,553	0,711	23,148	0,2379	0,0162	1,0637	1,0901	1,458	1,519	0,878	-26,37	-18,91	-24,27	-15,54
30/09/2026 12:28:43	V0.04	10	HORARIO	20000	10	32,575	0,645	21,495	0,226	0,0135	1,0746	1,0982	2,176	1,763	1,076	-26,7	-17,5	-23,99	-15,93
30/09/2026 12:28:45	V0.04	10	HORARIO	20000	11	32,542	0,686	22,759	0,0576	0,0889	1,1316	1,1365	0,977	2,511	1,817	-26,38	-18,77	-23,62	-15,24
30/09/2026 12:28:46	V0.04	10	HORARIO	20000	12	32,544	0,717	23,829	0,1121	0,0258	0,9235	0,9306	0,656	3,939	0,779	-26,31	-17,99	-23,96	-15,8
30/09/2026 12:28:50	V0.04	10	HORARIO	20000	13	32,521	0,799	26,358	0,197	0,0338	1,001	1,0207	3,053	1,794	0,427	-26,13	-17,31	-24,41	-15,47
30/09/2026 12:28:50	V0.04	10	HORARIO	20000	14	32,559	0,659	21,592	0,0469	0,0922	0,677	0,6849	1,031	1,389	1,58	-26,25	-16,98	-23,45	-13,99
30/09/2026 12:28:52	V0.04	10	HORARIO	20000	15	32,537	0,715	24,51	0,0424	0,0582	0,7985	0,8017	1,534	1,397	1,504	-26,57	-19,46	-24,19	-15,49
30/09/2026 12:28:54	V0.04	10	HORARIO	20000	16	32,556	0,701	23,051	0,1023	0,0763	0,7369	0,7479	3,641	3,183	1,634	-26,8	-19,66	-23,76	-15,42
30/09/2026 12:28:56	V0.04	10	HORARIO	20000	17	32,573	0,641	21,884	0,2263	0,0177	1,0525	1,0767	0,908	2,985	0,641	-26,58	-18,13	-24,06	-14,29
30/09/2026 12:28:57	V0.04	10	HORARIO	20000	18	32,552	0,67	22,662	0,0525	0,0903	0,6443	0,6527	1,611	1,756	1,382	-26,15	-18,06	-24,02	-15,39
30/09/2026 12:28:59	V0.04	10	HORARIO	20000	19	32,576	0,614	19,744	0,0739	0,0481	1,0713	1,0749	1,748	2,466	1,405	-25,99	-17,79	-24,01	-14,16
30/09/2026 12:29:01	V0.04	10	HORARIO	20000	20	32,558	0,681	23,051	0,0358	0,1088	1,0798	1,0859	2,626	2,603	0,824	-26,35	-17,86	-24,25	-16,45
30/09/2026 12:29:10	V0.04	10	ANTIHORARIO	20000	2	32,562	0,645	21,787	0,1969	0,0265	1,063	1,0814	2,244	2,351	1,389	-26,25	-18,62	-25,83	-17,96
30/09/2026 12:29:11	V0.04	10	ANTIHORARIO	20000	1	32,582	0,594	18,966	0,1272	0,0778	0,9436	0,9553	3,594	6,263	6,928	-25,43	-14,16	-25,41	-14,88
30/09/2026 12:29:11	V0.04	10	ANTIHORARIO	20000	3	32,527	0,703	23,051	0,0221	0,0486	0,8365	0,8382	1,977	1,13	0,092	-26,28	-18,41	-25,37	-17,34
30/09/2026 12:29:14	V0.04	10	ANTIHORARIO	20000	4	32,548	0,642	20,911	0	0	0	0	0	0	0	-26,38	-18,84	-25,67	-16,74
30/09/2026 12:29:15	V0.04	10	ANTIHORARIO	20000	5	32,574	0,579	20,133	0,1376	0,0858	1,0103	1,0232	1,809	2,214	1,855	-26,22	-18,44	-26,25	-17,47
30/09/2026 12:29:17	V0.04	10	ANTIHORARIO	20000	6	32,547	0,687	23,051	0,0369	0,0502	0,9102	0,9123	2,237	0,954	0,992	-26,05	-17,89	-25,82	-17,31
30/09/2026 12:29:19	V0.04	10	ANTIHORARIO	20000	7	32,556	0,636	21,398	0,1602	0,0541	0,9633	0,978	0,74	0,672	1,473	-26,03	-18,16	-26,08	-17,07
30/09/2026 12:29:21	V0.04	10	ANTIHORARIO	20000	8	32,536	0,7	22,857	0,1918	0,0138	1,067	1,0842	1,473	2,214	1,336	-26,22	-17,96	-26,43	-18,51
30/09/2026 12:29:23	V0.04	10	ANTIHORARIO	20000	9	32,549	0,646	22,273	0,0981	0,0927	0,9352	0,9449	1,542	1,725	1,611	-25,99	-18,66	-26,57	-17,69
30/09/2026 12:29:25	V0.04	10	ANTIHORARIO	20000	10	32,568	0,61	20,328	0,0645	0,0245	1,0519	1,0541	2,084	0,221	0,924	-25,37	-17,04	-25,81	-16,31
30/09/2026 12:29:27	V0.04	10	ANTIHORARIO	20000	11	32,574	0,577	19,258	0,2126	0,0117	1,0551	1,0763	1,74	1,504	0,427	-25,77	-17,19	-26,38	-18,66
30/09/2026 12:29:29	V0.04	10	ANTIHORARIO	20000	12	32,555	0,626	20,328	0,05	0,0458	1,1184	1,1205	1,466	1,122	2,061	-25,97	-16,43	-26,05	-18,03
30/09/2026 12:29:31	V0.04	10	ANTIHORARIO	20000	13	32,554	0,624	20,133	0,0305	0,0676	0,8983	0,9014	2,16	0,626	1,107	-26,28	-17,69	-25,67	-17,25
30/09/2026 12:29:32	V0.04	10	ANTIHORARIO	20000	14	32,568	0,615	20,231	0,1445	0,0736	0,8423	0,8578	0,756	1,84	0,275	-25,94	-18,27	-25,57	-16,43
30/09/2026 12:29:34	V0.04	10	ANTIHORARIO	20000	15	32,566	0,605	21,009	0	0	0	0	0	0	0	-26,19	-17,99	-26,17	-17,57
30/09/2026 12:29:36	V0.04	10	ANTIHORARIO	20000	16	32,546	0,671	23,148	0,0455	0,0002	0,8485	0,8497	2,321	0,649	1,496	-26,2	-18,06	-26,14	-18,16
30/09/2026 12:29:38	V0.04	10	ANTIHORARIO	20000	17	32,562	0,621	20,231	0,134	0,0951	0,8053	0,8219	1,863	0,824	0,046	-26,25	-18,3	-25,86	-17,83
30/09/2026 12:29:39	V0.04	10	ANTIHORARIO	20000	18	32,566	0,599	19,939	0,2159	0,0293	1,0056	1,029	1,313	0,504	0,916	-26,52	-17,79	-25,93	-17,93
30/09/2026 12:29:41	V0.04	10	ANTIHORARIO	20000	19	32,57	0,611	20,133	0,2429	0,0297	1,1465	1,1723	1,977	1,702	1,397	-26,25	-17,76	-25,83	-17,31
30/09/2026 12:29:43	V0.04	10	ANTIHORARIO	20000	20	32,549	0,657	22,468	0,0527	0,1005	0,618	0,6284	3,122	2,42	0,954	-26,07	-17,5	-25,67	-16,86
30/09/2026 13:53:08	V0.04	11	HORARIO	15000	1	32,472	0,824	27,233	0,0705	0,0291	0,9245	0,9276	3,382	6,755	5,381	-26,33	-17,37	-26,28	-16,51
30/09/2026 13:53:10	V0.04	11	HORARIO	15000	2	32,47	0,861	27,331	0,1106	0,0308	0,9355	0,9426	2,611	2,565	2,435	-26,57	-18,73	-26,66	-17,25
30/09/2026 13:53:12	V0.04	11	HORARIO	15000	3	32,469	0,854	28,012	0,0837	0,0032	0,9061	0,91	2,137	2,298	0,198	-26,35	-18,95	-26,46	-17,07
30/09/2026 13:53:13	V0.04	11	HORARIO	15000	4	32,451	0,913	30,638	0,0624	0	0,8864	0,8885	1,901	1,985	0,122	-26,44	-19,03	-26,62	-17,37
30/09/2026 13:53:15	V0.04	11	HORARIO	15000	5	32,449	0,965	31,027	0,106	0,0015	0,8751	0,8815	1,756	0,931	1,13	-26,15	-18,06	-26,19	-16,6
30/09/2026 13:53:17	V0.04	11	HORARIO	15000	6	32,477	0,835	28,109	0,0802	0,0574	0,9584	0,9634	2,214	0,573	1,656	-26,56	-18,62	-26,52	-18,95
30/09/2026 13:53:19	V0.04	11	HORARIO	15000	7	32,483	0,834	27,914	0,0511	0,0165	0,939	0,9405	2,748	4,328	1,176	-26,61	-19,18	-26,47	-17,69
30/09/2026 13:53:21	V0.04	11	HORARIO	15000	8	32,468	0,916	29,957	0,0481	0,0114	0,9282	0,9295	1,824	3,053	0,756	-26,35	-18,51	-26,48	-17,47
30/09/2026 13:53:22	V0.04	11	HORARIO	15000	9	32,47	0,872	28,887	0,0758	0,0031	0,9426	0,9457	1,076	3,427	2,168	-26,14	-18,99	-26,39	-19,07
30/09/2026 13:53:24	V0.04	11	HORARIO	15000	10	32,495	0,814	27,428	0,0085	0,0127	0,9285	0,9286	0,924	5,527	1,45	-26,37	-18,84	-26,63	-18,06
30/09/2026 13:53:26	V0.04	11	HORARIO	15000	11	32,461	0,954	31,319	0,011	0,0172	0,9041	0,9043	1,931	1,771	0,916	-26,46	-19,38	-26,52	-19,26
30/09/2026 13:53:28	V0.04	11	HORARIO	15000	12	32,486	0,833	27,72	0,025	0,0159	0,8939	0,8944	1,237	0,504	1,939	-26,52	-18,95	-25,96	-18,09
30/09/2026 13:53:30	V0.04	11	HORARIO	15000	13	32,485	0,842	27,428	0,0479	0,0099	0,9203	0,9216	2,588	3,412	1,183	-26,28	-18,06	-26,63	-19,22
30/09/2026 13:53:32	V0.04	11	HORARIO	15000	14	32,456	0,966	31,708	0,0947	0,0087	0,954	0,9587	2,557	0,824	0,374	-26,23	-19,38	-26,39	-18,95
30/09/2026 13:53:34	V0.04	11	HORARIO	15000	15	32,511	0,768	25,872	0,0371	0,0231	0,9594	0,9603	1,198	4,756	2,092	-26,52	-18,62	-26,18	-18,41
30/09/2026 13:53:36	V0.04	11	HORARIO	15000	16	32,483	0,843	28,401	0,0505	0,0072	0,9329	0,9343	2,511	4,214	1,061	-26,5	-18,3	-25,85	-16,8
30/09/2026 13:53:37	V0.04	11	HORARIO	15000	17	32,47	0,95	31,805	0,0707	0,0037	0,88	0,8828	1,405	4,603	0,389	-26,27	-18,69	-26,54	-18,2
30/09/2026 13:53:39	V0.04	11	HORARIO	15000	18	32,512	0,797	26,358	0,0236	0,0133	0,9054	0,9058	1,687	0,855	1,885	-26,6	-18,51	-26,37	-19,07
30/09/2026 13:53:41	V0.04	11	HORARIO	15000	19	32,498	0,795	27,039	0,0531	0,0068	0,9263	0,9278	1,954	1,916	1,908	-26,45	-18,69	-26,59	-17,99
30/09/2026 13:53:43	V0.04	11	HORARIO	15000	20	32,475	0,947	30,929	0,0753	0,0002	0,8876	0,8908	1,26	2,786	0,168	-26,49	-17,76	-26,96	-19,1
30/09/2026 13:53:49	V0.04	11	ANTIHORARIO	15000	1	32,519	0,713	23,44	0,0815	0,0266	0,925	0,929	2,605	6,895	8,603	-26,23	-15,29	-26,27	-15,59
30/09/2026 13:53:52	V0.04	11	ANTIHORARIO	15000	2	32,518	0,718	23,927	0,0389	0,0126	0,9146	0,9155	2,878	0,954	1,466	-26,6	-18,62	-26,78	-19,78
30/09/2026 13:53:53	V0.04	11	ANTIHORARIO	15000	3	32,485	0,879	29,373	0,0632	0,0103	0,9259	0,9281	1,397	1,122	1,771	-24,34	-16,2	-25,46	-16,62
30/09/2026 13:53:55	V0.04	11	ANTIHORARIO	15000	4	32,517	0,73	24,996	0,0701	0,0139	0,9473	0,95	1,496	3,916	1,008	-23,56	-15,17	-24,14	-16,2
30/09/2026 13:53:57	V0.04	11	ANTIHORARIO	15000	5	32,532	0,687	22,759	0,1016	0,0302	0,9374	0,9433	2,076	0,252	0,351	-24,74	-16,77	-25,53	-17,28
30/09/2026 13:53:59	V0.04	11	ANTIHORARIO	15000	6	32,485	0,903	29,568	0,0573	0,0265	0,9092	0,9114	0,947	2,427	2,412	-25,99	-18,13	-26,23	-18,06
30/09/2026 13:54:01	V0.04	11	ANTIHORARIO	15000	7	32,494	0,834	27,233	0,0746	0,0055	0,911	0,9141	1,527	1,489	2,45	-26,61	-18,34	-26,5	-19,26
30/09/2026 13:54:02	V0.04	11	ANTIHORARIO	15000	8	32,524	0,733	23,927	0,0768	0,0198	0,9445	0,9478	1,489	3,802	0,29	-26,66	-19,78	-26,88	-19,18
30/09/2026 13:54:05	V0.04	11	ANTIHORARIO	15000	9	32,506	0,794	27,331	0,0569	0,0184	0,9214	0,9233	1,504	3,206	1,588	-26,64	-19,26	-26,54	-17,73
30/09/2026 13:54:07	V0.04	11	ANTIHORARIO	15000	10	32,504	0,847	28,206	0,0334	0,0103	0,9333	0,934	1,305	1,046	2,206	-26,4	-16,74	-26,41	-19,26
30/09/2026 13:54:08	V0.04	11	ANTIHORARIO	15000	11	32,543	0,667	22,565	0,0535	0,015	0,9476	0,9493	1,718	1,565	0,84	-26,51	-17,76	-26,5	-19,34
30/09/2026 13:54:10	V0.04	11	ANTIHORARIO	15000	12	32,535	0,729	24,121	0,0717	0,0243	0,9353	0,9384	2,611	4,282	0,183	-25,88	-17,73	-26,01	-18,27
30/09/2026 13:54:17	V0.04	11	ANTIHORARIO	15000	14	32,529	0,728	25,094	0,1008	0,007	0,905	0,9107	1,893	0,519	0,382	-26,39	-17,66	-26,57	-19,54
30/09/2026 13:54:18	V0.04	11	ANTIHORARIO	15000	15	32,51	0,819	26,455	0,1021	0,027	0,9414	0,9473	2,496	0,466	1,389	-26,72	-19,62	-26,99	-19,5
30/09/2026 13:54:18	V0.04	11	ANTIHORARIO	15000	16	32,507	0,817	27,331	0,0535	0,0089	0,9109	0,9125	1,191	4,16	2,145	-26,68	-19,78	-26,84	-17,37
30/09/2026 13:54:18	V0.04	11	ANTIHORARIO	15000	13	32,511	0,822	27,233	0,0903	0,0096	0,9363	0,9407	2,099	3,504	2,061	-26,36	-18,55	-26,71	-19,3
30/09/2026 13:54:19	V0.04	11	ANTIHORARIO	15000	17	32,526	0,713	23,732	0,0282	0,0144	0,8972	0,8978	1,962	1,198	0,473	-26,52	-18,34	-26,68	-19,66
30/09/2026 13:54:20	V0.04	11	ANTIHORARIO	15000	18	32,518	0,789	26,455	0,0937	0,0112	0,9331	0,9379	2,733	3,924	1,969	-26,45	-17,96	-26,5	-18,69
30/09/2026 13:54:22	V0.04	11	ANTIHORARIO	15000	19	32,531	0,707	24,024	0,0969	0,0056	0,958	0,9629	1,634	1,71	1,573	-26,55	-18,95	-26,95	-19,66
30/09/2026 13:54:24	V0.04	11	ANTIHORARIO	15000	20	32,537	0,726	23,732	0,0862	0,0168	0,9519	0,9559	1,916	2,924	1,023	-26,73	-17,63	-26,57	-19,26
30/09/2026 13:54:31	V0.04	11	HORARIO	20000	1	32,535	0,798	26,553	0,0844	0,026	0,9302	0,9344	3,756	9,322	6,531	-25,99	-15,42	-25,85	-15,1
30/09/2026 13:54:33	V0.04	11	HORARIO	20000	2	32,515	0,839	27,623	0,0342	0,005	0,9124	0,913	2,122	2,885	3,198	-26,35	-19,03	-26,59	-18,3
30/09/2026 13:54:34	V0.04	11	HORARIO	20000	3	32,485	0,95	31,805	0,0975	0,0389	0,974	0,9796	0,947	1,908	2,534	-26,58	-19,54	-26,8	-19,54
30/09/2026 13:54:37	V0.04	11	HORARIO	20000	4	32,534	0,752	25,58	0,0072	0,0128	0,9048	0,9049	1,359	0,672	2,214	-26,62	-18,88	-26,33	-18,2
30/09/2026 13:54:38	V0.04	11	HORARIO	20000	5	32,511	0,845	27,039	0,047	0,0127	0,8773	0,8787	1,527	5,427	0,901	-26,37	-19,38	-26,47	-18,06
30/09/2026 13:54:40	V0.04	11	HORARIO	20000	6	32,488	0,93	30,249	0,0282	0,0074	0,8866	0,8871	1,55	3,74	0,863	-26,39	-18,51	-26,31	-18,91
30/09/2026 13:54:41	V0.04	11	HORARIO	20000	7	32,506	0,866	28,887	0,0577	0,0117	0,9399	0,9418	1,053	3,13	2,061	-25,86	-17,83	-25,64	-17,22
30/09/2026 13:54:43	V0.04	11	HORARIO	20000	8	32,539	0,799	26,553	0,0409	0,0441	0,9847	0,9866	1,336	4,45	1,344	-26,54	-18,58	-26,41	-18,41
30/09/2026 13:54:45	V0.04	11	HORARIO	20000	9	32,516	0,861	28,984	0,0945	0,0004	0,9321	0,9369	2,756	5,718	0,153	-26,23	-17,1	-26,21	-18,34
30/09/2026 13:54:47	V0.04	11	HORARIO	20000	10	32,555	0,748	24,607	0,0797	0,0061	0,9021	0,9056	1,435	0,435	1,992	-25,88	-17,89	-25,63	-17,73
30/09/2026 13:54:48	V0.04	11	HORARIO	20000	11	32,498	0,92	30,346	0,022	0,0142	0,9271	0,9275	1,359	4,588	0,763	-26,17	-17,93	-26,25	-18,13
30/09/2026 13:54:51	V0.04	11	HORARIO	20000	12	32,493	0,945	30,735	0,0278	0,0183	0,9329	0,9335	1,366	5,145	1,214	-26,59	-18,84	-26,22	-18,16
30/09/2026 13:54:52	V0.04	11	HORARIO	20000	13	32,549	0,74	25,094	0,0049	0,014	0,9166	0,9167	2,733	4,969	1,427	-26,12	-17,96	-25,98	-17,79
30/09/2026 13:54:55	V0.04	11	HORARIO	20000	14	32,529	0,829	27,428	0,1013	0,0322	0,9586	0,9645	2,252	4,191	0,405	-26,61	-18,88	-26,35	-18,09
30/09/2026 13:54:56	V0.04	11	HORARIO	20000	15	32,512	0,88	28,887	0,0035	0,0168	0,9154	0,9156	1,618	2,969	1,443	-26,38	-18,34	-26,3	-17,79
30/09/2026 13:54:57	V0.04	11	HORARIO	20000	16	32,541	0,779	25,094	0,1052	0,0182	0,8931	0,8994	2,336	4,878	1,389	-26,18	-17,69	-25,89	-17,53
30/09/2026 13:55:00	V0.04	11	HORARIO	20000	17	32,539	0,813	26,65	0,0248	0,0209	0,9059	0,9065	1,847	0,725	0,504	-26,69	-19,03	-26,44	-17,6
30/09/2026 13:55:01	V0.04	11	HORARIO	20000	18	32,522	0,858	28,79	0,0139	0,0021	0,9175	0,9176	1,244	5,519	1,588	-26,37	-18,44	-26,49	-18,37
30/09/2026 13:55:03	V0.04	11	HORARIO	20000	19	32,548	0,767	25,677	0,0493	0,0486	0,9574	0,9599	2,168	4,008	1,466	-26,14	-19,07	-25,92	-17,31
30/09/2026 13:55:05	V0.04	11	HORARIO	20000	20	32,54	0,816	26,747	0,1082	0,0355	0,9421	0,949	2,153	1,092	0,45	-26,53	-19,22	-26,32	-17,99
30/09/2026 13:55:11	V0.04	11	ANTIHORARIO	20000	1	32,559	0,716	22,857	0,0848	0,0236	0,9246	0,9288	3,417	5,987	8,112	-26,44	-16,26	-26,45	-16,77
30/09/2026 13:55:13	V0.04	11	ANTIHORARIO	20000	2	32,521	0,825	27,817	0,0592	0,0171	0,9224	0,9244	2,26	1,458	3,145	-26,62	-19,3	-26,82	-18,77
30/09/2026 13:55:15	V0.04	11	ANTIHORARIO	20000	3	32,54	0,751	25,191	0,0475	0	0,9114	0,9126	2,305	1,794	1,008	-26,68	-18,51	-26,65	-18,91
30/09/2026 13:55:18	V0.04	11	ANTIHORARIO	20000	4	32,546	0,747	24,121	0,1	0,0046	0,9141	0,9195	1,817	0,26	0,595	-26,48	-18,95	-26,69	-19,07
30/09/2026 13:55:19	V0.04	11	ANTIHORARIO	20000	5	32,511	0,855	28,498	0,0667	0,0126	0,9482	0,9507	1,229	3,191	3,137	-26,74	-19,82	-26,46	-18,09
30/09/2026 13:55:20	V0.04	11	ANTIHORARIO	20000	6	32,559	0,712	22,759	0,0123	0,0051	0,9181	0,9182	1,305	2,069	0,053	-26,64	-18,62	-26,12	-18,13
30/09/2026 13:55:23	V0.04	11	ANTIHORARIO	20000	7	32,545	0,709	24,024	0,071	0,0088	0,8998	0,9026	1,947	2,023	0,893	-26,51	-18,8	-26,18	-18,41
30/09/2026 13:55:25	V0.04	11	ANTIHORARIO	20000	8	32,542	0,729	24,802	0,1105	0,0214	0,9564	0,963	2,412	2,679	0,29	-26,73	-19,5	-26,68	-19,3
30/09/2026 13:55:26	V0.04	11	ANTIHORARIO	20000	9	32,55	0,721	22,954	0,0781	0,0153	0,9207	0,9241	1,573	2,55	0,122	-26,43	-19,3	-26,33	-18,73
30/09/2026 13:55:28	V0.04	11	ANTIHORARIO	20000	10	32,539	0,754	25,288	0,0044	0,0135	0,894	0,8942	1,679	0,832	0,702	-26,76	-19,46	-26,77	-19,62
30/09/2026 13:55:30	V0.04	11	ANTIHORARIO	20000	11	32,514	0,847	27,817	0,026	0,0126	0,9098	0,9102	1,763	1,221	2,214	-26,7	-18,06	-26,6	-19,58
30/09/2026 13:55:32	V0.04	11	ANTIHORARIO	20000	12	32,551	0,737	24,705	0,0549	0,0281	0,9222	0,9243	2,534	3,863	0,061	-26,63	-18,95	-26,5	-18,66
30/09/2026 13:55:34	V0.04	11	ANTIHORARIO	20000	13	32,544	0,733	24,024	0,0844	0,002	0,9218	0,9256	2,878	4,359	0,481	-26,55	-18,2	-26,6	-18,91
30/09/2026 13:55:35	V0.04	11	ANTIHORARIO	20000	14	32,531	0,811	26,844	0,0811	0,0123	0,9231	0,9267	1,16	2,939	2,962	-26,57	-18,16	-26,42	-18,09
30/09/2026 13:55:37	V0.04	11	ANTIHORARIO	20000	15	32,558	0,702	23,246	0,0651	0,0283	0,9083	0,9111	1,015	4,069	0,298	-26,02	-17,37	-26,03	-16,89
30/09/2026 13:55:39	V0.04	11	ANTIHORARIO	20000	16	32,526	0,827	27,623	0,0238	0,0194	0,9325	0,933	1,809	0,832	1,473	-26,71	-19,42	-26,82	-19,38
30/09/2026 13:55:41	V0.04	11	ANTIHORARIO	20000	17	32,525	0,821	27,039	0,0687	0,0139	0,9434	0,946	2,305	4,176	1,969	-26,67	-18,99	-26,96	-19,74
30/09/2026 13:55:43	V0.04	11	ANTIHORARIO	20000	18	32,559	0,723	23,732	0,0852	0,0004	0,9257	0,9296	2,122	2,626	0,115	-26,3	-17,96	-26,27	-17,99
30/09/2026 13:55:45	V0.04	11	ANTIHORARIO	20000	19	32,569	0,642	21,495	0,0582	0,0004	0,9144	0,9163	0,015	1,969	1,969	-26,24	-17,37	-26,54	-18,03
30/09/2026 13:55:47	V0.04	11	ANTIHORARIO	20000	20	32,557	0,691	22,954	0,0381	0,0403	0,9265	0,9282	2,229	2,695	0,443	-26,39	-16,54	-26,45	-19,14
30/09/2026 14:12:37	V0.04	12	HORARIO	15000	1	32,463	0,829	27,136	0,0837	0,0561	0,9233	0,9288	3,802	4,742	5,836	-25,17	-10,2	-24,96	-9,87
30/09/2026 14:12:38	V0.04	12	HORARIO	15000	2	32,463	0,848	28,206	0,0194	0,0574	0,8124	0,8146	1,969	1,969	1,969	-25,88	-18,06	-25,9	-14,79
30/09/2026 14:12:40	V0.04	12	HORARIO	15000	3	32,465	0,828	28,012	0,0262	0,0099	0,973	0,9734	0,954	1,824	2,565	-26,05	-18,84	-25,63	-16,29
30/09/2026 14:12:42	V0.04	12	HORARIO	15000	4	32,466	0,88	28,109	0,1021	0,0072	0,9093	0,915	1,618	3,198	1,481	-23,86	-11,43	-23,67	-11,51
30/09/2026 14:12:44	V0.04	12	HORARIO	15000	5	32,477	0,853	27,039	0,0784	0,0703	0,8645	0,8709	1,947	2,031	0,87	-20,81	-12,14	-19,88	-11,09
30/09/2026 14:12:46	V0.04	12	HORARIO	15000	6	32,479	0,829	26,942	0,012	0,0055	0,9738	0,9738	2,061	1,832	1	-25,41	-16,98	-25,3	-16,01
30/09/2026 14:12:48	V0.04	12	HORARIO	15000	7	32,505	0,75	25,677	0,0321	0,0062	0,9736	0,9742	1,229	1,756	1,382	-25,76	-17,93	-25,9	-15,67
30/09/2026 14:12:51	V0.04	12	HORARIO	15000	8	32,474	0,853	27,136	0,067	0,0787	0,8873	0,8933	3,092	5,137	0,893	-23,65	-14,58	-23,45	-13,41
30/09/2026 14:12:52	V0.04	12	HORARIO	15000	9	32,478	0,866	29,179	0,0625	0,0251	0,9451	0,9475	1,802	2,565	1,71	-24,29	-14,74	-24,26	-14,67
30/09/2026 14:12:54	V0.04	12	HORARIO	15000	10	32,49	0,783	25,288	0,0514	0,0135	0,9407	0,9422	1,977	1,947	1,458	-25,82	-17,66	-25,33	-15,88
30/09/2026 14:12:56	V0.04	12	HORARIO	15000	11	32,482	0,854	27,525	0,0443	0,0854	0,86	0,8654	1,573	2,656	1,634	-25,44	-17,41	-25,42	-16,6
30/09/2026 14:12:58	V0.04	12	HORARIO	15000	12	32,482	0,828	28,109	0,1599	0,0806	0,8303	0,8494	2,702	1,359	0,84	-23,24	-13,38	-23,39	-12,97
30/09/2026 14:12:59	V0.04	12	HORARIO	15000	13	32,49	0,839	28,109	0,1345	0,0393	0,8835	0,8946	1,092	4,168	1,328	-25,95	-16,92	-25,45	-16,43
30/09/2026 14:13:01	V0.04	12	HORARIO	15000	14	32,501	0,812	26,942	0,0165	0	0,9539	0,954	2,13	3,58	0,58	-25,72	-18,77	-25,36	-15,96
30/09/2026 14:13:04	V0.04	12	HORARIO	15000	15	32,485	0,854	27,914	0,1531	0,0953	0,8379	0,8571	2,038	1,023	1,313	-24,4	-15,65	-23,78	-13,66
30/09/2026 14:13:05	V0.04	12	HORARIO	15000	16	32,497	0,787	26,164	0,1306	0,0967	0,8572	0,8724	2,046	0,885	1,336	-24,46	-15,67	-24,06	-14,56
30/09/2026 14:13:07	V0.04	12	HORARIO	15000	17	32,508	0,775	25,969	0,0806	0,0376	0,9819	0,986	2,115	1,275	1,298	-24,68	-15,37	-24,15	-14,03
30/09/2026 14:13:09	V0.04	12	HORARIO	15000	18	32,495	0,804	26,358	0,0114	0,0143	0,9603	0,9605	1,649	0,046	1,122	-25,34	-16,77	-24,7	-15,2
30/09/2026 14:13:10	V0.04	12	HORARIO	15000	19	32,512	0,78	26,65	0,0643	0,048	0,9689	0,9722	1,244	2,626	0,855	-25,46	-15,39	-25,01	-17,16
30/09/2026 14:13:12	V0.04	12	HORARIO	15000	20	32,504	0,792	26,553	0,0691	0,0509	0,9738	0,9775	2,519	4,321	0,252	-22,75	-13,56	-23,64	-14,65
30/09/2026 14:13:19	V0.04	12	ANTIHORARIO	15000	1	32,499	0,783	25,775	0,0881	0,0505	0,9251	0,9307	3,291	4,287	6,376	-24,71	-10,72	-24,95	-12,39
30/09/2026 14:13:21	V0.04	12	ANTIHORARIO	15000	2	32,517	0,716	24,413	0,0181	0,0474	0,8781	0,8795	2,458	1,153	2,504	-25,9	-17,25	-26,04	-17,86
30/09/2026 14:13:23	V0.04	12	ANTIHORARIO	15000	3	32,519	0,707	23,927	0,1195	0,0421	0,9159	0,9246	1,908	0,366	0,359	-25,54	-16,92	-25,88	-16,98
30/09/2026 14:13:25	V0.04	12	ANTIHORARIO	15000	4	32,503	0,753	25,288	0,0851	0,0187	0,9467	0,9507	1,756	0,511	1,321	-25,2	-15,52	-25,53	-15,67
30/09/2026 14:13:27	V0.04	12	ANTIHORARIO	15000	5	32,506	0,778	25,58	0,0787	0,0386	0,8973	0,9016	1,351	1,244	1,229	-25,71	-15,99	-26,27	-18,27
30/09/2026 14:13:29	V0.04	12	ANTIHORARIO	15000	6	32,512	0,744	24,705	0,0911	0,0668	0,8602	0,8676	2,237	1,359	0,573	-22,76	-13,22	-22,82	-12,39
30/09/2026 14:13:31	V0.04	12	ANTIHORARIO	15000	7	32,512	0,735	24,024	0,0565	0,0437	0,9814	0,984	2,244	0,901	1,595	-25,46	-15,27	-25,75	-14,54
30/09/2026 14:13:33	V0.04	12	ANTIHORARIO	15000	8	32,522	0,733	24,996	0,0276	0,0349	0,8936	0,8947	1,824	1,55	0,947	-25,85	-17,83	-26,24	-17,5
30/09/2026 14:13:34	V0.04	12	ANTIHORARIO	15000	9	32,522	0,74	24,705	0,0638	0,078	0,8563	0,8622	2,29	0,092	0,992	-25,96	-17,89	-26,11	-17,79
30/09/2026 14:13:36	V0.04	12	ANTIHORARIO	15000	10	32,514	0,759	24,121	0,0352	0,064	0,9731	0,9759	1,473	0,695	1,26	-26,2	-18,13	-26,28	-18,06
30/09/2026 14:13:38	V0.04	12	ANTIHORARIO	15000	11	32,511	0,74	25,288	0,061	0,0575	0,98	0,9836	1,901	1,824	1,015	-26,25	-17,93	-26,22	-18,23
30/09/2026 14:13:40	V0.04	12	ANTIHORARIO	15000	12	32,517	0,749	24,51	0,1072	0,0607	0,8878	0,8963	1,725	0,542	0,962	-24,33	-14,49	-24,29	-15,52
30/09/2026 14:13:42	V0.04	12	ANTIHORARIO	15000	13	32,514	0,732	24,316	0,0043	0,002	0,9462	0,9462	2,275	0,702	0,885	-26	-17,76	-26,31	-17,66
30/09/2026 14:13:44	V0.04	12	ANTIHORARIO	15000	14	32,518	0,741	25,191	0,1267	0,0299	0,9122	0,9215	1,313	1,252	1,237	-26,28	-16,77	-26,25	-18,55
30/09/2026 14:13:47	V0.04	12	ANTIHORARIO	15000	15	32,523	0,728	23,635	0,0171	0,0507	0,8713	0,873	1,939	0,87	0,924	-25,56	-16,92	-25,71	-16,6
30/09/2026 14:13:48	V0.04	12	ANTIHORARIO	15000	16	32,534	0,68	23,051	0,0442	0,0728	0,8551	0,8593	2,382	1,26	0,687	-25,58	-16,98	-25,47	-15,2
30/09/2026 14:13:49	V0.04	12	ANTIHORARIO	15000	17	32,529	0,751	24,51	0,0983	0,0146	0,9572	0,9623	1,336	0,626	1,267	-26,07	-16,51	-26,23	-17,73
30/09/2026 14:13:51	V0.04	12	ANTIHORARIO	15000	18	32,522	0,733	24,024	0,1038	0,0906	0,8591	0,8701	1,74	1,351	0,969	-26,42	-18,91	-26,46	-17,99
30/09/2026 14:13:53	V0.04	12	ANTIHORARIO	15000	19	32,528	0,748	24,802	0,1191	0,0138	0,9257	0,9334	1,611	0,092	1,107	-23,87	-11,76	-22,89	-13,88
30/09/2026 14:13:54	V0.04	12	ANTIHORARIO	15000	20	32,532	0,729	23,927	0,1	0,0135	0,952	0,9574	1,45	0,298	1,198	-25,75	-17,6	-26,28	-18,77
30/09/2026 14:14:02	V0.04	12	HORARIO	20000	1	32,511	0,845	28,206	0,1006	0,0585	0,9368	0,944	4,11	9,022	5,24	-24,61	-10,82	-24,56	-10,56
30/09/2026 14:14:03	V0.04	12	HORARIO	20000	2	32,502	0,873	27,623	0,1201	0,084	0,8585	0,8709	2,42	2,702	1,366	-25,41	-16,54	-24,95	-15,47
30/09/2026 14:14:05	V0.04	12	HORARIO	20000	3	32,54	0,705	24,121	0,0375	0,0341	0,9019	0,9033	2,092	1,45	0,55	-25,52	-17,63	-25,34	-16,48
30/09/2026 14:14:07	V0.04	12	HORARIO	20000	4	32,52	0,811	26,747	0,0367	0,0841	0,8417	0,8467	1,672	3,443	1,344	-25,56	-16,18	-25,17	-15,59
30/09/2026 14:14:08	V0.04	12	HORARIO	20000	5	32,541	0,754	24,607	0,0137	0,017	0,9579	0,9581	2,458	5,206	0,893	-25,65	-15,96	-25,54	-17,04
30/09/2026 14:14:10	V0.04	12	HORARIO	20000	6	32,526	0,783	24,705	0,0276	0,0621	0,9885	0,9909	1,466	3,641	0,985	-23,52	-14,58	-23,77	-15,91
30/09/2026 14:14:12	V0.04	12	HORARIO	20000	7	32,539	0,736	25,191	0,0631	0,0099	0,9274	0,9296	2,412	2,58	1,214	-25,64	-17,66	-25,72	-16,54
30/09/2026 14:14:14	V0.04	12	HORARIO	20000	8	32,523	0,814	27,525	0,1315	0,0477	0,9077	0,9184	3,053	5,641	0,695	-25,29	-16,26	-24,89	-15,07
30/09/2026 14:14:17	V0.04	12	HORARIO	20000	9	32,539	0,764	25,483	0,0195	0,0626	0,8792	0,8816	1,053	2,977	1,748	-24,51	-14,65	-24,54	-13,2
30/09/2026 14:14:18	V0.04	12	HORARIO	20000	10	32,536	0,749	25,677	0,0565	0,0806	0,8358	0,8416	1,214	3,924	1,939	-24,43	-12,91	-24,28	-16,01
30/09/2026 14:14:21	V0.04	12	HORARIO	20000	11	32,542	0,794	25,775	0,0043	0,0555	0,9855	0,987	0,855	2,351	0,87	-23,59	-13,76	-23,4	-13,99
30/09/2026 14:14:22	V0.04	12	HORARIO	20000	12	32,512	0,835	27,039	0,0332	0,0781	0,8488	0,853	1,496	3,26	1,618	-25,41	-16,09	-25,67	-17,63
30/09/2026 14:14:23	V0.04	12	HORARIO	20000	13	32,546	0,729	24,51	0,1042	0,0166	0,9226	0,9286	1,756	2,031	1,252	-25,29	-16,01	-25	-16,34
30/09/2026 14:14:25	V0.04	12	HORARIO	20000	14	32,542	0,76	25,385	0,1512	0,0645	0,8693	0,8847	2,305	0,763	0,832	-25,24	-16,51	-25,13	-16,92
30/09/2026 14:14:27	V0.04	12	HORARIO	20000	15	32,553	0,746	24,218	0,0922	0,0212	0,8976	0,9026	3,023	2,702	1,313	-25,11	-16,74	-25,03	-15,67
30/09/2026 14:14:30	V0.04	12	HORARIO	20000	16	32,527	0,808	27,136	0,0721	0,0454	0,9791	0,9828	2,496	2,901	0,519	-24,26	-15,32	-24,07	-12,8
30/09/2026 14:14:31	V0.04	12	HORARIO	20000	17	32,516	0,837	26,261	0,0577	0,0846	1,0372	1,0423	0,817	4,931	1,527	-25,49	-17,1	-24,91	-16,04
30/09/2026 14:14:32	V0.04	12	HORARIO	20000	18	32,521	0,824	27,817	0,024	0,062	0,8639	0,8664	1,71	1,282	1,389	-25,13	-16,15	-24,79	-13,93
30/09/2026 14:14:34	V0.04	12	HORARIO	20000	19	32,544	0,742	24,51	0,1055	0,041	0,8783	0,8856	1,588	3,756	1,466	-25,47	-16,77	-25,03	-16,31
30/09/2026 14:14:36	V0.04	12	HORARIO	20000	20	32,523	0,788	26,164	0,0549	0,0431	0,9602	0,9627	1,382	4,809	1,275	-23,6	-12,02	-23,8	-13,6
30/09/2026 14:14:43	V0.04	12	ANTIHORARIO	20000	1	32,529	0,713	23,246	0,0926	0,0553	0,9298	0,9361	3,389	6,795	5,887	-24,29	-11,56	-24,4	-11,74
30/09/2026 14:14:45	V0.04	12	ANTIHORARIO	20000	2	32,531	0,754	24,802	0,0217	0,0514	0,9723	0,9739	2,481	0,405	1,992	-26,08	-18,37	-26,12	-18,41
30/09/2026 14:14:47	V0.04	12	ANTIHORARIO	20000	3	32,526	0,734	24,802	0,0256	0,0828	0,9846	0,9884	1,359	1,939	0,779	-25,62	-15,72	-25,27	-15,59
30/09/2026 14:14:49	V0.04	12	ANTIHORARIO	20000	4	32,539	0,725	23,538	0,014	0,0609	0,8534	0,8557	2,122	0,718	1,412	-26,09	-18,37	-26,04	-18,27
30/09/2026 14:14:51	V0.04	12	ANTIHORARIO	20000	5	32,536	0,679	22,079	0,0032	0,0509	0,7499	0,7516	1,969	1,969	1,969	-26,13	-18,34	-26,2	-17,6
30/09/2026 14:14:52	V0.04	12	ANTIHORARIO	20000	6	32,535	0,733	23,246	0,0786	0,0814	0,8539	0,8613	1,794	0,061	1,076	-26,41	-18,99	-26,04	-17,93
30/09/2026 14:14:54	V0.04	12	ANTIHORARIO	20000	7	32,549	0,676	23,051	0,1223	0,0026	0,9589	0,9666	1,901	0,771	0,901	-26,48	-18,13	-26,56	-17,89
30/09/2026 14:14:57	V0.04	12	ANTIHORARIO	20000	8	32,549	0,699	23,343	0,0176	0,0597	0,8656	0,8678	2,13	0,137	0,954	-22,49	-13,99	-22,58	-11,76
30/09/2026 14:14:58	V0.04	12	ANTIHORARIO	20000	9	32,544	0,669	22,662	0,0958	0,0289	0,912	0,9175	1,962	1,45	0,786	-23,07	-14,12	-22,92	-13,28
30/09/2026 14:15:00	V0.04	12	ANTIHORARIO	20000	10	32,555	0,699	22,662	0,0432	0,0629	0,8959	0,8991	2,107	0,374	0,977	-25,97	-16,68	-26,2	-18,88
30/09/2026 14:15:02	V0.04	12	ANTIHORARIO	20000	11	32,55	0,7	22,857	0,1052	0,0573	0,8712	0,8794	2,229	1,221	0,733	-26,1	-18,69	-26,01	-17,47
30/09/2026 14:15:04	V0.04	12	ANTIHORARIO	20000	12	32,549	0,688	23,538	0,0352	0,0236	0,9733	0,9742	1,664	0,916	1,198	-22,56	-12,31	-22,68	-13,56
30/09/2026 14:15:06	V0.04	12	ANTIHORARIO	20000	13	32,541	0,729	23,829	0,0071	0,0692	0,9883	0,9907	1,878	1,221	1,267	-23,23	-12,97	-22,99	-12,82
30/09/2026 14:15:08	V0.04	12	ANTIHORARIO	20000	14	32,552	0,694	22,565	0	0	0	0	0	0	0	-23,42	-14,21	-23,13	-12,33
30/09/2026 14:15:09	V0.04	12	ANTIHORARIO	20000	15	32,532	0,732	24,316	0,0803	0,0421	0,9739	0,9781	1,504	0,198	1,099	-24,66	-14,52	-24,43	-16,2
30/09/2026 14:15:11	V0.04	12	ANTIHORARIO	20000	16	32,546	0,707	22,857	0,0175	0,0007	0,9363	0,9364	2,221	0,351	1,13	-26,08	-18,34	-26,14	-17,89
30/09/2026 14:15:13	V0.04	12	ANTIHORARIO	20000	17	32,546	0,7	23,246	0,0303	0,0776	0,9974	1,0009	1,74	0,321	1,313	-26,26	-17,66	-26,52	-18,2
30/09/2026 14:15:15	V0.04	12	ANTIHORARIO	20000	18	32,545	0,678	22,37	0,1238	0,0275	0,9127	0,9215	1,786	0,962	0,832	-26,31	-18,48	-26,23	-17,1
30/09/2026 14:15:17	V0.04	12	ANTIHORARIO	20000	19	32,556	0,657	22,468	0,0201	0,0444	0,9103	0,9116	2,069	0,328	1,115	-24,45	-13,66	-24,19	-13,38
30/09/2026 14:15:19	V0.04	12	ANTIHORARIO	20000	20	32,546	0,7	23,148	0,0033	0,0326	0,9758	0,9764	2,13	0,504	1,145	-25,65	-16,18	-25,67	-15,39
30/09/2026 14:17:57	V0.04	13	HORARIO	15000	1	32,428	1,056	33,945	0,169	0,108	0,9299	0,9513	5,681	12,573	7,842	-19,26	-5,32	-18,97	-5,69
30/09/2026 14:17:59	V0.04	13	HORARIO	15000	2	32,404	1,186	38,905	0,1747	0,0941	0,7841	0,8088	0,573	8	3,405	-18,78	-6,39	-17,33	-8,36
30/09/2026 14:18:01	V0.04	13	HORARIO	15000	3	32,44	1,061	34,917	0,0739	0,0258	1,0668	1,0696	2,099	11,145	4,718	-19,85	-9,4	-17,47	-8,61
30/09/2026 14:18:03	V0.04	13	HORARIO	15000	4	32,435	1,027	33,458	0,0973	0,0223	1,0081	1,013	0,519	2,847	2,031	-20,08	-8,8	-17,56	-8,77
30/09/2026 14:18:05	V0.04	13	HORARIO	15000	5	32,419	1,186	38,516	0,2893	0,146	0,9675	1,0204	1,656	2,359	1,55	-19,75	-8,2	-17,3	-8,64
30/09/2026 14:18:06	V0.04	13	HORARIO	15000	6	32,451	1,04	33,847	0,097	0,0681	1,0433	1,0501	1,931	6,473	5,664	-19,74	-8,17	-19,27	-8,98
30/09/2026 14:18:08	V0.04	13	HORARIO	15000	7	32,463	0,988	32,097	0	0	0	0	0	0	0	-21,06	-8,99	-18,96	-8,57
30/09/2026 14:18:10	V0.04	13	HORARIO	15000	8	32,43	1,153	37,738	0,1749	0,1899	1,0746	1,1052	1,267	6,328	2,71	-20,07	-8,34	-19,57	-9,78
30/09/2026 14:18:12	V0.04	13	HORARIO	15000	9	32,448	1,038	33,166	0,0886	0,1382	0,8409	0,8568	0,481	7,275	3,168	-20,28	-9,64	-18,93	-8,11
30/09/2026 14:18:14	V0.04	13	HORARIO	15000	10	32,459	0,998	32,583	0,1589	0,031	0,9363	0,9502	2,733	6,031	2,244	-17,98	-8,96	-18,12	-8,03
30/09/2026 14:18:16	V0.04	13	HORARIO	15000	11	32,438	1,122	36,96	0,0785	0,1366	0,6201	0,6398	3,168	10,435	1,824	-19,54	-8,7	-19,47	-8,83
30/09/2026 14:18:18	V0.04	13	HORARIO	15000	12	32,474	0,995	32,68	0,0176	0,2817	1,301	1,3313	0,16	8,16	5,328	-20,73	-11,12	-19,61	-9,07
30/09/2026 14:18:19	V0.04	13	HORARIO	15000	13	32,467	1,001	32,972	0,0881	0,1272	0,9849	0,9969	2,244	4,87	0,282	-19,64	-7,79	-19,14	-8,84
30/09/2026 14:18:21	V0.04	13	HORARIO	15000	14	32,437	1,121	36,96	0,0879	0,0986	0,7745	0,7857	0,458	6,565	1,618	-23,29	-11,9	-22	-10,38
30/09/2026 14:18:23	V0.04	13	HORARIO	15000	15	32,468	1,025	33,847	0,1022	0,1815	0,5476	0,5859	3,672	0,344	4,305	-19,5	-8,99	-19,06	-8,23
30/09/2026 14:18:25	V0.04	13	HORARIO	15000	16	32,451	1,091	35,89	0,0422	0,0624	0,7175	0,7215	3,26	0,458	1,313	-18,47	-8,29	-18,83	-9,97
30/09/2026 14:18:26	V0.04	13	HORARIO	15000	17	32,46	1,05	34,723	0,1472	0,259	0,5471	0,623	0,015	9,924	2,733	-22,2	-11,97	-22,01	-10,97
30/09/2026 14:18:28	V0.04	13	HORARIO	15000	18	32,494	0,928	30,929	0,0089	0,0464	0,9453	0,9465	5,336	7,183	0,74	-20,19	-7,71	-19,93	-10,91
30/09/2026 14:18:30	V0.04	13	HORARIO	15000	19	32,451	1,132	36,473	0	0	0	0	0	0	0	-17,94	-8,61	-19,16	-8,61
30/09/2026 14:18:32	V0.04	13	HORARIO	15000	20	32,477	1,006	32,583	0,0024	0,2933	1,3529	1,3843	0,344	6,573	4,878	-20,16	-9,43	-19,49	-9,17
30/09/2026 14:18:39	V0.04	13	ANTIHORARIO	15000	1	32,461	1,023	34,042	0,3238	0,116	0,937	0,9981	6,842	13,943	3,48	-18,96	-5,42	-18,67	-5,37
30/09/2026 14:18:40	V0.04	13	ANTIHORARIO	15000	2	32,443	1,088	35,404	0,052	0,1038	1,0375	1,0439	1,679	2,046	2,634	-20,11	-8,73	-18,65	-8,25
30/09/2026 14:18:42	V0.04	13	ANTIHORARIO	15000	3	32,476	1,023	33,847	0,2671	0,0817	1,0593	1,0955	2,809	10,679	0,252	-21,14	-9,31	-18,55	-7,66
30/09/2026 14:18:44	V0.04	13	ANTIHORARIO	15000	4	32,46	1,085	35,306	0,2164	0,0922	0,8538	0,8856	4,282	10,901	0,511	-20,97	-9,6	-19	-9,61
30/09/2026 14:18:46	V0.04	13	ANTIHORARIO	15000	5	32,5	0,887	30,151	0,4342	0,2114	0,7955	0,9306	1,855	0,527	1,427	-19,77	-7,34	-19,29	-8,75
30/09/2026 14:18:47	V0.04	13	ANTIHORARIO	15000	6	32,466	1,061	35,112	0,2412	0,121	0,8622	0,9034	0,176	11,443	5,069	-21,87	-12,51	-21,05	-11,94
30/09/2026 14:18:50	V0.04	13	ANTIHORARIO	15000	7	32,472	1,039	34,334	0,6462	0,213	0,8428	1,0832	0,504	10,176	3,924	-19,25	-8,49	-19,04	-8,56
30/09/2026 14:18:51	V0.04	13	ANTIHORARIO	15000	8	32,484	0,997	32,486	0,0935	0,1031	0,7682	0,7807	4,863	7,282	1,069	-17,87	-6,73	-17,63	-5,63
30/09/2026 14:18:53	V0.04	13	ANTIHORARIO	15000	9	32,464	1,05	34,917	0,1903	0,0496	0,8552	0,8775	5,55	9,916	2,382	-17,12	-8,12	-19,09	-9,16
30/09/2026 14:18:55	V0.04	13	ANTIHORARIO	15000	10	32,471	1,054	34,82	0,5403	0,1946	0,7906	0,9772	6,74	12,626	1	-20,09	-8,15	-19,38	-7,26
30/09/2026 14:18:57	V0.04	13	ANTIHORARIO	15000	11	32,505	0,937	30,638	0,201	0,0387	0,9467	0,9685	5,443	12,496	1,74	-20,69	-10,56	-20,07	-9,38
30/09/2026 14:18:59	V0.04	13	ANTIHORARIO	15000	12	32,475	1,039	34,334	0,0992	0,0592	0,9135	0,9207	3,176	4	1,947	-16,6	-6,17	-16,48	-7,38
30/09/2026 14:19:01	V0.04	13	ANTIHORARIO	15000	13	32,46	1,076	35,89	0,3053	0,1095	0,8979	0,9547	1,344	16,229	5,038	-18,89	-7,3	-19,79	-10,85
30/09/2026 14:19:02	V0.04	13	ANTIHORARIO	15000	14	32,482	1,029	34,236	0,4705	0,1632	0,8361	0,9731	3,099	2,397	2,008	-20,98	-12,71	-20,69	-11,92
30/09/2026 14:19:04	V0.04	13	ANTIHORARIO	15000	15	32,46	1,104	35,89	0,2092	0,0204	0,9785	1,0008	2,183	6,344	0,374	-15,33	-5,93	-15,56	-6,23
30/09/2026 14:19:06	V0.04	13	ANTIHORARIO	15000	16	32,491	0,975	31,999	0,0232	0,02	0,9025	0,903	5,511	8,687	2,664	-18,77	-8,11	-20,7	-10,65
30/09/2026 14:19:08	V0.04	13	ANTIHORARIO	15000	17	32,497	0,991	32,777	0,0096	0,0242	0,9021	0,9025	2,458	0,802	1,115	-19,34	-9,63	-21,71	-11,56
30/09/2026 14:19:10	V0.04	13	ANTIHORARIO	15000	18	32,474	1,052	34,82	0,1459	0,059	1,0487	1,0604	3,527	8,496	1,183	-19,1	-9,05	-19,45	-8,49
30/09/2026 14:19:12	V0.04	13	ANTIHORARIO	15000	19	32,498	0,987	32,875	0,3616	0,052	0,9705	1,0369	4,847	12,702	1,374	-19,5	-7,66	-18,79	-10,2
30/09/2026 14:19:13	V0.04	13	ANTIHORARIO	15000	20	32,494	0,98	32,486	0	0	0	0	0	0	0	-16,1	-6,08	-16,05	-7,33
30/09/2026 14:19:20	V0.04	13	HORARIO	20000	1	32,493	1,04	34,625	0,1651	0,1402	0,9638	0,9878	4,969	11,592	6,728	-20,03	-4,79	-18,98	-5,81
30/09/2026 14:19:22	V0.04	13	HORARIO	20000	2	32,5	1,004	32,194	0,1508	0,1561	0,584	0,623	0,137	5,336	1,718	-19,89	-8,52	-18,22	-8,13
30/09/2026 14:19:23	V0.04	13	HORARIO	20000	3	32,487	1,071	35,695	0	0,1458	1,2379	1,2465	3,55	10,252	0,26	-20,92	-8,7	-18,79	-8,53
30/09/2026 14:19:25	V0.04	13	HORARIO	20000	4	32,49	1,045	34,334	0,2646	0,0811	0,6208	0,6798	6,542	16,397	1,962	-20,85	-8,79	-18,63	-6,91
30/09/2026 14:19:28	V0.04	13	HORARIO	20000	5	32,467	1,158	37,641	0,1312	0,1501	1,1515	1,1686	4,267	7,832	0,832	-20,21	-6,14	-18,74	-6,37
30/09/2026 14:19:29	V0.04	13	HORARIO	20000	6	32,505	0,984	32,388	0,2433	0,0177	1,37	1,3915	4,115	11,786	2,084	-17,46	-5,98	-16,75	-6,47
30/09/2026 14:19:30	V0.04	13	HORARIO	20000	7	32,515	0,934	30,346	0,0775	0,1364	1,2159	1,226	0,511	12,107	1,252	-20,57	-10,1	-20,11	-9,36
30/09/2026 14:19:32	V0.04	13	HORARIO	20000	8	32,48	1,11	36,182	0,2255	0,0524	0,7896	0,8228	0,542	7,061	0,191	-21	-11,28	-17,47	-7,24
30/09/2026 14:19:34	V0.04	13	HORARIO	20000	9	32,494	1,023	33,847	0,1202	0,0487	0,6659	0,6784	5,542	7,962	3,634	-21,16	-11,17	-18,96	-9,65
30/09/2026 14:19:36	V0.04	13	HORARIO	20000	10	32,49	1,063	35,014	0,243	0,0277	1,1213	1,1477	3,679	6,962	0,489	-20,58	-7,55	-19,56	-6,12
30/09/2026 14:19:38	V0.04	13	HORARIO	20000	11	32,487	1,06	35,501	0,058	0,1022	1,1417	1,1478	5,672	14,237	0,504	-17,9	-8,65	-17,62	-8,07
30/09/2026 14:19:39	V0.04	13	HORARIO	20000	12	32,5	1,014	32,972	0,1656	0,0903	0,5693	0,5998	0,565	0,863	2,71	-20,94	-9,68	-19,83	-10,52
30/09/2026 14:19:41	V0.04	13	HORARIO	20000	13	32,478	1,142	36,96	0,2438	0,0131	1,0863	1,1134	2,443	1,336	0,763	-20,58	-8,92	-18,51	-7,06
30/09/2026 14:19:43	V0.04	13	HORARIO	20000	14	32,51	1,015	33,556	0,0864	0,1575	1,1658	1,1795	3,275	1	4,908	-20,68	-8,8	-20,06	-8,03
30/09/2026 14:19:46	V0.04	13	HORARIO	20000	15	32,506	1,023	33,166	0,1565	0,0508	1,0377	1,0507	1,221	10,313	2,321	-20,83	-8,86	-20,45	-7,7
30/09/2026 14:19:47	V0.04	13	HORARIO	20000	16	32,48	1,126	36,862	0,0492	0,149	0,8311	0,8457	4,435	5,115	0,298	-22,63	-10,29	-20,87	-10,39
30/09/2026 14:19:48	V0.04	13	HORARIO	20000	17	32,489	1,064	34,528	0,0834	0,2181	0,5491	0,5967	5,473	12,046	1,183	-20,41	-9,04	-19,28	-7,08
30/09/2026 14:19:50	V0.04	13	HORARIO	20000	18	32,488	1,069	34,528	0,2543	0,0376	0,8925	0,9287	3,046	10,916	2,519	-20,09	-8,35	-18,39	-7,46
30/09/2026 14:19:52	V0.04	13	HORARIO	20000	19	32,471	1,151	37,738	0,033	0,0636	0,7271	0,7306	5,023	8,26	1,015	-22,21	-10,82	-21,44	-11,45
30/09/2026 14:19:54	V0.04	13	HORARIO	20000	20	32,483	1,122	37,154	0,2566	0,0714	0,9432	0,9801	1,534	7,824	1,092	-21,4	-11,05	-19,08	-9,56
30/09/2026 14:20:01	V0.04	13	ANTIHORARIO	20000	1	32,482	1,087	35,89	0,33	0,1189	0,9425	1,0057	8,094	24,343	4,134	-20,01	-5,51	-20,73	-5,56
30/09/2026 14:20:03	V0.04	13	ANTIHORARIO	20000	2	32,504	0,996	33,166	0,1919	0,0062	0,9784	0,9971	2,412	5,916	2,443	-18,71	-9,6	-21,89	-9,66
30/09/2026 14:20:05	V0.04	13	ANTIHORARIO	20000	3	32,482	1,061	35,014	0,6285	0,1901	0,8452	1,0703	5,031	7,786	2,305	-19,16	-9,29	-20,48	-9,2
30/09/2026 14:20:07	V0.04	13	ANTIHORARIO	20000	4	32,493	1,056	34,625	0,0615	0,04	0,915	0,918	0,282	14,153	6,053	-17,93	-8,56	-21,06	-9,46
30/09/2026 14:20:10	V0.04	13	ANTIHORARIO	20000	5	32,475	1,103	35,987	0,4448	0,1539	0,7828	0,9135	6,275	19,794	1,183	-21,01	-11,59	-22,17	-11,08
30/09/2026 14:20:11	V0.04	13	ANTIHORARIO	20000	6	32,487	1,087	35,209	0,2266	0,0142	0,9734	0,9995	4,237	11,435	2,71	-16,59	-7,64	-16,98	-7,62
30/09/2026 14:20:13	V0.04	13	ANTIHORARIO	20000	7	32,489	1,069	34,917	0,524	0,1279	0,9463	1,0892	0,29	1,26	1,954	-19,67	-8,89	-21,34	-9,91
30/09/2026 14:20:15	V0.04	13	ANTIHORARIO	20000	8	32,489	1,084	35,209	0,5625	0,2045	0,7905	0,9915	0,145	10,023	2,145	-30,38	-21,07	-27,52	-17,5
30/09/2026 14:20:18	V0.04	13	ANTIHORARIO	20000	10	32,476	1,108	36,084	0,7074	0,1915	0,8893	1,1524	0,824	5,466	4,664	-18,34	-8,2	-20,67	-9,86
30/09/2026 14:20:18	V0.04	13	ANTIHORARIO	20000	9	32,492	1,092	35,501	0,1842	0,0654	1,0465	1,0646	5,168	6,84	3,618	-19,08	-9,13	-20,28	-9,08
30/09/2026 14:20:20	V0.04	13	ANTIHORARIO	20000	11	32,495	1,046	33,945	0,089	0,0411	0,8174	0,8232	0,244	10,122	1,687	-21,03	-11,54	-20,82	-10,21
30/09/2026 14:20:22	V0.04	13	ANTIHORARIO	20000	12	32,496	1,039	33,847	0	0	0	0	0	0	0	-19,98	-9,78	-18,68	-8,77
30/09/2026 14:20:25	V0.04	13	ANTIHORARIO	20000	13	32,501	1,022	33,361	0	0	0	0	0	0	0	-20,37	-8,93	-20,31	-8,73
30/09/2026 14:20:27	V0.04	13	ANTIHORARIO	20000	14	32,482	1,099	35,695	0,5691	0,2019	0,8215	1,0196	0,237	10,405	2,42	-20,64	-10,66	-21,61	-12,58
30/09/2026 14:20:28	V0.04	13	ANTIHORARIO	20000	15	32,494	1,083	35,89	0,2012	0,0012	0,9662	0,9869	4,641	12,519	2,832	-18,62	-7,6	-19,93	-8,46
30/09/2026 14:20:30	V0.04	13	ANTIHORARIO	20000	16	32,467	1,195	38,808	0,4458	0,1448	0,8574	0,9772	3,55	23,496	5,771	-18,37	-6,44	-20,39	-7,99
30/09/2026 14:20:32	V0.04	13	ANTIHORARIO	20000	17	32,529	0,95	32,68	0,5939	0,1907	0,8282	1,0368	6,069	13,198	1,13	-19,6	-8,49	-19,41	-7,02
30/09/2026 14:20:34	V0.04	13	ANTIHORARIO	20000	18	32,481	1,156	37,641	0,2809	0,0802	1,0596	1,0991	1,168	4,641	3,076	-19,21	-9,36	-20,39	-10,29
30/09/2026 14:20:36	V0.04	13	ANTIHORARIO	20000	19	32,47	1,201	39,975	0,4141	0,1095	1,0275	1,1132	1,649	11,588	3,748	-18,26	-8,47	-19,18	-7,74
30/09/2026 14:20:37	V0.04	13	ANTIHORARIO	20000	20	32,507	1,006	33,264	0,2922	0,068	0,8842	0,9337	4,13	23,26	3,878	-20,13	-9,07	-22,5	-12,19
30/09/2026 14:23:00	V0.04	14	HORARIO	15000	1	32,482	0,857	29,179	0,353	0,2703	1,0583	1,1479	3,787	7,17	6,853	-21	-5,76	-19,83	-5,32
30/09/2026 14:23:02	V0.04	14	HORARIO	15000	2	32,48	0,88	28,401	0,412	0,2787	1,4661	1,5482	1,969	1,969	1,969	-24,83	-16,68	-21,05	-12,6
30/09/2026 14:23:03	V0.04	14	HORARIO	15000	3	32,46	0,92	30,249	0,2456	0,2828	1,396	1,4454	2,687	1,168	0,191	-23,86	-14,72	-21,1	-13,64
30/09/2026 14:23:05	V0.04	14	HORARIO	15000	4	32,494	0,871	28,79	0,0392	0,3658	0,2621	0,4517	1,908	0,435	2,473	-22,53	-14,1	-23,27	-14,05
30/09/2026 14:23:07	V0.04	14	HORARIO	15000	5	32,468	0,906	30,249	0,0579	0,3691	1,5804	1,624	1,336	0,092	0,656	-23,9	-15,39	-21,99	-14,18
30/09/2026 14:23:10	V0.04	14	HORARIO	15000	6	32,477	0,919	29,86	0,4327	0,1775	1,2461	1,331	2,908	0,87	0,534	-23,71	-14,31	-22,32	-13,64
30/09/2026 14:23:11	V0.04	14	HORARIO	15000	7	32,475	0,888	30,054	0,2904	0,3477	0,327	0,5587	2,962	0,008	1,366	-23,86	-13,51	-21,66	-13,2
30/09/2026 14:23:12	V0.04	14	HORARIO	15000	8	32,502	0,825	29,179	0,0663	0,3765	0,2592	0,4618	2,374	1,397	1,687	-22,2	-13,74	-22,4	-13,58
30/09/2026 14:23:14	V0.04	14	HORARIO	15000	9	32,482	0,904	29,179	0,156	0,3351	1,4879	1,5331	1,74	0,427	0,427	-23,98	-15,22	-21,46	-13,62
30/09/2026 14:23:16	V0.04	14	HORARIO	15000	10	32,496	0,821	28,012	0,495	0,1478	0,6709	0,8467	3,305	0,206	1,176	-23,79	-13,8	-22,17	-13,22
30/09/2026 14:23:18	V0.04	14	HORARIO	15000	11	32,5	0,869	28,595	0,0658	0,3734	0,2432	0,4504	2,565	0,649	1,893	-24,04	-15,15	-22,11	-13,66
30/09/2026 14:23:20	V0.04	14	HORARIO	15000	12	32,483	0,908	29,081	0,4778	0,1947	0,5898	0,7836	3,435	0,382	1,13	-23,24	-14,1	-21,92	-13,68
30/09/2026 14:23:21	V0.04	14	HORARIO	15000	13	32,5	0,85	28,595	0,3871	0,2118	1,2689	1,3434	2,924	1,275	0,282	-23,8	-13,8	-21,36	-13,3
30/09/2026 14:23:23	V0.04	14	HORARIO	15000	14	32,511	0,854	28,206	0,4673	0,1073	1,1899	1,2829	0,275	0,45	1,718	-23,82	-16,18	-22,06	-14,45
30/09/2026 14:23:25	V0.04	14	HORARIO	15000	15	32,481	0,912	28,984	0,2174	0,3018	0,3865	0,5364	1,198	0,153	2,26	-23,72	-15,15	-21,01	-12,71
30/09/2026 14:23:28	V0.04	14	HORARIO	15000	16	32,513	0,859	27,428	0,1978	0,3164	0,3624	0,5202	1,321	0,878	2,282	-23,5	-15,65	-22,01	-12,67
30/09/2026 14:23:29	V0.04	14	HORARIO	15000	17	32,496	0,903	30,054	0,374	0,1451	0,7167	0,8213	0,374	0,725	2,099	-23,08	-13,8	-21,94	-14,56
30/09/2026 14:23:31	V0.04	14	HORARIO	15000	18	32,506	0,836	29,179	0,0828	0,374	0,2537	0,4594	2,374	0,565	2,305	-23,93	-13,43	-22,35	-14,14
30/09/2026 14:23:34	V0.04	14	HORARIO	15000	19	32,5	0,87	30,443	0,2352	0,3573	1,5996	1,6558	1,115	0,878	0,45	-23,86	-14,21	-22,01	-14,08
30/09/2026 14:23:40	V0.04	14	HORARIO	15000	20	32,518	0,829	28,887	0,3599	0,3051	0,396	0,6159	3,16	1,344	1,672	-23,54	-14,79	-22,02	-14,65
30/09/2026 14:23:41	V0.04	14	ANTIHORARIO	15000	1	32,51	0,8	27,039	0,3428	0,2486	1,0157	1,1005	4,756	4,696	3,631	-20,26	-8,35	-20,21	-9,33
30/09/2026 14:23:43	V0.04	14	ANTIHORARIO	15000	2	32,51	0,799	26,261	0,4691	0,1833	0,6302	0,8068	0,603	0,282	1,489	-21,83	-12,21	-20,6	-11,02
30/09/2026 14:23:45	V0.04	14	ANTIHORARIO	15000	3	32,514	0,801	26,164	0,1031	0,3311	1,4882	1,528	0,863	0,786	3,244	-21,07	-12,51	-21,1	-10,81
30/09/2026 14:23:47	V0.04	14	ANTIHORARIO	15000	4	32,518	0,803	26,261	0,3333	0,1808	0,6803	0,7788	3,061	0,168	1,634	-20,16	-12,49	-21,52	-11,08
30/09/2026 14:23:48	V0.04	14	ANTIHORARIO	15000	5	32,526	0,789	26,747	0,3187	0,2896	1,4197	1,4835	2,282	0,252	2,748	-20,56	-12,47	-21,37	-11,51
30/09/2026 14:23:51	V0.04	14	ANTIHORARIO	15000	6	32,523	0,791	25,191	0,4325	0,0034	0,9962	1,0861	3,061	1,977	1,137	-21,37	-12,62	-22,49	-12,62
30/09/2026 14:23:52	V0.04	14	ANTIHORARIO	15000	7	32,518	0,804	26,844	0,4369	0,1431	1,1481	1,2367	0,718	1,275	1,412	-22,04	-12,58	-22,07	-12,21
30/09/2026 14:23:54	V0.04	14	ANTIHORARIO	15000	8	32,518	0,776	26,942	0,4611	0,0852	1,1307	1,2241	2,847	0,229	1,366	-22,32	-13,99	-23,15	-13,16
30/09/2026 14:23:56	V0.04	14	ANTIHORARIO	15000	9	32,524	0,781	25,969	0,1023	0,3237	0,4092	0,5317	3,26	0,206	0,473	-21,99	-14,79	-22,02	-12,16
30/09/2026 14:23:58	V0.04	14	ANTIHORARIO	15000	10	32,532	0,771	26,261	0,0909	0,3243	0,4149	0,5344	3,198	0,084	0,611	-22,09	-14,1	-22,19	-12,01
30/09/2026 14:23:59	V0.04	14	ANTIHORARIO	15000	11	32,532	0,758	24,705	0,47	0,0924	1,0524	1,1562	0,817	1,969	1,969	-23,02	-14,72	-23,07	-13,2
30/09/2026 14:24:02	V0.04	14	ANTIHORARIO	15000	12	32,531	0,772	26,65	0,442	0,2123	0,5681	0,7505	0,939	0,351	0,366	-23,21	-15,39	-22,66	-12,51
30/09/2026 14:24:04	V0.04	14	ANTIHORARIO	15000	13	32,516	0,813	25,58	0,1431	0,316	0,4338	0,5555	3,305	0,115	0,321	-22,36	-14,38	-22,31	-13,58
30/09/2026 14:24:05	V0.04	14	ANTIHORARIO	15000	14	32,528	0,778	26,261	0,4362	0,2076	0,5784	0,7536	1,153	0,16	0,405	-22,33	-15,88	-22,74	-12,86
30/09/2026 14:24:07	V0.04	14	ANTIHORARIO	15000	15	32,53	0,779	26,261	0,3481	0,2885	0,4558	0,642	1,687	0,656	0,084	-22,33	-14,4	-23,1	-13,53
30/09/2026 14:24:09	V0.04	14	ANTIHORARIO	15000	16	32,529	0,755	25,288	0	0	0	0	0	0	0	-22,75	-13,97	-22,56	-13,82
30/09/2026 14:24:11	V0.04	14	ANTIHORARIO	15000	17	32,532	0,775	25,677	0,3225	0,2412	1,3188	1,379	0,71	0,771	1,542	-21,92	-14,18	-22,46	-13,06
30/09/2026 14:24:12	V0.04	14	ANTIHORARIO	15000	18	32,54	0,74	25,094	0	0	0	0	0	0	0	-21,96	-13,66	-23,27	-13,53
30/09/2026 14:24:14	V0.04	14	ANTIHORARIO	15000	19	32,533	0,802	26,066	0,2697	0,3099	1,4542	1,5111	1,885	0,588	2,275	-22,18	-14,01	-22,69	-13,49
30/09/2026 14:24:16	V0.04	14	ANTIHORARIO	15000	20	32,533	0,768	25,385	0,3844	0,267	1,3856	1,4625	2,267	0,191	2,107	-22,05	-14,14	-22,99	-13,36
30/09/2026 14:24:23	V0.04	14	HORARIO	20000	1	32,529	0,836	28,692	0,3734	0,2863	1,1027	1,1989	4,221	7,921	7,088	-21,39	-9,07	-20,12	-9,01
30/09/2026 14:24:25	V0.04	14	HORARIO	20000	2	32,524	0,85	26,455	0,4166	0,2072	1,3416	1,4199	3,374	0,031	1,42	-22,6	-13,95	-22,81	-15,17
30/09/2026 14:24:27	V0.04	14	HORARIO	20000	3	32,509	0,917	29,179	0,3793	0,2323	1,3279	1,4004	1,977	0,061	1,328	-22,77	-13,53	-21,82	-13,2
30/09/2026 14:24:29	V0.04	14	HORARIO	20000	4	32,521	0,873	27,72	0,4882	0,1748	1,2981	1,3978	0,038	0,015	1,969	-24,12	-16,01	-20,87	-12,35
30/09/2026 14:24:31	V0.04	14	HORARIO	20000	5	32,511	0,896	30,151	0,0898	0,3916	0,1862	0,4428	2,626	0,214	1,695	-23,29	-15,22	-21,25	-13,49
30/09/2026 14:24:33	V0.04	14	HORARIO	20000	6	32,535	0,841	28,012	0,5021	0,136	1,2473	1,3514	0,298	0,672	1,771	-23,73	-14,29	-21,67	-13,99
30/09/2026 14:24:35	V0.04	14	HORARIO	20000	7	32,53	0,845	26,942	0,2815	0,3737	0,2692	0,5397	2,992	0,55	2,061	-23,34	-14,29	-21,65	-12,78
30/09/2026 14:24:37	V0.04	14	HORARIO	20000	8	32,535	0,802	27,525	0,4976	0,1188	1,2334	1,3353	0,221	0,023	1,466	-23,16	-15,72	-21,77	-14,43
30/09/2026 14:24:39	V0.04	14	HORARIO	20000	9	32,541	0,831	27,233	0,4805	0,1395	1,2612	1,3568	0,282	0,153	1,13	-23,15	-13,95	-22,58	-13,91
30/09/2026 14:24:40	V0.04	14	HORARIO	20000	10	32,518	0,891	28,692	0,3219	0,2478	0,4998	0,644	0,733	0,42	2,069	-23,61	-14,72	-21,71	-13,76
30/09/2026 14:24:43	V0.04	14	HORARIO	20000	11	32,523	0,874	29,665	0,5162	0,0497	0,8334	0,9816	3,221	0,794	0,908	-23,38	-14,43	-21,63	-12,62
30/09/2026 14:24:44	V0.04	14	HORARIO	20000	12	32,528	0,828	28,206	0,4019	0,2994	1,5116	1,5925	0,626	0,084	0,718	-23,58	-14,12	-21,86	-13,39
30/09/2026 14:24:46	V0.04	14	HORARIO	20000	13	32,535	0,82	27,72	0,4747	0,2053	1,3562	1,4515	0,298	0,756	1,397	-23,19	-14,77	-22,25	-13,68
30/09/2026 14:24:49	V0.04	14	HORARIO	20000	14	32,523	0,899	29,86	0,2916	0,2817	1,452	1,5076	2,626	0,664	0,16	-23,74	-14,79	-22,21	-13,34
30/09/2026 14:24:50	V0.04	14	HORARIO	20000	15	32,54	0,827	28,401	0,0217	0,3668	1,6096	1,651	1,84	0,511	0,519	-24,42	-14,47	-21,35	-12,06
30/09/2026 14:24:51	V0.04	14	HORARIO	20000	16	32,536	0,866	28,401	0,4752	0,0388	1,0815	1,182	0,069	0,344	1,794	-23,69	-15,49	-22,24	-15,1
30/09/2026 14:24:53	V0.04	14	HORARIO	20000	17	32,522	0,912	28,887	0,1566	0,3591	0,2933	0,4894	1,626	0,183	2,397	-24,21	-15,29	-21,51	-13,39
30/09/2026 14:24:55	V0.04	14	HORARIO	20000	18	32,528	0,824	27,914	0,2078	0,3751	0,2622	0,5026	2,901	0,153	1,947	-24,02	-15,67	-21,78	-13,22
30/09/2026 14:24:57	V0.04	14	HORARIO	20000	19	32,534	0,828	28,206	0,2725	0,3638	0,2915	0,5399	2,802	0,718	1,817	-22,87	-14,56	-22,23	-13,88
30/09/2026 14:24:59	V0.04	14	HORARIO	20000	20	32,527	0,902	29,86	0,3864	0,3182	0,38	0,6284	3,26	0,916	1,466	-23,63	-15,07	-21,1	-13,32
30/09/2026 14:25:06	V0.04	14	ANTIHORARIO	20000	1	32,539	0,762	25,775	0,3533	0,2501	1,0258	1,1134	4,407	4,754	4,515	-20,89	-10,02	-20,67	-9,25
30/09/2026 14:25:07	V0.04	14	ANTIHORARIO	20000	2	32,529	0,783	26,066	0,4678	0,1737	0,6239	0,7989	0,481	1,427	2,336	-22	-14,38	-21,86	-12,97
30/09/2026 14:25:09	V0.04	14	ANTIHORARIO	20000	3	32,528	0,755	25,483	0,177	0,2988	0,448	0,5669	3,489	1,031	0,534	-22,59	-14,52	-20,76	-10,84
30/09/2026 14:25:11	V0.04	14	ANTIHORARIO	20000	4	32,537	0,791	25,58	0,5212	0,0543	0,8311	0,9825	0,992	0,702	0,198	-21,3	-12,3	-21,72	-11,29
30/09/2026 14:25:13	V0.04	14	ANTIHORARIO	20000	5	32,543	0,766	24,316	0,0739	0,359	0,3291	0,4926	2,634	1,053	0,145	-21,31	-13,01	-22,16	-12,4
30/09/2026 14:25:15	V0.04	14	ANTIHORARIO	20000	6	32,531	0,795	25,872	0	0	0	0	0	0	0	-22,07	-13,49	-22,32	-11,54
30/09/2026 14:25:17	V0.04	14	ANTIHORARIO	20000	7	32,547	0,706	24,51	0,2795	0,2457	0,5587	0,6713	3,267	0,183	0,794	-22,48	-14,45	-22,52	-12,8
30/09/2026 14:25:18	V0.04	14	ANTIHORARIO	20000	8	32,54	0,756	25,483	0,4778	0,1754	0,6248	0,8058	1,008	0,015	0,458	-22,74	-14,4	-22,97	-13,51
30/09/2026 14:25:20	V0.04	14	ANTIHORARIO	20000	9	32,554	0,751	25,094	0,463	0,0406	1,0608	1,1581	2,954	0,069	1,321	-22,78	-15,05	-22,57	-13,47
30/09/2026 14:25:22	V0.04	14	ANTIHORARIO	20000	10	32,545	0,752	25,677	0,0103	0,3591	0,3335	0,4902	2,695	0,015	0,366	-22,42	-14,52	-22,7	-12,91
30/09/2026 14:25:24	V0.04	14	ANTIHORARIO	20000	11	32,548	0,756	25,483	0,5186	0,1152	0,733	0,9053	1,031	0,779	0,412	-22,72	-13,99	-22,41	-12,99
30/09/2026 14:25:26	V0.04	14	ANTIHORARIO	20000	12	32,549	0,75	24,607	0,4226	0,223	1,3444	1,4268	2,481	0,13	1,924	-22,56	-13,56	-22,2	-13,22
30/09/2026 14:25:28	V0.04	14	ANTIHORARIO	20000	13	32,544	0,763	25,775	0,3322	0,1909	0,6561	0,7598	1,969	1,969	1,969	-23,03	-14,95	-22,68	-13,56
30/09/2026 14:25:29	V0.04	14	ANTIHORARIO	20000	14	32,551	0,739	25,191	0,3437	0,1827	0,6782	0,782	3,389	0,87	0,832	-22,69	-14,58	-22,74	-13,6
30/09/2026 14:25:31	V0.04	14	ANTIHORARIO	20000	15	32,532	0,808	25,094	0,3469	0,2343	1,3322	1,3964	0,405	0,031	1,718	-22,97	-14,84	-22,88	-13,38
30/09/2026 14:25:33	V0.04	14	ANTIHORARIO	20000	16	32,546	0,768	25,58	0,2683	0,3243	1,4899	1,5482	2,061	0,26	1,977	-22,93	-14,67	-23,44	-14,01
30/09/2026 14:25:35	V0.04	14	ANTIHORARIO	20000	17	32,546	0,74	25,677	0,358	0,2246	1,3196	1,3856	0,885	0,351	1,725	-22,75	-14,61	-22,65	-13,45
30/09/2026 14:25:37	V0.04	14	ANTIHORARIO	20000	18	32,549	0,734	25,483	0,175	0,3475	1,5259	1,5747	1,71	0,275	1,84	-22,99	-15,47	-21,99	-13,47
30/09/2026 14:25:38	V0.04	14	ANTIHORARIO	20000	19	32,551	0,761	25,094	0,4824	0,1766	0,6274	0,8109	0,84	0,58	0,42	-22,24	-14,23	-22,89	-13,22
30/09/2026 14:25:40	V0.04	14	ANTIHORARIO	20000	20	32,55	0,758	23,927	0,2761	0,3286	1,4951	1,5555	1,733	1,183	2,351	-22,76	-14,54	-22,45	-13,03
30/09/2026 14:29:18	V0.04	15	HORARIO	15000	1	32,421	1,043	33,458	0,0455	0,0239	0,9193	0,9208	3,81	5,627	6,536	-23,29	-10,36	-22,52	-12,21
30/09/2026 14:29:20	V0.04	15	HORARIO	15000	2	32,46	0,932	30,638	0,0526	0,031	0,9423	0,9442	0,55	1,863	2,153	-23,84	-15,42	-22,26	-13,41
30/09/2026 14:29:21	V0.04	15	HORARIO	15000	3	32,44	0,944	31,027	0,0282	0,0199	0,9249	0,9256	2,328	0,374	0,534	-23,68	-14,45	-21,94	-13,39
30/09/2026 14:29:24	V0.04	15	HORARIO	15000	4	32,419	1,101	36,571	0,0476	0,0092	0,927	0,9283	1,771	0,092	1,565	-23,84	-14,98	-22,26	-12,56
30/09/2026 14:29:26	V0.04	15	HORARIO	15000	5	32,436	1,003	32,875	0,0212	0,0004	0,9313	0,9315	0,992	1,031	2,015	-23,85	-14,47	-22,41	-14,01
30/09/2026 14:29:27	V0.04	15	HORARIO	15000	6	32,452	0,99	31,902	0,0317	0,0281	0,9233	0,9243	2,267	1,473	1,58	-23,81	-15,49	-23,33	-12,39
30/09/2026 14:29:29	V0.04	15	HORARIO	15000	7	32,456	1	32,583	0,0559	0,0385	0,9092	0,9117	2,168	0,534	1,053	-23,7	-15,34	-23,9	-14,49
30/09/2026 14:29:30	V0.04	15	HORARIO	15000	8	32,441	1,031	33,361	0,045	0,0303	0,9213	0,9229	1,542	0,046	2,481	-23,52	-13,93	-22,17	-12,82
30/09/2026 14:29:32	V0.04	15	HORARIO	15000	9	32,489	0,855	28,79	0,037	0,0114	0,9407	0,9415	2,427	0,649	2,481	-23,38	-13,45	-23,3	-13,47
30/09/2026 14:29:34	V0.04	15	HORARIO	15000	10	32,464	0,987	32,097	0,0042	0,0359	0,9182	0,9189	2,267	0,252	0,557	-23,78	-15,39	-23,28	-14,58
30/09/2026 14:29:36	V0.04	15	HORARIO	15000	11	32,483	0,89	29,568	0,043	0,0319	0,9153	0,9168	1,244	0,565	1,954	-23,54	-13,08	-22,53	-14,54
30/09/2026 14:29:37	V0.04	15	HORARIO	15000	12	32,465	0,953	31,416	0,0807	0,0157	0,9556	0,9591	1,878	1,076	0,443	-24,47	-15,42	-23,63	-14,98
30/09/2026 14:29:40	V0.04	15	HORARIO	15000	13	32,469	0,96	31,805	0,0388	0,0039	0,9481	0,9489	1,863	1,42	0,885	-24,45	-15,8	-24,31	-14,7
30/09/2026 14:29:41	V0.04	15	HORARIO	15000	14	32,507	0,822	27,72	0,0226	0,0305	0,9061	0,9069	2,137	0,901	2,061	-24,07	-14,38	-22,75	-14,23
30/09/2026 14:29:44	V0.04	15	HORARIO	15000	15	32,465	1,022	34,139	0,058	0,0249	0,9313	0,9334	1,29	1,84	0,366	-22,97	-12,42	-23,34	-14,18
30/09/2026 14:29:45	V0.04	15	HORARIO	15000	16	32,488	0,94	31,416	0,0367	0,0216	0,9279	0,9288	1,069	0,412	2,008	-24,4	-15,88	-23,34	-14,72
30/09/2026 14:29:46	V0.04	15	HORARIO	15000	17	32,485	0,961	32,194	0,0519	0,0353	0,9388	0,9409	2,618	2,099	1,466	-24,05	-15,05	-22,98	-14,29
30/09/2026 14:29:48	V0.04	15	HORARIO	15000	18	32,473	1,012	33,166	0,027	0,0016	0,9478	0,9481	1,603	1,252	0,725	-24,27	-14,74	-24,04	-15,07
30/09/2026 14:29:50	V0.04	15	HORARIO	15000	19	32,481	0,899	29,276	0,0687	0,032	0,9338	0,9369	2,252	2,244	2,053	-23,82	-13,82	-23,12	-14,23
30/09/2026 14:29:52	V0.04	15	HORARIO	15000	20	32,481	0,969	32,486	0,0431	0,0065	0,9386	0,9396	1,489	1,702	0,366	-24,14	-14,47	-23,89	-16,09
30/09/2026 14:29:58	V0.04	15	ANTIHORARIO	15000	1	32,47	0,958	31,513	0,0805	0,0326	0,9202	0,9243	6,621	9,485	3,245	-23,97	-11,29	-22,17	-11,15
30/09/2026 14:30:00	V0.04	15	ANTIHORARIO	15000	2	32,488	0,897	29,665	0,0348	0,0083	0,9265	0,9272	0,58	1,015	1,603	-24,03	-12,76	-21,62	-13,06
30/09/2026 14:30:02	V0.04	15	ANTIHORARIO	15000	3	32,47	0,951	30,638	0,0554	0,0256	0,9471	0,9491	0,733	1,053	0,443	-24,1	-13,14	-21,89	-12,16
30/09/2026 14:30:04	V0.04	15	ANTIHORARIO	15000	4	32,504	0,828	28,109	0,0837	0,0243	0,9305	0,9346	2,244	0,55	0,969	-24,21	-13,43	-21,89	-13,49
30/09/2026 14:30:06	V0.04	15	ANTIHORARIO	15000	5	32,5	0,858	28,303	0,0977	0,0531	0,8998	0,9066	1,832	1,809	0,244	-24,96	-14,23	-22,32	-13,62
30/09/2026 14:30:08	V0.04	15	ANTIHORARIO	15000	6	32,454	1,047	35,209	0,0002	0,0095	0,9529	0,9529	1,748	0,466	2,191	-24,27	-14,27	-22,39	-13,06
30/09/2026 14:30:10	V0.04	15	ANTIHORARIO	15000	7	32,47	1,002	32,291	0,0199	0,0217	0,9512	0,9516	0,878	1,511	0,595	-24,06	-12,78	-22,02	-12,93
30/09/2026 14:30:11	V0.04	15	ANTIHORARIO	15000	8	32,497	0,898	29,86	0,017	0,0027	0,9233	0,9235	1,779	2,115	0,053	-24,05	-15,1	-23,13	-12,91
30/09/2026 14:30:13	V0.04	15	ANTIHORARIO	15000	9	32,469	1,005	32,875	0,0029	0,0009	0,9486	0,9486	1,794	0,702	1,985	-23,77	-14,03	-22,94	-14,91
30/09/2026 14:30:15	V0.04	15	ANTIHORARIO	15000	10	32,484	0,96	31,513	0,0614	0,0626	0,0157	0,0891	1,969	1,969	1,969	-24,59	-14,56	-22,6	-12,49
30/09/2026 14:30:17	V0.04	15	ANTIHORARIO	15000	11	32,49	0,917	30,832	0,0808	0,0487	0,8861	0,8911	2,427	0,634	0,763	-24,13	-14,16	-21,84	-12,76
30/09/2026 14:30:19	V0.04	15	ANTIHORARIO	15000	12	32,476	1,018	34,334	0,0037	0,004	0,9482	0,9483	1,664	0,023	2,641	-24,19	-15,27	-22,82	-13,1
30/09/2026 14:30:21	V0.04	15	ANTIHORARIO	15000	13	32,509	0,869	28,79	0,0273	0,0183	0,9159	0,9165	1,832	0,74	0,031	-24,02	-13,76	-22,02	-14,08
30/09/2026 14:30:22	V0.04	15	ANTIHORARIO	15000	14	32,479	0,977	31,999	0,0256	0,0059	0,9429	0,9432	2,084	1,969	1,969	-24,24	-13,99	-22,15	-12,44
30/09/2026 14:30:24	V0.04	15	ANTIHORARIO	15000	15	32,481	0,999	32,972	0,0117	0,0225	0,963	0,9633	1,336	0,053	1,183	-24,28	-13,51	-22,01	-14,14
30/09/2026 14:30:27	V0.04	15	ANTIHORARIO	15000	16	32,499	0,907	29,957	0,0664	0,0107	0,9313	0,9337	2,191	1,473	1,115	-24,51	-15,91	-22,06	-13,91
30/09/2026 14:30:29	V0.04	15	ANTIHORARIO	15000	17	32,473	1,052	34,625	0,0896	0,0435	0,891	0,8965	1,893	1,885	2,237	-24,36	-15,8	-22,7	-13,84
30/09/2026 14:30:30	V0.04	15	ANTIHORARIO	15000	18	32,5	0,929	30,443	0,0637	0,0032	0,9546	0,9567	1,321	2,16	0,13	-24,28	-15,17	-22,05	-13,8
30/09/2026 14:30:32	V0.04	15	ANTIHORARIO	15000	19	32,506	0,933	30,151	0,0785	0,0597	0,8853	0,8907	2,481	0,863	0,786	-23,94	-13,86	-22,07	-12,51
30/09/2026 14:30:33	V0.04	15	ANTIHORARIO	15000	20	32,468	1,069	35,306	0,0778	0,0464	0,889	0,8936	1,214	0,427	2,595	-24,4	-14,14	-22,9	-12,65
30/09/2026 14:30:40	V0.04	15	HORARIO	20000	1	32,487	0,996	33,653	0,0732	0,0343	0,9278	0,9313	3,97	7,232	6,535	-24,56	-12,4	-24,17	-13,66
30/09/2026 14:30:42	V0.04	15	HORARIO	20000	2	32,527	0,853	27,914	0,0074	0,0322	0,8947	0,8953	1,374	2,015	3,626	-24,4	-14,43	-24,53	-15,99
30/09/2026 14:30:43	V0.04	15	HORARIO	20000	3	32,501	0,973	32,486	0,0459	0,0844	0,819	0,8246	1,863	1,725	0,809	-24,26	-15,49	-24,31	-14,54
30/09/2026 14:30:45	V0.04	15	HORARIO	20000	4	32,51	0,922	31,221	0,0468	0,0481	0,8638	0,8664	1,252	0,771	1,985	-24,59	-15,96	-24,28	-15,93
30/09/2026 14:30:49	V0.04	15	HORARIO	20000	6	32,519	0,911	29,957	0,0343	0,061	0,8241	0,8271	2,321	0,534	0,282	-24,89	-14,81	-24,5	-16,01
30/09/2026 14:30:51	V0.04	15	HORARIO	20000	7	32,458	1,142	37,252	0,0183	0,0406	1,0134	1,0144	1,695	1,084	0,847	-24,5	-15,03	-24,2	-15,59
30/09/2026 14:30:53	V0.04	15	HORARIO	20000	8	32,492	0,979	32,777	0,0261	0,0228	0,952	0,9527	2,504	1,13	1,809	-24,51	-15,8	-24,11	-14,91
30/09/2026 14:30:55	V0.04	15	HORARIO	20000	9	32,462	1,066	35,695	0,0663	0,0073	1,0026	1,0048	1,435	0,176	0,55	-24,96	-14,67	-24,19	-15,78
30/09/2026 14:30:57	V0.04	15	HORARIO	20000	10	32,471	1,089	36,084	0,0479	0,0562	0,8918	0,8949	1,336	0,725	1,496	-24,82	-16,37	-24,28	-16,2
30/09/2026 14:30:57	V0.04	15	HORARIO	20000	5	32,521	0,9	28,984	0,0804	0,0171	0,9869	0,9904	1,595	0,702	2,176	-24,17	-15,85	-24,57	-16,37
30/09/2026 14:30:58	V0.04	15	HORARIO	20000	11	32,515	0,951	31,61	0,066	0,0168	1,0352	1,0374	1,786	0,084	2,168	-24,33	-15,67	-23,92	-15,32
30/09/2026 14:30:59	V0.04	15	HORARIO	20000	12	32,51	0,983	33,069	0,0448	0,0519	1,0562	1,0584	0,992	4,42	0,107	-25,26	-16,6	-24,61	-16,29
30/09/2026 14:31:03	V0.04	15	HORARIO	20000	13	32,516	0,96	32,486	0,0745	0,0084	1,009	1,0118	1,099	0,817	2,183	-25,07	-16,37	-24	-15,85
30/09/2026 14:31:03	V0.04	15	HORARIO	20000	14	32,537	0,892	29,179	0,0076	0,0621	0,8145	0,8169	2,847	1,527	1,382	-24,64	-15,59	-24,59	-16,31
30/09/2026 14:31:05	V0.04	15	HORARIO	20000	15	32,478	1,092	35,598	0,0742	0,0195	1,0326	1,0354	1,649	1,626	0,344	-25,17	-16,65	-24,85	-16,29
30/09/2026 14:31:06	V0.04	15	HORARIO	20000	16	32,533	0,875	29,471	0,0189	0,0448	0,8461	0,8475	1,679	1,237	2,023	-25,1	-15,32	-24,41	-15,67
30/09/2026 14:31:08	V0.04	15	HORARIO	20000	17	32,482	1,066	34,82	0,0448	0,0931	0,839	0,8453	2,229	1,435	0,153	-24,66	-14,67	-24,46	-16,2
30/09/2026 14:31:10	V0.04	15	HORARIO	20000	18	32,47	1,083	35,598	0,0482	0,0375	0,9791	0,981	1,489	2,435	0,305	-25,04	-16,01	-24,23	-15,17
30/09/2026 14:31:12	V0.04	15	HORARIO	20000	19	32,519	0,983	32,875	0,0311	0,0029	0,8958	0,8963	1,42	1,908	2,046	-24,84	-15,91	-23,96	-15,17
30/09/2026 14:31:14	V0.04	15	HORARIO	20000	20	32,481	1,049	34,236	0,0361	0,0219	0,8485	0,8496	2,489	1,695	0,855	-25,14	-16,4	-24,43	-15,1
30/09/2026 14:31:20	V0.04	15	ANTIHORARIO	20000	1	32,514	0,923	30,151	0,0711	0,0289	0,9232	0,9264	5,142	6,236	4,496	-23,88	-11,74	-21,66	-11,53
30/09/2026 14:31:22	V0.04	15	ANTIHORARIO	20000	2	32,485	0,985	32,972	0,0521	0,0076	0,9342	0,9357	0,504	0,992	2,481	-23,53	-14,01	-22,07	-12,55
30/09/2026 14:31:26	V0.04	15	ANTIHORARIO	20000	4	32,511	0,9	30,249	0,0142	0,0107	0,9484	0,9485	1,58	0,702	0,626	-24,2	-13,91	-22,31	-12,78
30/09/2026 14:31:27	V0.04	15	ANTIHORARIO	20000	3	32,486	0,981	32,875	0,0889	0,05	0,8875	0,8933	1,435	0,992	3,55	-24,31	-14,23	-22,53	-13,45
30/09/2026 14:31:28	V0.04	15	ANTIHORARIO	20000	5	32,501	0,968	32,194	0,0389	0,0072	0,9368	0,9376	1,985	0,321	1,344	-24,54	-13,99	-22,19	-13,18
30/09/2026 14:31:29	V0.04	15	ANTIHORARIO	20000	6	32,496	0,982	32,291	0,0615	0,0132	0,9623	0,9643	1,458	0,832	0,763	-23,91	-13,66	-21,97	-13,62
30/09/2026 14:31:31	V0.04	15	ANTIHORARIO	20000	7	32,52	0,885	29,471	0,0161	0,0166	0,9326	0,9329	2,641	0,626	0,817	-24,46	-14,14	-22,4	-14,12
30/09/2026 14:31:34	V0.04	15	ANTIHORARIO	20000	8	32,493	1,027	33,847	0,0769	0,0276	0,9011	0,9048	1,916	1,588	1,969	-24,76	-15,22	-23,37	-15
30/09/2026 14:31:35	V0.04	15	ANTIHORARIO	20000	9	32,511	0,935	31,124	0,0835	0,0515	0,8655	0,871	1,702	0,153	0,718	-24,08	-14,25	-22,29	-13,14
30/09/2026 14:31:37	V0.04	15	ANTIHORARIO	20000	10	32,518	0,912	30,346	0,1016	0,0444	0,8987	0,9055	2,634	0,137	0,916	-24,16	-13,78	-22,79	-14,03
30/09/2026 14:31:38	V0.04	15	ANTIHORARIO	20000	11	32,485	1,03	34,139	0,0552	0,0171	0,9198	0,9216	1,565	0,023	2,336	-24,11	-13,93	-23,14	-13,64
30/09/2026 14:31:40	V0.04	15	ANTIHORARIO	20000	12	32,518	0,911	30,249	0,0942	0,0266	0,9259	0,9311	2,344	0,672	0,13	-24,08	-13,62	-22,6	-13,34
30/09/2026 14:31:42	V0.04	15	ANTIHORARIO	20000	13	32,512	0,969	32,194	0,0823	0,0281	0,9226	0,9267	1,832	0,214	1,168	-24,65	-13,14	-23,53	-14,65
30/09/2026 14:31:45	V0.04	15	ANTIHORARIO	20000	14	32,487	1,022	32,875	0,0645	0,0072	0,9408	0,943	2,313	1,344	1,237	-23,63	-14,95	-22,94	-14,34
30/09/2026 14:31:46	V0.04	15	ANTIHORARIO	20000	15	32,49	1,023	33,361	0,0173	0,0302	0,9504	0,9511	1,824	0,344	2,13	-24,45	-14,52	-23,12	-14,52
30/09/2026 14:31:48	V0.04	15	ANTIHORARIO	20000	16	32,51	0,945	31,319	0	0	0	0	0	0	0	-24,47	-14,79	-23,58	-14,77
30/09/2026 14:31:50	V0.04	15	ANTIHORARIO	20000	17	32,515	0,9	29,373	0,084	0,0165	0,9385	0,9424	1,756	2,069	1,206	-24,26	-13,74	-23,02	-14,67
30/09/2026 14:31:52	V0.04	15	ANTIHORARIO	20000	18	32,5	1,011	32,875	0,0122	0,0171	0,9512	0,9514	1,466	0,084	2,473	-24,12	-12,58	-22,8	-14,61
30/09/2026 14:31:54	V0.04	15	ANTIHORARIO	20000	19	32,513	0,942	30,54	0,0747	0,0459	0,8519	0,8564	3,634	0,427	0,458	-24,31	-14,49	-23,07	-14,54
30/09/2026 14:31:56	V0.04	15	ANTIHORARIO	20000	20	32,515	0,925	30,151	0,012	0,0135	0,9678	0,9679	2,542	1,618	0,42	-24,82	-14,81	-23,87	-14,49
30/09/2026 15:20:54	V0.04	16	HORARIO	15000	1	32,453	0,91	29,665	0,0712	0,0383	0,9232	0,9268	3,066	6,155	9,324	-25,57	-15,57	-25,36	-14,43
30/09/2026 15:20:56	V0.04	16	HORARIO	15000	2	32,457	0,853	28,79	0,0085	0,0474	0,9513	0,9525	3,534	1,786	2,504	-26,03	-17,86	-25,79	-18,3
30/09/2026 15:20:58	V0.04	16	HORARIO	15000	3	32,457	0,854	28,303	0,0107	0,0431	0,9796	0,9806	2,221	1,183	3,122	-25,58	-17,1	-25,08	-16,65
30/09/2026 15:21:00	V0.04	16	HORARIO	15000	4	32,464	0,868	29,373	0,0752	0,0074	0,9127	0,9158	2,74	1,023	2,206	-26,08	-18,95	-25,67	-17,99
30/09/2026 15:21:02	V0.04	16	HORARIO	15000	5	32,459	0,898	29,373	0,0609	0,0111	0,9043	0,9064	2,618	0,908	0,191	-26,02	-18,06	-25,87	-16,48
30/09/2026 15:21:04	V0.04	16	HORARIO	15000	6	32,466	0,871	29,081	0,0475	0,04	0,9337	0,9358	2,603	0,015	1,969	-25,67	-15,8	-25,82	-16,92
30/09/2026 15:21:06	V0.04	16	HORARIO	15000	7	32,468	0,873	29,471	0,0182	0,0334	0,9786	0,9794	1,55	0,588	0,809	-26,67	-18,73	-26,23	-18,66
30/09/2026 15:21:07	V0.04	16	HORARIO	15000	8	32,47	0,863	28,401	0,0865	0,006	0,9253	0,9294	1,656	0,855	1,229	-26,69	-19,5	-26,43	-17,19
30/09/2026 15:21:09	V0.04	16	HORARIO	15000	9	32,472	0,87	28,303	0,0027	0,0242	0,8817	0,882	2,092	1,008	1,458	-26,71	-19,5	-26,29	-17,37
30/09/2026 15:21:11	V0.04	16	HORARIO	15000	10	32,474	0,873	28,984	0	0	0	0	0	0	0	-26,53	-18,41	-26,21	-17,44
30/09/2026 15:21:13	V0.04	16	HORARIO	15000	11	32,48	0,854	29,081	0,0107	0,0403	0,9856	0,9865	1,58	0,985	0,847	-25	-17,31	-24,83	-16,74
30/09/2026 15:21:14	V0.04	16	HORARIO	15000	12	32,487	0,837	27,233	0,0885	0,0345	0,9337	0,9385	1,878	1,733	1,046	-26,65	-19,46	-26,55	-19,26
30/09/2026 15:21:17	V0.04	16	HORARIO	15000	13	32,481	0,894	28,498	0,0508	0,0347	0,9197	0,9217	2,672	0,679	0,053	-26,02	-17,76	-26,08	-17,76
30/09/2026 15:21:18	V0.04	16	HORARIO	15000	14	32,484	0,868	28,692	0,0265	0,0396	0,9709	0,9721	2,275	0,305	1,16	-25,78	-18,03	-25,55	-17,93
30/09/2026 15:21:21	V0.04	16	HORARIO	15000	15	32,48	0,866	28,79	0,1041	0,0166	0,9236	0,9296	1,679	0,611	0,779	-26,37	-19,14	-26,46	-19,1
30/09/2026 15:21:22	V0.04	16	HORARIO	15000	16	32,495	0,811	28,206	0,05	0,0043	0,8999	0,9013	1,588	0,55	1,916	-26,36	-17,99	-25,78	-16,71
30/09/2026 15:21:24	V0.04	16	HORARIO	15000	17	32,49	0,87	27,817	0,0496	0,0354	0,9255	0,9275	2,389	0,16	0,435	-25,31	-17,31	-25,54	-18,06
30/09/2026 15:21:25	V0.04	16	HORARIO	15000	18	32,48	0,888	28,887	0,041	0,0536	0,9379	0,9403	1,847	1,466	1,603	-26,05	-18,13	-26,25	-17,66
30/09/2026 15:21:27	V0.04	16	HORARIO	15000	19	32,494	0,832	28,109	0,0104	0,0239	0,8685	0,8689	1,939	0,748	1,679	-25,77	-17,86	-24,97	-16,09
30/09/2026 15:21:29	V0.04	16	HORARIO	15000	20	32,5	0,805	27,331	0,0203	0,0398	0,899	0,9002	1,74	1,198	1,031	-26,36	-18,51	-26,22	-17,41
30/09/2026 15:21:36	V0.04	16	ANTIHORARIO	15000	1	32,496	0,824	26,844	0,0823	0,0326	0,9268	0,931	2,77	5,494	10,818	-26,22	-16,2	-26,06	-16,37
30/09/2026 15:21:38	V0.04	16	ANTIHORARIO	15000	2	32,492	0,833	27,623	0,1044	0,0145	0,8973	0,9035	2,046	1,802	1,191	-26,51	-18,91	-26,1	-19,07
30/09/2026 15:21:39	V0.04	16	ANTIHORARIO	15000	3	32,489	0,841	27,233	0,0823	0,0079	0,8467	0,8507	1,42	1,29	0,069	-26,58	-19,66	-26,4	-18,23
30/09/2026 15:21:41	V0.04	16	ANTIHORARIO	15000	4	32,497	0,813	26,261	0,0149	0,0432	0,9414	0,9425	2,466	1,725	3,168	-26,7	-18,41	-26,51	-18,06
30/09/2026 15:21:43	V0.04	16	ANTIHORARIO	15000	5	32,48	0,865	28,79	0,0364	0,0255	0,9655	0,9665	2,29	0,618	0,672	-26,56	-19,66	-26,47	-18,41
30/09/2026 15:21:45	V0.04	16	ANTIHORARIO	15000	6	32,501	0,812	26,844	0,0442	0,0159	1,0143	1,0154	1,382	0,626	0,901	-26,29	-17,99	-25,78	-16,83
30/09/2026 15:21:47	V0.04	16	ANTIHORARIO	15000	7	32,512	0,776	25,969	0,0074	0,0438	1,0133	1,0143	2,45	1,763	0,137	-26,47	-18,48	-26,17	-18,55
30/09/2026 15:21:49	V0.04	16	ANTIHORARIO	15000	8	32,5	0,814	26,65	0	0	0	0	0	0	0	-26,32	-18,09	-26,14	-17,83
30/09/2026 15:21:50	V0.04	16	ANTIHORARIO	15000	9	32,494	0,843	28,109	0,0815	0,0719	0,9591	0,9652	1,588	0,229	1,664	-26,54	-19,07	-26,17	-18,2
30/09/2026 15:21:52	V0.04	16	ANTIHORARIO	15000	10	32,5	0,825	27,233	0	0	0	0	0	0	0	-25,6	-17,83	-25,85	-17,89
30/09/2026 15:21:55	V0.04	16	ANTIHORARIO	15000	11	32,501	0,838	28,206	0,0536	0,0287	0,9365	0,9385	1,74	0,817	1,229	-26,27	-18,55	-25,64	-17,93
30/09/2026 15:21:56	V0.04	16	ANTIHORARIO	15000	12	32,498	0,821	27,817	0,103	0,0132	0,9114	0,9173	1,847	0,794	1,13	-26,25	-17,41	-25,9	-17,79
30/09/2026 15:21:58	V0.04	16	ANTIHORARIO	15000	13	32,506	0,802	26,553	0,1582	0,0028	0,8524	0,867	2,26	1,573	0,664	-26,64	-18,84	-26,49	-18,62
30/09/2026 15:22:00	V0.04	16	ANTIHORARIO	15000	14	32,502	0,858	28,206	0,0839	0,0708	0,9529	0,9592	1,214	0,427	1,924	-25,93	-17,13	-26,07	-17,28
30/09/2026 15:22:02	V0.04	16	ANTIHORARIO	15000	15	32,51	0,822	27,525	0,0137	0,0352	0,934	0,9347	1,794	0,466	1,366	-25,91	-18,58	-25,43	-16,77
30/09/2026 15:22:03	V0.04	16	ANTIHORARIO	15000	16	32,522	0,73	24,705	0,0591	0,0096	0,9323	0,9342	2,26	1,237	0,137	-25,41	-17,25	-25,19	-17,41
30/09/2026 15:22:05	V0.04	16	ANTIHORARIO	15000	17	32,526	0,751	25,191	0,0465	0,0476	0,9689	0,9712	1,908	0,45	1,366	-26,39	-18,41	-26,47	-18,34
30/09/2026 15:22:07	V0.04	16	ANTIHORARIO	15000	18	32,501	0,856	28,109	0,0079	0,0367	0,95	0,9507	1,71	0,191	1,786	-26,56	-18,99	-26,32	-18,73
30/09/2026 15:22:09	V0.04	16	ANTIHORARIO	15000	19	32,516	0,792	27,039	0,0138	0,0428	0,9717	0,9727	1,511	1,565	1,351	-26,44	-19,07	-26,14	-18,23
30/09/2026 15:22:10	V0.04	16	ANTIHORARIO	15000	20	32,527	0,768	25,483	0,0803	0,0867	0,9357	0,9431	1,664	0,183	0,863	-26,58	-17,63	-26,25	-18,8
30/09/2026 15:22:18	V0.04	16	HORARIO	20000	1	32,517	0,82	27,72	0,0638	0,0354	0,9176	0,9205	2,921	5,128	10,243	-26,41	-17,34	-26,38	-16,09
30/09/2026 15:22:19	V0.04	16	HORARIO	20000	2	32,528	0,807	26,844	0,0801	0,0175	0,9137	0,9174	2,695	1,969	1,969	-26,77	-18,84	-26,54	-18,51
30/09/2026 15:22:21	V0.04	16	HORARIO	20000	3	32,503	0,863	27,914	0,0094	0,0358	0,918	0,9187	2,031	1,023	2,031	-26,89	-19,34	-26,6	-18,51
30/09/2026 15:22:23	V0.04	16	HORARIO	20000	4	32,5	0,868	29,665	0,0486	0,0188	0,905	0,9065	1,649	0,672	1,244	-26,52	-18,73	-26,54	-19,22
30/09/2026 15:22:25	V0.04	16	HORARIO	20000	5	32,517	0,885	28,692	0,0054	0,0394	0,9805	0,9813	2,183	2,863	0,611	-26,01	-16,92	-26,49	-18,73
30/09/2026 15:22:27	V0.04	16	HORARIO	20000	6	32,519	0,814	28,012	0,017	0,0404	0,9725	0,9735	1,695	0,954	0,885	-26,55	-17,79	-26,5	-19,34
30/09/2026 15:22:28	V0.04	16	HORARIO	20000	7	32,515	0,876	28,109	0,0123	0,0544	0,9822	0,9838	2,092	1,13	1,26	-26,8	-20,25	-26,54	-18,37
30/09/2026 15:22:31	V0.04	16	HORARIO	20000	8	32,516	0,841	28,984	0,0364	0,031	0,9662	0,9674	0,015	1,969	1,969	-27,07	-19,5	-26,33	-19,03
30/09/2026 15:22:32	V0.04	16	HORARIO	20000	9	32,509	0,894	29,665	0,0471	0,0122	0,9324	0,9336	2,855	1,847	1,298	-26,47	-17,93	-26,72	-17,07
30/09/2026 15:22:35	V0.04	16	HORARIO	20000	10	32,514	0,857	27,914	0,0105	0,0293	0,896	0,8965	2,153	0,321	0,809	-26,99	-19,42	-26,68	-20,03
30/09/2026 15:22:36	V0.04	16	HORARIO	20000	11	32,524	0,838	27,72	0,011	0,04	0,9734	0,9743	2,221	0,534	1,534	-26,68	-18,27	-26,43	-18,37
30/09/2026 15:22:37	V0.04	16	HORARIO	20000	12	32,527	0,832	27,331	0,1012	0,0206	0,933	0,9387	1,977	0,817	1,267	-26,52	-18,23	-26,48	-19,38
30/09/2026 15:22:39	V0.04	16	HORARIO	20000	13	32,529	0,819	27,331	0,1078	0,0261	0,8983	0,9051	1,969	1,969	1,969	-26,46	-18,41	-26,92	-17,99
30/09/2026 15:22:41	V0.04	16	HORARIO	20000	14	32,531	0,824	26,164	0,0161	0,0297	0,9701	0,9707	1,588	1,313	1,405	-26,91	-19,66	-26,59	-18,58
30/09/2026 15:22:43	V0.04	16	HORARIO	20000	15	32,525	0,867	27,136	0,0046	0,0203	0,8992	0,8994	2,031	0,977	1	-26,93	-18,51	-26,77	-18,58
30/09/2026 15:22:45	V0.04	16	HORARIO	20000	16	32,527	0,853	29,276	0,0369	0,0283	0,9612	0,9623	1,924	0,015	1,969	-26,96	-19,58	-26,91	-18,8
30/09/2026 15:22:47	V0.04	16	HORARIO	20000	17	32,505	0,915	30,54	0,0004	0,0229	0,9185	0,9187	1,809	0,809	1,298	-26,72	-19,3	-26,86	-18,58
30/09/2026 15:22:48	V0.04	16	HORARIO	20000	18	32,52	0,851	28,206	0,0898	0,025	0,9229	0,9276	2,076	1,16	1,321	-26,49	-17,99	-26,82	-19,78
30/09/2026 15:22:51	V0.04	16	HORARIO	20000	19	32,522	0,856	29,081	0,0104	0,0525	0,9114	0,9129	1,458	1,908	1,916	-26,73	-18,23	-26,76	-17,89
30/09/2026 15:22:53	V0.04	16	HORARIO	20000	20	32,523	0,819	27,72	0,0792	0,025	0,9446	0,9482	2,298	0,756	1,122	-26,81	-19,42	-26,39	-18,13
30/09/2026 15:23:00	V0.04	16	ANTIHORARIO	20000	1	32,518	0,869	28,303	0,0869	0,0349	0,9228	0,9275	3,228	5,416	10,54	-26,44	-17,13	-26,36	-16,45
30/09/2026 15:23:02	V0.04	16	ANTIHORARIO	20000	2	32,537	0,733	24,316	0,0455	0,051	0,9238	0,9264	2,504	0,305	1,351	-26,63	-18,95	-26,44	-19,18
30/09/2026 15:23:04	V0.04	16	ANTIHORARIO	20000	3	32,53	0,787	25,677	0,0099	0,0469	0,9684	0,9696	2,107	0,038	1,794	-26,45	-17,99	-26,52	-19,38
30/09/2026 15:23:06	V0.04	16	ANTIHORARIO	20000	4	32,516	0,845	27,72	0,0364	0,0315	0,953	0,9542	2,458	1,13	0,443	-26,8	-19,14	-26,8	-17,89
30/09/2026 15:23:08	V0.04	16	ANTIHORARIO	20000	5	32,527	0,796	26,455	0,0719	0,0165	0,933	0,9359	1,511	0,542	2,313	-26,39	-17,83	-25,99	-16,54
30/09/2026 15:23:10	V0.04	16	ANTIHORARIO	20000	6	32,529	0,788	26,65	0,0289	0,0291	0,9803	0,9812	1,969	1,969	1,969	-26,7	-19,14	-26,54	-19,07
30/09/2026 15:23:12	V0.04	16	ANTIHORARIO	20000	7	32,532	0,753	25,483	0,0674	0,0137	0,9585	0,961	1,962	0,878	1,031	-26,69	-19,34	-26,87	-19,42
30/09/2026 15:23:13	V0.04	16	ANTIHORARIO	20000	8	32,533	0,782	26,261	0,0229	0,0443	0,9884	0,9897	2,191	0,718	1,237	-26,62	-19,5	-26,6	-17,99
30/09/2026 15:23:16	V0.04	16	ANTIHORARIO	20000	9	32,52	0,853	28,206	0,0673	0,0055	0,8898	0,8923	2,122	0,611	1,206	-26,66	-18,55	-26,74	-18,66
30/09/2026 15:23:18	V0.04	16	ANTIHORARIO	20000	10	32,538	0,772	25,191	0	0	0	0	0	0	0	-26,85	-18,37	-26,8	-19,1
30/09/2026 15:23:20	V0.04	16	ANTIHORARIO	20000	11	32,538	0,744	24,802	0,0486	0,0094	0,9178	0,9192	2,557	0,481	0,198	-26,78	-19,46	-26,72	-19,3
30/09/2026 15:23:22	V0.04	16	ANTIHORARIO	20000	12	32,536	0,754	25,969	0,0112	0,0427	0,9668	0,9678	0,015	1,969	1,969	-26,86	-18,48	-26,46	-17,79
30/09/2026 15:23:24	V0.04	16	ANTIHORARIO	20000	13	32,538	0,763	25,872	0,0458	0,0364	0,9451	0,9469	2,473	0,985	1,214	-26,46	-18,06	-26,28	-17,57
30/09/2026 15:23:25	V0.04	16	ANTIHORARIO	20000	14	32,516	0,857	28,206	0,045	0,0078	0,9277	0,9289	2,206	0,832	1,366	-26,72	-19,74	-26,17	-17,76
30/09/2026 15:23:28	V0.04	16	ANTIHORARIO	20000	15	32,524	0,813	26,747	0,0006	0,0114	0,9202	0,9202	2,305	0,992	1,282	-26,8	-18,84	-26,62	-19,26
30/09/2026 15:23:30	V0.04	16	ANTIHORARIO	20000	16	32,535	0,784	25,677	0,1467	0,0118	0,9023	0,9143	1,954	0,763	0,435	-26,55	-19,42	-26,83	-19,42
30/09/2026 15:23:31	V0.04	16	ANTIHORARIO	20000	17	32,543	0,737	24,607	0,0352	0,0533	0,9202	0,9224	2	1,053	0,71	-26,38	-18,95	-26,44	-18,73
30/09/2026 15:23:33	V0.04	16	ANTIHORARIO	20000	18	32,55	0,738	24,996	0,0081	0,0272	0,9725	0,9729	1,252	1,74	1,779	-26,39	-18,66	-26,42	-19,42
30/09/2026 15:23:35	V0.04	16	ANTIHORARIO	20000	19	32,54	0,783	26,261	0,0366	0,0344	0,9398	0,9412	2,519	1,466	0,817	-26,82	-18,66	-26,56	-19,38
30/09/2026 15:23:37	V0.04	16	ANTIHORARIO	20000	20	32,523	0,843	27,331	0,1045	0	0,8792	0,8853	1,969	1,969	1,969	-26,87	-19,1	-26,48	-19,5
30/09/2026 15:26:32	V0.04	17	HORARIO	15000	1	32,465	0,885	28,984	0,2273	0,2252	0,9845	1,0352	2,77	6,201	7,395	-20,52	-8,69	-20,85	-9,14
30/09/2026 15:26:34	V0.04	17	HORARIO	15000	2	32,461	0,849	28,595	0,1754	0,1886	0,5675	0,6232	2,481	0,893	1,137	-24,54	-14,63	-22,47	-14,36
30/09/2026 15:26:36	V0.04	17	HORARIO	15000	3	32,48	0,812	27,525	0,3562	0,0242	0,7863	0,8635	0,13	1,656	1,153	-23,39	-15,59	-23,3	-12,95
30/09/2026 15:26:37	V0.04	17	HORARIO	15000	4	32,468	0,862	29,179	0,0055	0,3383	1,3658	1,4071	1,962	0,977	2,962	-22,42	-13,68	-24,26	-15,67
30/09/2026 15:26:39	V0.04	17	HORARIO	15000	5	32,484	0,855	28,206	0,1139	0,3435	1,4015	1,4475	1,305	0,832	1,817	-21,25	-12,75	-24,45	-15,17
30/09/2026 15:26:41	V0.04	17	HORARIO	15000	6	32,494	0,82	27,136	0,4048	0,255	1,2953	1,3808	0,496	0,023	1	-23,51	-14,88	-23,9	-13,82
30/09/2026 15:26:43	V0.04	17	HORARIO	15000	7	32,498	0,791	27,039	0,1265	0,1609	0,7722	0,7989	2,962	0,344	0,458	-23,86	-15,93	-23,46	-13,91
30/09/2026 15:26:44	V0.04	17	HORARIO	15000	8	32,487	0,867	28,984	0,2023	0,0475	0,981	1,0027	2,359	0,344	1,985	-23,01	-13,1	-23,53	-15,39
30/09/2026 15:26:46	V0.04	17	HORARIO	15000	9	32,49	0,85	26,942	0	0	0	0	0	0	0	-23,03	-14,43	-24,51	-16,04
30/09/2026 15:26:49	V0.04	17	HORARIO	15000	10	32,5	0,822	26,261	0,0576	0,3353	1,3293	1,3722	1,542	0,435	1,382	-22,68	-13,62	-23,29	-14,01
30/09/2026 15:26:50	V0.04	17	HORARIO	15000	11	32,486	0,843	28,109	0,3506	0,0105	0,7932	0,8673	0,397	0,626	1,137	-22,59	-14,01	-22,83	-12,46
30/09/2026 15:26:52	V0.04	17	HORARIO	15000	12	32,484	0,881	28,109	0,118	0,2451	0,4896	0,5601	2,313	0,427	1,031	-22,66	-13,3	-24,03	-15,07
30/09/2026 15:26:53	V0.04	17	HORARIO	15000	13	32,51	0,81	27,039	0,0103	0,3434	1,3068	1,3512	2,267	1,122	1,458	-22,7	-13,7	-23,25	-14,86
30/09/2026 15:26:56	V0.04	17	HORARIO	15000	14	32,495	0,844	27,817	0,0924	0,3494	1,349	1,3966	1,107	0,687	2,206	-22,76	-13,1	-23,71	-13,51
30/09/2026 15:26:57	V0.04	17	HORARIO	15000	15	32,508	0,837	27,331	0,3218	0,0109	0,7622	0,8274	0,618	0,435	0,992	-23,24	-14,12	-23,94	-13,91
30/09/2026 15:26:59	V0.04	17	HORARIO	15000	16	32,5	0,825	27,233	0,135	0,3069	1,2267	1,2717	1,695	1,748	1,863	-22,96	-14,79	-24,71	-16,2
30/09/2026 15:27:01	V0.04	17	HORARIO	15000	17	32,5	0,844	28,206	0,0295	0,2281	0,5223	0,5708	2,565	0,046	0,29	-23,39	-14,38	-23,31	-13,68
30/09/2026 15:27:03	V0.04	17	HORARIO	15000	18	32,51	0,803	27,428	0,4318	0,1975	1,2186	1,3079	0,359	0,023	1,786	-23,34	-13,51	-23,33	-14,4
30/09/2026 15:27:04	V0.04	17	HORARIO	15000	19	32,507	0,829	26,844	0,1609	0,0001	0,986	0,999	2,519	0,985	1,55	-23,2	-14,03	-23,67	-14,36
30/09/2026 15:27:06	V0.04	17	HORARIO	15000	20	32,516	0,807	26,358	0,1487	0,1266	0,7694	0,7938	2,435	2,099	1,076	-23,46	-15,27	-23,98	-15,03
30/09/2026 15:27:13	V0.04	17	ANTIHORARIO	15000	1	32,497	0,828	27,331	0,2884	0,2077	1,0008	1,0621	4,745	7,313	11,562	-20,75	-9,11	-19,11	-8,21
30/09/2026 15:27:15	V0.04	17	ANTIHORARIO	15000	2	32,499	0,839	27,428	0,3494	0,1392	0,6698	0,7681	4,115	0,023	2,313	-24,38	-16,34	-20,39	-12,25
30/09/2026 15:27:17	V0.04	17	ANTIHORARIO	15000	3	32,509	0,798	26,844	0,1144	0,3606	1,464	1,5121	1,252	1,084	4,26	-24,16	-15,07	-19,55	-11,79
30/09/2026 15:27:18	V0.04	17	ANTIHORARIO	15000	4	32,488	0,845	27,623	0,5084	0,0525	0,8879	1,0245	2,71	1,229	0,023	-23,6	-15,17	-21,18	-13,18
30/09/2026 15:27:21	V0.04	17	ANTIHORARIO	15000	5	32,482	0,884	29,179	0,1332	0,3174	1,4408	1,4813	0,496	1,397	0,817	-25,05	-16,37	-20,21	-11,53
30/09/2026 15:27:22	V0.04	17	ANTIHORARIO	15000	6	32,486	0,88	28,984	0,2914	0,0642	0,7783	0,8336	0,344	0,359	2,733	-24,04	-14,12	-22,4	-14,61
30/09/2026 15:27:24	V0.04	17	ANTIHORARIO	15000	7	32,479	0,923	30,054	0,1212	0,3254	1,4436	1,4848	0,443	0,885	0,725	-24,96	-15,93	-22,48	-14,91
30/09/2026 15:27:25	V0.04	17	ANTIHORARIO	15000	8	32,491	0,903	29,081	0,0364	0,3783	1,3939	1,4448	1,832	0,237	0,687	-24,39	-16,15	-22,53	-13,56
30/09/2026 15:27:28	V0.04	17	ANTIHORARIO	15000	9	32,499	0,865	28,401	0,5054	0,1283	0,755	0,9175	2,427	0,374	1,336	-24,87	-15,24	-22,43	-13,99
30/09/2026 15:27:29	V0.04	17	ANTIHORARIO	15000	10	32,49	0,909	30,054	0,3142	0,0294	0,9973	1,0461	1,26	2,42	1,214	-24,62	-15,15	-21,82	-12,14
30/09/2026 15:27:31	V0.04	17	ANTIHORARIO	15000	11	32,49	0,895	29,081	0,2867	0,176	1,2351	1,2801	0,046	1,71	1,817	-25,09	-15,85	-21,76	-12,37
30/09/2026 15:27:32	V0.04	17	ANTIHORARIO	15000	12	32,499	0,857	29,081	0,5112	0,1188	0,7568	0,921	3,359	1,382	1,183	-25,09	-15,99	-21,5	-14,23
30/09/2026 15:27:35	V0.04	17	ANTIHORARIO	15000	13	32,505	0,876	27,914	0,3312	0,1744	1,1307	1,1911	2,519	0,061	0,023	-24,58	-15,44	-21,21	-11,74
30/09/2026 15:27:36	V0.04	17	ANTIHORARIO	15000	14	32,5	0,879	28,887	0,1447	0,2015	0,4299	0,4964	2,176	0,45	1,489	-24,87	-16,12	-21,85	-13,18
30/09/2026 15:27:40	V0.04	17	ANTIHORARIO	15000	15	32,507	0,861	28,79	0,1388	0,3065	1,3918	1,4319	1,695	1,389	1,122	-24,38	-14,56	-22,52	-13,51
30/09/2026 15:27:41	V0.04	17	ANTIHORARIO	15000	16	32,522	0,821	27,331	0,5411	0,0713	0,8754	1,0316	2,809	1,198	1,023	-24,72	-15,07	-21,99	-13,34
30/09/2026 15:27:42	V0.04	17	ANTIHORARIO	15000	17	32,514	0,853	28,595	0,4447	0,0776	1,0612	1,1532	3,153	1,168	0,046	-24,58	-15,7	-22,32	-13,28
30/09/2026 15:27:44	V0.04	17	ANTIHORARIO	15000	18	32,498	0,9	29,276	0,3129	0,0513	1,048	1,0949	1	2,206	1,084	-24,61	-15,62	-22,26	-13,6
30/09/2026 15:27:46	V0.04	17	ANTIHORARIO	15000	19	32,52	0,845	27,817	0,1917	0,2778	1,3751	1,4159	0,366	0,58	1,176	-24,55	-15,44	-22,21	-13,26
30/09/2026 15:27:48	V0.04	17	ANTIHORARIO	15000	20	32,525	0,798	25,775	0,5206	0,1133	0,7885	0,9516	2,656	1,405	0,901	-25,12	-15,91	-21,36	-11,99
30/09/2026 15:27:55	V0.04	17	HORARIO	20000	1	32,529	0,843	27,331	0,2282	0,2286	1,0136	1,0639	3,221	11,093	11,312	-20,55	-8,84	-20,92	-9,7
30/09/2026 15:27:56	V0.04	17	HORARIO	20000	2	32,532	0,842	27,914	0,1553	0,2303	0,4083	0,4939	1,71	2,198	0,191	-23,74	-14,7	-21,53	-13,3
30/09/2026 15:27:59	V0.04	17	HORARIO	20000	3	32,517	0,846	28,303	0,1605	0,3336	1,3031	1,3547	0,542	1,908	1,832	-24,36	-15,47	-22,49	-13,03
30/09/2026 15:28:00	V0.04	17	HORARIO	20000	4	32,529	0,82	28,109	0,4058	0,0157	0,0157	0,4064	1,969	1,969	1,969	-23,14	-14,88	-23	-13,72
30/09/2026 15:28:02	V0.04	17	HORARIO	20000	5	32,523	0,822	28,012	0	0	0	0	0	0	0	-21,66	-13,24	-24,72	-15,88
30/09/2026 15:28:04	V0.04	17	HORARIO	20000	6	32,539	0,802	27,233	0,0605	0,3418	1,3251	1,3698	1,565	0,931	2,389	-23,14	-14,72	-23,96	-14,16
30/09/2026 15:28:06	V0.04	17	HORARIO	20000	7	32,524	0,803	26,553	0,3145	0,0854	0,7192	0,7896	1,557	1,756	0,359	-23,29	-14,05	-23,72	-14,38
30/09/2026 15:28:08	V0.04	17	HORARIO	20000	8	32,524	0,835	27,914	0,0948	0,3307	1,2842	1,3295	2,053	0,885	1,802	-23,33	-14,77	-23,67	-13,8
30/09/2026 15:28:09	V0.04	17	HORARIO	20000	9	32,538	0,778	26,358	0,3229	0,2775	1,2844	1,3531	0,481	0,84	1,328	-23,37	-14,61	-23,55	-15,05
30/09/2026 15:28:11	V0.04	17	HORARIO	20000	10	32,53	0,779	26,747	0,1611	0,0751	0,8671	0,8851	3,107	0,237	1,13	-23,6	-15,59	-24,22	-14,88
30/09/2026 15:28:13	V0.04	17	HORARIO	20000	11	32,529	0,812	26,844	0,0137	0,2479	0,3572	0,435	2,947	0,55	0,893	-23,09	-15,07	-23,37	-13,36
30/09/2026 15:28:15	V0.04	17	HORARIO	20000	12	32,529	0,839	27,72	0,1133	0,2537	1,2833	1,3131	2,038	1,397	1,626	-23,94	-14,67	-24,22	-15,57
30/09/2026 15:28:17	V0.04	17	HORARIO	20000	13	32,54	0,801	25,483	0,1364	0,3213	1,3199	1,3653	2,366	1,71	1,344	-23,35	-14,61	-23,31	-13,97
30/09/2026 15:28:18	V0.04	17	HORARIO	20000	14	32,532	0,803	26,65	0,1653	0,1245	1,1932	1,211	2,588	0,962	1,718	-23,41	-13,88	-23,58	-14,74
30/09/2026 15:28:20	V0.04	17	HORARIO	20000	15	32,517	0,876	28,79	0,1711	0,3373	1,2908	1,345	1,069	0,634	1,756	-23,55	-14,93	-24,6	-16,2
30/09/2026 15:28:22	V0.04	17	HORARIO	20000	16	32,53	0,807	26,844	0,2627	0,1113	0,6517	0,7114	0,031	3,237	1,046	-23,73	-15,85	-23,81	-14,88
30/09/2026 15:28:24	V0.04	17	HORARIO	20000	17	32,539	0,776	26,553	0,1323	0,3375	1,3291	1,3777	2,023	0,771	1,26	-23,26	-13,53	-24,37	-14,63
30/09/2026 15:28:26	V0.04	17	HORARIO	20000	18	32,525	0,84	27,525	0,1857	0,0068	1,0073	1,0243	2,122	1,618	1,511	-23,07	-14,27	-24,52	-15,34
30/09/2026 15:28:28	V0.04	17	HORARIO	20000	19	32,54	0,839	27,136	0,1733	0,0245	0,9491	0,9651	3,618	1,565	1,038	-23,32	-14,98	-23,81	-15,27
30/09/2026 15:28:29	V0.04	17	HORARIO	20000	20	32,529	0,851	28,984	0,1936	0,3378	1,3099	1,3666	1,29	0,153	2,015	-22,42	-13,93	-24,15	-14,45
30/09/2026 15:28:37	V0.04	17	ANTIHORARIO	20000	1	32,526	0,822	27,72	0,2667	0,2239	1,015	1,073	4,017	6,913	12,312	-21,19	-10,4	-19,47	-8,33
30/09/2026 15:28:39	V0.04	17	ANTIHORARIO	20000	2	32,517	0,849	28,401	0,5228	0,0258	0,9484	1,0832	4,435	2,267	3,069	-25,39	-16,54	-20,26	-12,33
30/09/2026 15:28:40	V0.04	17	ANTIHORARIO	20000	3	32,513	0,83	28,498	0,4664	0,1288	0,7052	0,8552	3,115	1,397	2,992	-23,55	-14,88	-22,14	-12,42
30/09/2026 15:28:42	V0.04	17	ANTIHORARIO	20000	4	32,498	0,932	30,054	0,021	0,3676	1,3458	1,3953	0,733	2,351	1,328	-23,49	-14,08	-23,29	-14,56
30/09/2026 15:28:43	V0.04	17	ANTIHORARIO	20000	5	32,511	0,86	28,79	0,1602	0,2633	1,3646	1,399	1,603	2,771	1,565	-24,21	-15,59	-22,27	-14,38
30/09/2026 15:28:45	V0.04	17	ANTIHORARIO	20000	6	32,526	0,833	27,136	0,2679	0,0703	0,8124	0,8583	0,611	0,481	1,443	-24,45	-16,09	-21,98	-13,06
30/09/2026 15:28:47	V0.04	17	ANTIHORARIO	20000	7	32,511	0,89	28,692	0,5146	0,0643	0,8611	1,0052	3,435	1,435	0,244	-25,04	-15,49	-22,04	-13,76
30/09/2026 15:28:49	V0.04	17	ANTIHORARIO	20000	8	32,511	0,892	29,373	0,233	0,2549	1,2515	1,2982	2,015	1,634	0,565	-24,43	-14,67	-22,37	-13,05
30/09/2026 15:28:51	V0.04	17	ANTIHORARIO	20000	9	32,529	0,813	26,65	0,2362	0,2031	0,4371	0,5368	2,74	1,008	1,71	-25,3	-16,6	-22,21	-12,58
30/09/2026 15:28:53	V0.04	17	ANTIHORARIO	20000	10	32,496	0,912	30,249	0,267	0,1283	1,1819	1,2184	1,038	2,389	0,824	-24,67	-16,23	-21,65	-13,43
30/09/2026 15:28:54	V0.04	17	ANTIHORARIO	20000	11	32,512	0,886	29,373	0,1622	0,2766	1,364	1,4012	0,344	1,763	1,237	-24,83	-14,84	-21,85	-12,37
30/09/2026 15:28:56	V0.04	17	ANTIHORARIO	20000	12	32,535	0,809	26,553	0,5177	0,076	0,839	0,9888	2,74	1,656	1,069	-24,62	-15,59	-22,82	-13,26
30/09/2026 15:28:58	V0.04	17	ANTIHORARIO	20000	13	32,512	0,886	28,984	0,0814	0,2109	0,3878	0,4489	2,473	1,443	1,786	-24,9	-16,98	-21,88	-14,1
30/09/2026 15:29:00	V0.04	17	ANTIHORARIO	20000	14	32,528	0,869	28,79	0,3982	0,1764	0,5887	0,7323	3,107	1,015	0,473	-25,21	-16,74	-21,35	-12,75
30/09/2026 15:29:03	V0.04	17	ANTIHORARIO	20000	15	32,522	0,824	27,428	0,2976	0,0784	1,1068	1,1488	1,313	2,557	1,42	-25,33	-17,04	-21,5	-12,75
30/09/2026 15:29:05	V0.04	17	ANTIHORARIO	20000	16	32,533	0,81	27,039	0,1267	0,1792	0,4943	0,5408	1,557	0,237	1,603	-24	-15,52	-23,32	-15,72
30/09/2026 15:29:07	V0.04	17	ANTIHORARIO	20000	17	32,536	0,797	26,553	0,285	0,0522	0,8306	0,8797	0,206	1,313	1,947	-24,9	-16,31	-21,71	-13,88
30/09/2026 15:29:09	V0.04	17	ANTIHORARIO	20000	18	32,523	0,878	28,109	0,033	0,3773	1,3774	1,4286	2,198	0,16	0,527	-24,42	-15,52	-22,43	-13,64
30/09/2026 15:29:10	V0.04	17	ANTIHORARIO	20000	19	32,538	0,827	27,039	0,139	0,3141	1,406	1,4474	1,359	0,229	0,947	-24,81	-17,22	-21,28	-13,08
30/09/2026 15:29:12	V0.04	17	ANTIHORARIO	20000	20	32,532	0,846	28,303	0,4736	0,0458	1,0215	1,1269	2,733	0,344	0,237	-24,81	-15,59	-22,39	-12,51
30/09/2026 15:34:16	V0.04	18	HORARIO	15000	1	32,409	1,083	36,084	0,0474	0,0361	0,9118	0,9137	3,232	7,271	7,165	-25,19	-14,18	-25,48	-15,39
30/09/2026 15:34:18	V0.04	18	HORARIO	15000	2	32,437	0,989	31,708	0	0	0	0	0	0	0	-25,95	-18,44	-26,05	-17,41
30/09/2026 15:34:19	V0.04	18	HORARIO	15000	3	32,444	0,972	32,097	0,0083	0,0361	0,8749	0,8757	1,969	1,969	1,969	-25,45	-17,13	-25,65	-16,6
30/09/2026 15:34:22	V0.04	18	HORARIO	15000	4	32,441	1,034	34,042	0,0282	0,0258	0,9336	0,9344	1,481	0,359	2,702	-24,82	-16,07	-24,79	-16,54
30/09/2026 15:34:25	V0.04	18	HORARIO	15000	6	32,411	1,139	37,057	0,0229	0,0172	0,9332	0,9337	1,267	2,962	1,191	-26,3	-17,16	-25,96	-17,22
30/09/2026 15:34:27	V0.04	18	HORARIO	15000	7	32,446	1,015	32,583	0,0005	0,0388	0,9364	0,9372	1,29	2,611	1,389	-25,33	-16,74	-25,19	-16,07
30/09/2026 15:34:30	V0.04	18	HORARIO	15000	8	32,457	0,962	31,805	0,0078	0,0477	0,9348	0,9361	1,023	2,069	2,29	-26,12	-18,44	-26,19	-18,8
30/09/2026 15:34:32	V0.04	18	HORARIO	15000	9	32,459	0,996	32,68	0,0413	0,0172	0,9343	0,9354	1,084	2,931	1,168	-25,57	-16,89	-26	-17,73
30/09/2026 15:34:33	V0.04	18	HORARIO	15000	10	32,464	0,967	32,194	0,0062	0,0449	0,9369	0,938	2,458	2,015	1,573	-25,18	-16,68	-25,71	-16,95
30/09/2026 15:34:37	V0.04	18	HORARIO	15000	12	32,439	1,12	36,473	0,0454	0,0297	0,9358	0,9374	1,237	2,664	0,611	-26,27	-18,77	-26,23	-18,91
30/09/2026 15:34:39	V0.04	18	HORARIO	15000	13	32,469	0,973	32,875	0,0271	0,0173	0,9155	0,9161	2,221	0,344	1,679	-25,49	-15,96	-25,83	-17,41
30/09/2026 15:34:40	V0.04	18	HORARIO	15000	14	32,456	1,023	33,361	0,0184	0,0361	0,9485	0,9494	1,145	3,038	0,74	-26,21	-18,62	-26,34	-17,34
30/09/2026 15:34:42	V0.04	18	HORARIO	15000	15	32,463	1,04	33,847	0,0337	0,0031	0,9277	0,9284	1,443	1,969	1,969	-26,21	-17,5	-26,18	-17,47
30/09/2026 15:34:44	V0.04	18	HORARIO	15000	16	32,455	1,063	35,112	0,0709	0,011	0,9071	0,9099	2,748	3,542	1,679	-25,95	-18,3	-26,68	-19,1
30/09/2026 15:34:49	V0.04	18	HORARIO	15000	5	32,433	1,059	35,793	0,0353	0,0059	0,913	0,9137	1,359	1,237	0,802	-25,3	-15,72	-25,52	-17,34
30/09/2026 15:34:51	V0.04	18	HORARIO	15000	20	32,49	0,941	30,735	0,0413	0,0094	0,9135	0,9144	2,137	0,29	1,893	-26,29	-18,23	-26,05	-17,86
30/09/2026 15:34:58	V0.04	18	ANTIHORARIO	15000	1	32,482	0,92	30,638	0,0732	0,0289	0,9252	0,9285	2,783	5,708	10,561	-25,49	-14,61	-25,38	-14,47
30/09/2026 15:35:00	V0.04	18	ANTIHORARIO	15000	2	32,46	1,008	33,458	0,083	0,0134	0,9229	0,9267	1,969	1,969	1,969	-26,09	-18,34	-25,9	-17,5
30/09/2026 15:35:00	V0.04	18	HORARIO	15000	17	32,459	1,019	33,458	0,0526	0,0269	0,9473	0,9491	2,206	0,496	0,557	-25,89	-17,53	-26,29	-16,77
30/09/2026 15:35:02	V0.04	18	ANTIHORARIO	15000	3	32,471	0,997	33,458	0,0107	0,0088	0,9004	0,9005	0,962	2,313	0,71	-25,77	-17,69	-25,59	-16,92
30/09/2026 15:35:03	V0.04	18	ANTIHORARIO	15000	4	32,476	0,986	32,194	0,0527	0,0134	0,9203	0,9219	1,389	0,763	2,557	-26,25	-17,96	-25,78	-16,98
30/09/2026 15:35:05	V0.04	18	HORARIO	15000	19	32,443	1,107	35,89	0,0419	0,0033	0,901	0,902	1,405	2,382	0,962	-25,95	-16,45	-26,34	-18,34
30/09/2026 15:35:05	V0.04	18	ANTIHORARIO	15000	5	32,474	0,989	33,069	0,1077	0,0109	0,9274	0,9337	1,985	1,641	0,198	-25,63	-16,62	-25,39	-17,6
30/09/2026 15:35:07	V0.04	18	ANTIHORARIO	15000	6	32,463	1,007	33,264	0,02	0,0101	0,9365	0,9368	1,641	1,359	1,74	-25,78	-16,95	-25,27	-16,31
30/09/2026 15:35:09	V0.04	18	ANTIHORARIO	15000	7	32,485	0,992	32,388	0,0044	0,001	0,9092	0,9092	1,641	1,985	0,458	-26,12	-18,13	-26,05	-17,22
30/09/2026 15:35:11	V0.04	18	ANTIHORARIO	15000	8	32,472	1,004	33,361	0,0652	0,0032	0,9211	0,9235	1,702	0,954	1,427	-26,15	-17,53	-25,98	-17,16
30/09/2026 15:35:12	V0.04	18	HORARIO	15000	11	32,449	1,08	35,306	0,0001	0,0437	0,936	0,9371	2,13	1,267	0,649	-25,42	-17,04	-25,47	-16,86
30/09/2026 15:35:14	V0.04	18	ANTIHORARIO	15000	10	32,471	1,024	33,847	0,0146	0,038	0,9685	0,9694	1,947	1,145	0,687	-26,02	-17,86	-25,79	-17,31
30/09/2026 15:35:16	V0.04	18	ANTIHORARIO	15000	11	32,475	1,029	33,75	0,0243	0,0037	0,911	0,9113	1,29	1,802	1,275	-25,86	-17,31	-25,77	-15,54
30/09/2026 15:35:18	V0.04	18	ANTIHORARIO	15000	12	32,467	1,047	34,528	0,0115	0,0476	0,9758	0,9771	1,511	1,26	1,626	-25,92	-17,41	-25,41	-15,54
30/09/2026 15:35:20	V0.04	18	ANTIHORARIO	15000	13	32,486	0,963	31,999	0,0033	0,0367	0,9465	0,9473	1,481	1,229	0,45	-26,08	-18,34	-25,95	-17,44
30/09/2026 15:35:22	V0.04	18	ANTIHORARIO	15000	14	32,482	0,997	33,069	0,0503	0,0072	0,9313	0,9327	1,466	3,534	1,87	-26,08	-17,5	-25,78	-17,53
30/09/2026 15:35:22	V0.04	18	HORARIO	15000	18	32,432	1,131	36,862	0,036	0,0138	0,902	0,9028	1,718	3,382	0,855	-25,16	-15,59	-25,79	-17,93
30/09/2026 15:35:23	V0.04	18	ANTIHORARIO	15000	15	32,487	0,967	31,999	0,0309	0,0081	0,9099	0,9105	1,511	1,046	0,832	-25,55	-16,65	-25,34	-15
30/09/2026 15:35:25	V0.04	18	ANTIHORARIO	15000	16	32,491	0,944	30,929	0,1029	0,0096	0,9176	0,9234	2,55	1,038	0,565	-25,86	-18,09	-25,54	-14,95
30/09/2026 15:35:27	V0.04	18	ANTIHORARIO	15000	9	32,467	1,026	33,945	0,0099	0,0437	0,9756	0,9766	2,321	2,336	0,779	-24,94	-15,75	-24,83	-15,49
30/09/2026 15:35:29	V0.04	18	ANTIHORARIO	15000	18	32,472	1,036	34,236	0,0238	0,0465	0,9785	0,9799	1,557	0,931	1,733	-25,5	-16,92	-25,21	-16,92
30/09/2026 15:35:31	V0.04	18	ANTIHORARIO	15000	19	32,472	1,013	33,361	0,0146	0,0614	0,9745	0,9765	1,298	0,931	0,725	-25,78	-17,57	-25,86	-17,53
30/09/2026 15:35:33	V0.04	18	ANTIHORARIO	15000	20	32,498	0,974	32,486	0,0253	0,0444	0,9675	0,9689	1,42	0,786	1,137	-26,21	-17,16	-25,65	-16,95
30/09/2026 15:35:39	V0.04	18	HORARIO	20000	1	32,501	0,932	31,319	0,0598	0,033	0,9261	0,9286	3,004	5,518	7,346	-25,53	-14,38	-25,66	-14,25
30/09/2026 15:35:42	V0.04	18	HORARIO	20000	2	32,503	0,965	32,291	0,0245	0,0188	0,9309	0,9314	2,496	0,206	1,481	-26,34	-18,62	-26,35	-17,96
30/09/2026 15:35:44	V0.04	18	HORARIO	20000	3	32,483	1,044	34,917	0,0126	0,0297	0,9402	0,9407	2,282	2,031	3,351	-24,24	-17,28	-23,66	-16,43
30/09/2026 15:35:45	V0.04	18	HORARIO	20000	4	32,51	0,945	31,902	0,0067	0,0488	0,9376	0,9389	1,756	0,687	0,466	-25,9	-17,66	-26,35	-19,1
30/09/2026 15:35:47	V0.04	18	HORARIO	20000	5	32,501	0,972	32,68	0	0	0	0	0	0	0	-25,78	-16,89	-26,28	-17,63
30/09/2026 15:35:49	V0.04	18	HORARIO	20000	6	32,467	1,114	36,96	0,1135	0,0107	0,9021	0,9093	2,107	0,84	0,756	-26,24	-17,47	-26,13	-18,2
30/09/2026 15:35:50	V0.04	18	HORARIO	20000	7	32,515	0,952	30,54	0,0089	0,0469	0,941	0,9422	1,282	0,534	1,038	-25,9	-16,2	-26,04	-16,86
30/09/2026 15:35:54	V0.04	18	HORARIO	20000	8	32,474	1,062	33,75	0	0	0	0	0	0	0	-25,92	-18,27	-26,41	-18,27
30/09/2026 15:35:55	V0.04	18	HORARIO	20000	9	32,509	0,957	32,583	0,0198	0,032	0,9268	0,9275	2,229	1,504	1,076	-25,7	-17,34	-25,91	-17,79
30/09/2026 15:35:55	V0.04	18	ANTIHORARIO	15000	17	32,473	1,047	34,236	0,0162	0,0322	0,9727	0,9733	2,198	3,183	1,191	-26,04	-17,99	-25,83	-18,13
30/09/2026 15:35:56	V0.04	18	HORARIO	20000	10	32,465	1,11	35,793	0,0605	0,0106	0,9211	0,9232	1,809	1,305	0,748	-26,18	-17,66	-26,04	-16,51
30/09/2026 15:35:58	V0.04	18	HORARIO	20000	11	32,511	0,95	31,708	0,0115	0,0394	0,9399	0,9408	1,298	0,786	1,244	-26,14	-18,84	-25,94	-17,83
30/09/2026 15:35:59	V0.04	18	HORARIO	20000	12	32,507	0,989	32,972	0,0441	0,0194	0,9315	0,9328	2,534	0,992	0,542	-26,08	-17,19	-26,12	-17,89
30/09/2026 15:36:01	V0.04	18	HORARIO	20000	13	32,475	1,081	35,306	0,0684	0,0027	0,9171	0,9197	2,87	2,733	0,763	-25,3	-16,89	-25,63	-17,13
30/09/2026 15:36:03	V0.04	18	HORARIO	20000	14	32,519	0,931	31,319	0,0621	0,0024	0,9169	0,919	1,985	0,725	1,824	-25,41	-17,34	-25,92	-18,8
30/09/2026 15:36:04	V0.04	18	HORARIO	20000	15	32,502	1,017	33,361	0,0109	0,0446	0,9348	0,9359	1,328	0,183	0,405	-26,2	-18,03	-26,04	-18,48
30/09/2026 15:36:06	V0.04	18	HORARIO	20000	16	32,492	1,056	34,723	0,0226	0,0055	0,9149	0,9152	2,504	0,183	1,344	-25,76	-16,83	-25,62	-17,28
30/09/2026 15:36:09	V0.04	18	HORARIO	20000	17	32,492	1,013	33,264	0,0831	0,0109	0,913	0,9168	1,802	0,405	1,603	-26,33	-18,48	-26,51	-19,26
30/09/2026 15:36:10	V0.04	18	HORARIO	20000	18	32,519	0,963	32,583	0	0	0	0	0	0	0	-26,08	-17,83	-26,2	-17,83
30/09/2026 15:36:12	V0.04	18	HORARIO	20000	19	32,493	1,031	34,236	0,0029	0,0532	0,9438	0,9454	2,023	0,145	0,626	-25,81	-17,01	-26,19	-17,96
30/09/2026 15:36:14	V0.04	18	HORARIO	20000	20	32,513	1,001	32,388	0,0088	0,0449	0,9349	0,9361	2,779	2,321	1,061	-24,75	-15,49	-25,41	-17,31
30/09/2026 15:36:21	V0.04	18	ANTIHORARIO	20000	1	32,489	0,992	33,847	0,0675	0,0257	0,9257	0,9285	2,455	4,44	8,717	-25,2	-14,77	-25,15	-14,52
30/09/2026 15:36:22	V0.04	18	ANTIHORARIO	20000	2	32,485	1,008	32,68	0,0712	0,0049	0,9272	0,93	3,153	1,42	0,099	-25,23	-16,48	-25,1	-16,2
30/09/2026 15:36:24	V0.04	18	ANTIHORARIO	20000	3	32,508	0,93	31,124	0,0576	0,0009	0,9259	0,9277	1,626	2,023	0,015	-26,27	-18,2	-25,69	-16,34
30/09/2026 15:36:27	V0.04	18	ANTIHORARIO	20000	4	32,494	1,018	33,653	0	0	0	0	0	0	0	-25,5	-16,86	-25,84	-16,6
30/09/2026 15:36:28	V0.04	18	ANTIHORARIO	20000	5	32,477	1,037	34,431	0,0321	0,0055	0,9204	0,921	1,382	0,557	0,824	-25,67	-18,06	-25,7	-17,04
30/09/2026 15:36:30	V0.04	18	ANTIHORARIO	20000	6	32,498	0,984	33,264	0,0165	0,0039	0,9204	0,9206	2,229	0,412	0,84	-26,11	-19,14	-26,08	-17,1
30/09/2026 15:36:32	V0.04	18	ANTIHORARIO	20000	7	32,503	0,985	32,388	0,0031	0,0492	0,9554	0,9567	2,954	3,443	0,786	-25,75	-17,5	-25	-16,74
30/09/2026 15:36:34	V0.04	18	ANTIHORARIO	20000	8	32,492	1,024	33,361	0,0721	0,022	0,9196	0,9226	2,191	1,84	1,443	-25,58	-17,57	-25,57	-16,8
30/09/2026 15:36:36	V0.04	18	ANTIHORARIO	20000	9	32,508	0,968	32,486	0,0294	0,0414	0,9342	0,9356	0,015	1,969	1,969	-25,12	-16,4	-25,47	-16,07
30/09/2026 15:36:37	V0.04	18	ANTIHORARIO	20000	10	32,496	1,023	33,75	0,0087	0,0061	0,915	0,9151	2,267	1,542	0,939	-25,81	-18,09	-25,05	-14,52
30/09/2026 15:36:40	V0.04	18	ANTIHORARIO	20000	11	32,495	1,027	33,458	0,1184	0,0028	0,9054	0,9131	2,71	2,588	1,023	-25,85	-18,03	-26,01	-18,06
30/09/2026 15:36:41	V0.04	18	ANTIHORARIO	20000	12	32,511	0,938	31,319	0,0302	0,0133	0,9164	0,917	1,542	0,954	0,641	-25,23	-16,2	-25,36	-16,74
30/09/2026 15:36:43	V0.04	18	ANTIHORARIO	20000	13	32,504	0,979	32,875	0,0983	0,0084	0,9142	0,9195	2,137	1,328	0,908	-26,15	-17,96	-26,01	-17,28
30/09/2026 15:36:45	V0.04	18	ANTIHORARIO	20000	14	32,51	0,954	31,805	0,0975	0,0043	0,9269	0,932	1,962	1,588	1,412	-25,96	-17,89	-25,88	-18,27
30/09/2026 15:36:46	V0.04	18	ANTIHORARIO	20000	15	32,492	1,025	33,945	0,0745	0,0129	0,9043	0,9074	1,641	2,092	1,71	-25,88	-17,89	-25,67	-16,89
30/09/2026 15:36:48	V0.04	18	ANTIHORARIO	20000	16	32,511	0,956	30,929	0,0004	0,0267	0,9296	0,9299	1,763	1,374	0,84	-26,08	-18,03	-25,29	-15,7
30/09/2026 15:36:50	V0.04	18	ANTIHORARIO	20000	17	32,515	0,942	31,902	0,0642	0,0101	0,9076	0,9099	1,763	0,588	1,13	-25,83	-17,6	-25,34	-17,28
30/09/2026 15:36:51	V0.04	18	ANTIHORARIO	20000	18	32,499	1,01	33,945	0,0334	0,0332	0,9292	0,9304	1,527	0,244	1,672	-26,07	-18,48	-25,94	-17,63
30/09/2026 15:36:54	V0.04	18	ANTIHORARIO	20000	19	32,504	0,979	32,291	0,0195	0,0432	0,9395	0,9406	1,733	0,985	0,794	-26,08	-17,1	-25,61	-16,15
30/09/2026 15:37:02	V0.04	18	ANTIHORARIO	20000	20	32,499	1,004	33,166	0,0048	0,0353	0,9575	0,9582	2,344	2,435	1,023	-26,48	-17,86	-26,11	-17,96
30/09/2026 16:07:32	V0.04	19	HORARIO	15000	1	32,44	0,935	29,86	0,0787	0,0301	0,9274	0,9312	3,14	8,172	8,261	-25,74	-15,22	-25,42	-14,18
30/09/2026 16:07:34	V0.04	19	HORARIO	15000	2	32,447	0,867	28,498	0,0906	0,0432	0,9753	0,9805	2,931	6,427	3,802	-25,37	-17,28	-25,51	-16,98
30/09/2026 16:07:36	V0.04	19	HORARIO	15000	3	32,443	0,881	29,957	0,1621	0,0095	0,9274	0,9415	0,015	1,969	1,969	-26,31	-19,66	-25,85	-15,99
30/09/2026 16:07:38	V0.04	19	HORARIO	15000	4	32,441	0,955	31,513	0,0524	0,0496	0,9707	0,9734	2,412	0,947	0,298	-26,49	-18,58	-25,83	-17,96
30/09/2026 16:07:39	V0.04	19	HORARIO	15000	5	32,477	0,794	27,233	0,0044	0,0112	0,9236	0,9237	1,557	0,672	1,733	-26,28	-18,23	-25,74	-17,37
30/09/2026 16:07:41	V0.04	19	HORARIO	15000	6	32,463	0,898	28,887	0,0045	0,0021	0,9186	0,9186	1,649	1,137	1,756	-21,45	-14,84	-20,27	-13,16
30/09/2026 16:07:43	V0.04	19	HORARIO	15000	7	32,458	0,917	30,443	0,0778	0,0402	0,9739	0,9778	1,855	1,023	0,252	-26,16	-18,27	-26,2	-18,03
30/09/2026 16:07:45	V0.04	19	HORARIO	15000	8	32,464	0,882	30,249	0,015	0,0442	0,9691	0,9702	2,496	0,015	1,969	-26,36	-17,41	-25,53	-16,62
30/09/2026 16:07:48	V0.04	19	HORARIO	15000	10	32,463	0,931	29,957	0,0201	0,0015	0,9417	0,9419	1,756	0,351	0,809	-26,16	-18,3	-25,89	-17,73
30/09/2026 16:07:51	V0.04	19	HORARIO	15000	11	32,476	0,876	28,887	0,1205	0,0073	0,9154	0,9233	2,153	0,023	0,931	-26,24	-18,3	-26,06	-16,04
30/09/2026 16:07:52	V0.04	19	HORARIO	15000	12	32,481	0,826	27,136	0,0314	0,0193	0,9622	0,9629	1,359	1,397	2,183	-26,32	-17,63	-25,62	-16,92
30/09/2026 16:07:54	V0.04	19	HORARIO	15000	13	32,475	0,868	29,276	0,0917	0,0066	0,8831	0,8878	2,084	0,939	1,298	-26,61	-19,3	-25,73	-15,75
30/09/2026 16:07:54	V0.04	19	HORARIO	15000	9	32,465	0,903	29,665	0,1063	0,0026	0,9084	0,9147	2,076	1,481	1,252	-26,48	-19,07	-25,95	-15,47
30/09/2026 16:07:56	V0.04	19	HORARIO	15000	14	32,479	0,901	28,79	0,0624	0,0491	1,0032	1,0063	2,641	1,42	0,206	-26,62	-19,22	-25,94	-16,04
30/09/2026 16:07:57	V0.04	19	HORARIO	15000	15	32,487	0,84	27,428	0,1062	0,024	0,9099	0,9164	1,87	0,595	1,504	-26,2	-17,6	-25,81	-17,28
30/09/2026 16:07:59	V0.04	19	HORARIO	15000	16	32,47	0,889	28,79	0,0935	0,0499	0,9897	0,9954	1,794	0,55	0,908	-26,46	-18,8	-26,21	-17,73
30/09/2026 16:08:01	V0.04	19	HORARIO	15000	17	32,486	0,886	28,887	0,0531	0,057	0,9932	0,9962	1,435	1,076	0,527	-26,35	-18,88	-25,86	-17,63
30/09/2026 16:08:03	V0.04	19	HORARIO	15000	18	32,49	0,844	28,401	0,126	0,0095	0,9009	0,9097	1,885	0,237	1,336	-26,05	-18,03	-25,2	-15,15
30/09/2026 16:08:06	V0.04	19	HORARIO	15000	19	32,485	0,907	29,471	0,025	0,0603	0,9874	0,9896	1,542	0,45	0,954	-26,25	-18,16	-25,22	-14,95
30/09/2026 16:08:08	V0.04	19	HORARIO	15000	20	32,472	0,944	31,416	0,0006	0,0055	0,9247	0,9247	2,519	1,336	1,252	-25,94	-16,95	-25,99	-17,76
30/09/2026 16:08:13	V0.04	19	ANTIHORARIO	15000	1	32,469	0,91	29,665	0,0815	0,0344	0,9317	0,9359	3,073	4,685	13,328	-26,1	-15,78	-25,66	-15,47
30/09/2026 16:08:15	V0.04	19	ANTIHORARIO	15000	2	32,489	0,839	27,623	0,0609	0,0564	0,9476	0,9513	1,939	0,122	5,275	-26,29	-18,73	-25,82	-17,41
30/09/2026 16:08:17	V0.04	19	ANTIHORARIO	15000	3	32,481	0,889	29,471	0,0378	0,0466	0,9448	0,9467	3,038	0,023	0,847	-26,14	-18,27	-26,06	-17,69
30/09/2026 16:08:18	V0.04	19	ANTIHORARIO	15000	4	32,458	0,963	31,61	0,0679	0,0364	0,9213	0,9245	2,153	1,908	2,641	-25,91	-17,22	-25,44	-16,18
30/09/2026 16:08:20	V0.04	19	ANTIHORARIO	15000	5	32,48	0,896	28,595	0,0533	0,0347	0,9163	0,9185	2,336	1,649	1,084	-26,27	-17,28	-25,83	-17,47
30/09/2026 16:08:22	V0.04	19	ANTIHORARIO	15000	6	32,459	0,957	32,097	0,1255	0,007	0,8872	0,8961	1,252	2,29	0,534	-26,41	-18,84	-25,77	-17,25
30/09/2026 16:08:24	V0.04	19	ANTIHORARIO	15000	7	32,47	0,929	30,443	0,0098	0,0728	0,9895	0,9922	1,069	0,412	1,763	-25,48	-17,1	-24,79	-16,74
30/09/2026 16:08:25	V0.04	19	ANTIHORARIO	15000	8	32,491	0,843	27,817	0,1312	0,0317	0,8729	0,8833	2,885	0,985	0,053	-26,51	-18,55	-25,7	-17,73
30/09/2026 16:08:27	V0.04	19	ANTIHORARIO	15000	9	32,481	0,925	30,346	0,1349	0,0388	0,8989	0,9098	2,908	1,16	2,038	-26,57	-17,19	-26,02	-17,07
30/09/2026 16:08:30	V0.04	19	ANTIHORARIO	15000	10	32,487	0,884	29,471	0,1025	0,0192	0,8845	0,8907	0,802	1,74	1,824	-26,61	-19,3	-25,31	-16,71
30/09/2026 16:08:32	V0.04	19	ANTIHORARIO	15000	11	32,496	0,852	28,303	0,0291	0,0361	0,9144	0,9156	1,458	0,656	0,321	-26,85	-18,27	-25,8	-17,31
30/09/2026 16:08:33	V0.04	19	ANTIHORARIO	15000	12	32,492	0,906	29,86	0,0215	0,0712	1	1,0028	3,015	2,168	1,557	-25,55	-17,13	-25,7	-16,83
30/09/2026 16:08:35	V0.04	19	ANTIHORARIO	15000	13	32,48	0,962	31,513	0,0187	0,094	1,0201	1,0246	0,84	0,924	1,931	-26,45	-17,89	-25,6	-17,22
30/09/2026 16:08:37	V0.04	19	ANTIHORARIO	15000	14	32,501	0,878	29,568	0,175	0,0424	0,8826	0,9008	1,634	0,87	0,038	-26,42	-18,66	-25,66	-17,57
30/09/2026 16:08:38	V0.04	19	ANTIHORARIO	15000	15	32,472	0,964	31,319	0	0	0	0	0	0	0	-26,39	-18,23	-25,82	-17,07
30/09/2026 16:08:41	V0.04	19	ANTIHORARIO	15000	16	32,497	0,893	29,471	0,1621	0,0507	0,8833	0,8995	1,229	0,679	1,565	-26,35	-18,66	-25,51	-16,83
30/09/2026 16:08:41	V0.04	19	ANTIHORARIO	15000	17	32,505	0,877	29,665	0,1614	0,041	0,9084	0,9236	1,542	0,153	0,481	-26,49	-18,88	-25,52	-16,83
30/09/2026 16:08:43	V0.04	19	ANTIHORARIO	15000	18	32,469	1,012	33,458	0,0242	0,0796	0,9988	1,0022	1,076	2,931	1,221	-26,32	-18,48	-25,9	-18,37
30/09/2026 16:08:45	V0.04	19	ANTIHORARIO	15000	19	32,494	0,902	30,054	0,1052	0,0201	0,8839	0,8904	2,122	1,038	0,191	-26,25	-18,88	-25,35	-17,01
30/09/2026 16:08:47	V0.04	19	ANTIHORARIO	15000	20	32,492	0,897	29,276	0,1396	0,0231	0,9066	0,9176	1,565	0,168	0,046	-26,57	-17,96	-26,1	-17,1
30/09/2026 16:08:54	V0.04	19	HORARIO	20000	1	32,5	0,871	29,471	0,0747	0,033	0,9291	0,9327	3,183	5,757	10,247	-25,99	-15,29	-25,66	-14,81
30/09/2026 16:08:56	V0.04	19	HORARIO	20000	2	32,52	0,817	26,65	0,0045	0,0215	0,9531	0,9534	3,084	2,87	0,115	-26,39	-18,03	-26,29	-18,03
30/09/2026 16:08:57	V0.04	19	HORARIO	20000	3	32,5	0,903	29,276	0,0864	0,0149	0,8936	0,8978	2,214	1,962	3,023	-26,34	-18,51	-26,27	-18,58
30/09/2026 16:08:59	V0.04	19	HORARIO	20000	4	32,526	0,805	27,136	0,0238	0,0226	0,9236	0,9242	1,328	2,252	0,893	-26,39	-19,22	-26,14	-16,57
30/09/2026 16:09:01	V0.04	19	HORARIO	20000	5	32,524	0,796	26,553	0,0387	0,0109	0,8966	0,8975	2,786	0,382	0,504	-26,42	-18,62	-25,91	-16,77
30/09/2026 16:09:03	V0.04	19	HORARIO	20000	6	32,511	0,87	27,233	0,0721	0,0638	1,0194	1,024	1,656	0,031	1,298	-26,45	-18,51	-26,31	-18,13
30/09/2026 16:09:05	V0.04	19	HORARIO	20000	7	32,489	0,935	31,027	0,0675	0,0415	1,0076	1,0107	2,542	1,916	0,282	-26,33	-17,83	-25,58	-16,48
30/09/2026 16:09:06	V0.04	19	HORARIO	20000	8	32,529	0,839	28,887	0,0807	0,0082	0,882	0,8857	1,664	3,191	2,031	-26,2	-17,66	-25,68	-16,12
30/09/2026 16:09:08	V0.04	19	HORARIO	20000	9	32,514	0,89	30,151	0,0844	0,0055	0,8992	0,9031	1,634	0,084	0,947	-26,3	-16,92	-26,15	-17,6
30/09/2026 16:09:10	V0.04	19	HORARIO	20000	10	32,519	0,907	29,568	0	0	0	0	0	0	0	-26,26	-17,79	-25,47	-16,48
30/09/2026 16:09:12	V0.04	19	HORARIO	20000	11	32,509	0,878	28,79	0,0164	0,0101	0,952	0,9522	1,344	0,397	0,786	-25,96	-17,76	-25,46	-17,34
30/09/2026 16:09:13	V0.04	19	HORARIO	20000	12	32,542	0,797	27,331	0,0897	0,0399	0,9966	1,0014	2,092	0,45	1,656	-25,42	-17,96	-25,99	-16,37
30/09/2026 16:09:16	V0.04	19	HORARIO	20000	13	32,504	0,908	30,443	0,1014	0,052	1,0052	1,0117	1,756	1,397	0,626	-26,44	-17,86	-25,87	-18,03
30/09/2026 16:09:20	V0.04	19	HORARIO	20000	15	32,514	0,897	29,957	0,0258	0,0535	1,0167	1,0185	2,336	1,183	1,008	-25,98	-17,86	-26,26	-17,96
30/09/2026 16:09:21	V0.04	19	HORARIO	20000	16	32,493	0,975	31,805	0,0134	0,0042	0,9225	0,9226	1,824	0,802	1	-25,85	-17,63	-25,91	-16,68
30/09/2026 16:09:21	V0.04	19	HORARIO	20000	14	32,531	0,817	26,261	0,1453	0,0142	0,9155	0,9271	1,74	1,718	0,664	-26,38	-17,89	-26,06	-17,83
30/09/2026 16:09:23	V0.04	19	HORARIO	20000	17	32,542	0,825	28,401	0,1119	0,0138	0,8899	0,897	2,939	1,397	1,015	-25,26	-16,4	-25,23	-14,47
30/09/2026 16:09:24	V0.04	19	HORARIO	20000	18	32,539	0,824	27,039	0,0184	0,0066	0,8949	0,8951	0,015	1,969	1,969	-25,86	-16,95	-25,98	-16,2
30/09/2026 16:09:26	V0.04	19	HORARIO	20000	19	32,523	0,895	29,081	0,0251	0,0001	0,0157	0,0297	1,969	1,969	1,969	-26,52	-18,23	-26,16	-17,1
30/09/2026 16:09:28	V0.04	19	HORARIO	20000	20	32,539	0,825	28,012	0,1312	0,0112	0,8882	0,8979	2,031	0,55	1,084	-26,16	-18,88	-25,96	-15,29
30/09/2026 16:09:35	V0.04	19	ANTIHORARIO	20000	1	32,511	0,87	28,887	0,0889	0,0326	0,9342	0,939	3,377	4,6	10,74	-25,79	-15,17	-25,28	-14,77
30/09/2026 16:09:37	V0.04	19	ANTIHORARIO	20000	2	32,519	0,797	26,358	0,0042	0,0096	0,9073	0,9074	2,74	0,618	1,641	-26,33	-18,66	-25,85	-16,89
30/09/2026 16:09:39	V0.04	19	ANTIHORARIO	20000	3	32,511	0,891	29,762	0,1058	0,0192	0,9011	0,9075	1,595	0,282	2,756	-26,2	-17,6	-25,14	-16,98
30/09/2026 16:09:40	V0.04	19	ANTIHORARIO	20000	4	32,5	0,895	30,054	0,0511	0,0402	1,0374	1,0394	1,656	0,405	3,061	-26,12	-18,62	-25,8	-17,69
30/09/2026 16:09:45	V0.04	19	ANTIHORARIO	20000	5	32,509	0,887	28,401	0,0229	0,0543	0,9703	0,9721	2,244	0,427	0,763	-26,09	-17,69	-25,78	-17,16
30/09/2026 16:09:45	V0.04	19	ANTIHORARIO	20000	6	32,508	0,89	29,665	0,011	0,0132	0,9207	0,9208	1,611	1,489	2,031	-26,57	-19,78	-25,94	-18,34
30/09/2026 16:09:46	V0.04	19	ANTIHORARIO	20000	7	32,5	0,893	29,373	0,1553	0,0339	0,8525	0,8672	0,939	0,847	1,664	-26,09	-17,57	-25,75	-16,51
30/09/2026 16:09:48	V0.04	19	ANTIHORARIO	20000	8	32,509	0,874	28,401	0,0032	0,0433	0,9395	0,9405	3,023	0,221	0,405	-25,92	-17,25	-25,26	-16,98
30/09/2026 16:09:50	V0.04	19	ANTIHORARIO	20000	9	32,508	0,88	28,109	0,0328	0,012	0,882	0,8827	2,618	0,198	0,16	-26,51	-18,34	-25,76	-17,83
30/09/2026 16:09:51	V0.04	19	ANTIHORARIO	20000	10	32,494	0,987	33,166	0,1163	0,0016	0,8969	0,9044	1,611	2,771	1,26	-25,46	-17,5	-24,87	-17,07
30/09/2026 16:09:53	V0.04	19	ANTIHORARIO	20000	11	32,508	0,913	30,151	0,1371	0,0234	0,925	0,9354	1,969	1,443	1,389	-25,88	-17,34	-25,61	-16,45
30/09/2026 16:09:55	V0.04	19	ANTIHORARIO	20000	12	32,522	0,864	28,109	0,0417	0,0127	0,9147	0,9157	1,527	0,664	0,214	-26,34	-17,13	-25,5	-15,24
30/09/2026 16:09:57	V0.04	19	ANTIHORARIO	20000	13	32,49	1,004	33,361	0,0269	0,05	0,9644	0,966	2,534	0,908	2,015	-26,35	-18,37	-25,83	-17,57
30/09/2026 16:09:59	V0.04	19	ANTIHORARIO	20000	14	32,506	0,929	31,513	0,069	0,0481	1,0406	1,044	0,74	1,015	1,496	-26,49	-18,84	-25,57	-17,01
30/09/2026 16:10:01	V0.04	19	ANTIHORARIO	20000	15	32,519	0,889	30,249	0,0013	0,0212	0,8965	0,8967	1,45	1,359	0,573	-25,88	-17,69	-25,57	-18,37
30/09/2026 16:10:03	V0.04	19	ANTIHORARIO	20000	16	32,519	0,913	30,443	0,0696	0,0145	0,9336	0,9363	1,29	0,649	0,344	-26,01	-17,86	-25,36	-17,13
30/09/2026 16:10:04	V0.04	19	ANTIHORARIO	20000	17	32,484	1,009	33,264	0,1581	0,0129	0,892	0,906	3,023	1,794	1,359	-25,9	-18,34	-25,62	-17,04
30/09/2026 16:10:06	V0.04	19	ANTIHORARIO	20000	18	32,508	0,923	30,54	0,1345	0,0143	0,8412	0,852	1,29	0,214	0,427	-26,2	-18,34	-25,55	-17,66
30/09/2026 16:10:08	V0.04	19	ANTIHORARIO	20000	19	32,501	0,937	31,416	0,0852	0,0114	0,9172	0,9213	1,969	0,298	1,916	-26,11	-17,76	-25,58	-17,37
30/09/2026 16:10:10	V0.04	19	ANTIHORARIO	20000	20	32,501	0,956	32,097	0,0435	0,0303	0,964	0,9654	2,29	0,618	1,725	-26,29	-18,3	-25,64	-17,76
30/09/2026 16:22:03	V0.04	20	HORARIO	15000	1	32,441	0,912	30,054	0,0926	0,05	0,9272	0,9332	2,027	6,53	10,479	-25,41	-14,63	-25,44	-14,38
30/09/2026 16:22:04	V0.04	20	HORARIO	15000	2	32,455	0,872	28,984	0	0	0	0	0	0	0	-26,63	-19,26	-25,47	-17,63
30/09/2026 16:22:06	V0.04	20	HORARIO	15000	3	32,451	0,9	30,443	0,0433	0,0748	0,9589	0,9628	2,137	0,557	0,16	-25,36	-17,53	-25,68	-17,41
30/09/2026 16:22:08	V0.04	20	HORARIO	15000	4	32,468	0,832	27,233	0,0107	0,0598	0,9512	0,9531	1,847	0,588	1,542	-26,5	-19,03	-25,64	-17,93
30/09/2026 16:22:09	V0.04	20	HORARIO	15000	5	32,443	0,96	31,61	0,0105	0,0725	0,9396	0,9424	1,511	0,244	2,244	-25,71	-18,62	-26,15	-18,06
30/09/2026 16:22:11	V0.04	20	HORARIO	15000	6	32,453	0,9	30,151	0,1428	0,015	0,8862	0,8978	2,344	0,321	1,061	-26,4	-18,37	-25,97	-18,37
30/09/2026 16:22:14	V0.04	20	HORARIO	15000	7	32,48	0,805	26,747	0,1406	0,0024	0,8859	0,897	1,626	0,534	0,084	-25,59	-17,01	-25,83	-18,16
30/09/2026 16:22:15	V0.04	20	HORARIO	15000	8	32,446	0,97	31,805	0,1038	0,0582	0,9398	0,9473	1,947	1,885	1,809	-26,07	-18,16	-25,51	-16,68
30/09/2026 16:22:17	V0.04	20	HORARIO	15000	9	32,482	0,83	27,428	0,0325	0,0082	0,9043	0,9049	1,863	0,397	0,458	-25,43	-17,41	-25,38	-16,98
30/09/2026 16:22:18	V0.04	20	HORARIO	15000	10	32,447	0,971	31,999	0,0287	0,0474	0,9551	0,9567	1,405	0,198	2,466	-26,37	-18,55	-26,12	-18,13
30/09/2026 16:22:20	V0.04	20	HORARIO	15000	11	32,48	0,844	27,817	0,0387	0,0829	0,9705	0,9748	1,389	0,58	0,855	-26,23	-18,23	-26,37	-18,84
30/09/2026 16:22:22	V0.04	20	HORARIO	15000	12	32,467	0,885	28,303	0,0062	0,0272	0,9457	0,9461	1,763	1,504	1,435	-26,12	-18,91	-26,22	-18,8
30/09/2026 16:22:25	V0.04	20	HORARIO	15000	13	32,48	0,871	29,373	0,0641	0,0653	0,9545	0,9588	1,878	0,29	0,87	-25,65	-17,25	-25,91	-17,83
30/09/2026 16:22:26	V0.04	20	HORARIO	15000	14	32,495	0,808	27,136	0,126	0,0245	0,8741	0,8835	2,573	0,489	0,214	-24,43	-16,6	-25,17	-16,31
30/09/2026 16:22:27	V0.04	20	HORARIO	15000	15	32,463	0,962	31,319	0,036	0,0773	0,9633	0,967	1,542	0,534	2,779	-25,89	-17,13	-25,64	-18,06
30/09/2026 16:22:29	V0.04	20	HORARIO	15000	16	32,49	0,827	27,914	0,0056	0,0714	0,9673	0,9699	1,573	0,725	0,435	-26,29	-18,58	-26,06	-17,13
30/09/2026 16:22:31	V0.04	20	HORARIO	15000	17	32,501	0,832	27,136	0,0225	0,0387	0,9537	0,9548	2,344	1,282	0,031	-25,95	-18,13	-26,57	-17,76
30/09/2026 16:22:33	V0.04	20	HORARIO	15000	18	32,463	0,982	32,291	0,0637	0,0649	0,9585	0,9628	2,397	2,573	1,573	-25,26	-15,91	-25,56	-17,44
30/09/2026 16:22:35	V0.04	20	HORARIO	15000	19	32,492	0,853	28,012	0,0464	0,0659	0,9596	0,963	0,878	2,74	0,611	-25,89	-18,13	-25,14	-17,47
30/09/2026 16:22:36	V0.04	20	HORARIO	15000	20	32,465	0,939	30,638	0,0057	0,0292	0,9329	0,9333	1,885	1,023	2,137	-25,6	-17,86	-26,41	-18,99
30/09/2026 16:22:43	V0.04	20	ANTIHORARIO	15000	1	32,486	0,846	27,914	0,0775	0,0458	0,9198	0,9242	4,322	9,878	10,498	-25,51	-13,58	-25,52	-15,05
30/09/2026 16:22:45	V0.04	20	ANTIHORARIO	15000	2	32,51	0,81	26,844	0,0935	0,0045	0,9033	0,9082	2,573	0,13	0,611	-25,85	-18,48	-25,74	-16,65
30/09/2026 16:22:47	V0.04	20	ANTIHORARIO	15000	3	32,5	0,841	27,525	0,1334	0,009	0,8943	0,9042	1,611	0,206	3,756	-25,77	-18,27	-25,94	-17,31
30/09/2026 16:22:49	V0.04	20	ANTIHORARIO	15000	4	32,51	0,769	25,677	0,0765	0,0138	0,8889	0,8923	2,252	1,061	1,099	-25,92	-17,93	-25,85	-17,76
30/09/2026 16:22:51	V0.04	20	ANTIHORARIO	15000	5	32,49	0,805	26,066	0,1036	0,0146	0,876	0,8822	1,58	0,351	1,794	-25,64	-17,93	-26,12	-17,86
30/09/2026 16:22:52	V0.04	20	ANTIHORARIO	15000	6	32,488	0,881	28,887	0,1044	0,0164	0,8628	0,8692	2,588	1,557	0,664	-25,64	-16,54	-25,89	-17,19
30/09/2026 16:22:55	V0.04	20	ANTIHORARIO	15000	7	32,49	0,906	30,249	0,1226	0,0135	0,8708	0,8795	2,061	1,603	1,336	-25,36	-16,62	-26,09	-17,79
30/09/2026 16:22:56	V0.04	20	ANTIHORARIO	15000	8	32,52	0,79	26,066	0,0327	0,0061	0,927	0,9276	1,847	0,931	1,183	-24,85	-16,48	-24,53	-15,7
30/09/2026 16:22:58	V0.04	20	ANTIHORARIO	15000	9	32,473	0,92	30,249	0	0	0	0	0	0	0	-25,55	-17,28	-25,05	-16,68
30/09/2026 16:22:59	V0.04	20	ANTIHORARIO	15000	10	32,477	0,923	30,54	0,0212	0,0271	0,8932	0,8939	2,214	2,924	1,672	-25,29	-17,13	-25,19	-17,63
30/09/2026 16:23:01	V0.04	20	ANTIHORARIO	15000	11	32,525	0,746	24,899	0,0106	0,0144	0,8927	0,8929	1,969	1,969	1,969	-25,51	-16,89	-26,08	-17,79
30/09/2026 16:23:04	V0.04	20	ANTIHORARIO	15000	12	32,498	0,864	28,595	0,0231	0,0623	0,9902	0,9925	2,275	1,84	0,489	-25,59	-16,77	-26,03	-18,06
30/09/2026 16:23:05	V0.04	20	ANTIHORARIO	15000	13	32,485	0,907	29,86	0,0543	0,0118	0,9163	0,9179	1,519	1,374	1,87	-24,98	-15,49	-25,02	-17,04
30/09/2026 16:23:07	V0.04	20	ANTIHORARIO	15000	14	32,507	0,767	24,899	0,0835	0,0619	0,9535	0,9591	2,153	1,458	1,092	-25,65	-17,89	-25,96	-17,04
30/09/2026 16:23:11	V0.04	20	ANTIHORARIO	15000	15	32,467	0,954	31,319	0,0033	0,0706	0,9816	0,9841	1,969	1,969	1,969	-26,15	-18,44	-26,11	-18,09
30/09/2026 16:23:13	V0.04	20	ANTIHORARIO	15000	16	32,502	0,853	28,303	0,0295	0,0171	0,9119	0,9125	1,313	2,176	1,008	-25,61	-14,84	-25,19	-17,37
30/09/2026 16:23:15	V0.04	20	ANTIHORARIO	15000	17	32,53	0,739	24,607	0,0406	0,0084	0,8916	0,8926	2,275	0,359	1,74	-24,24	-14,86	-24,72	-16,31
30/09/2026 16:23:16	V0.04	20	ANTIHORARIO	15000	18	32,482	0,917	30,346	0,0853	0,0385	0,8977	0,9026	2,458	0,366	1,099	-24,82	-16,77	-24,44	-17,04
30/09/2026 16:23:18	V0.04	20	ANTIHORARIO	15000	19	32,508	0,836	27,914	0,1229	0,0179	0,913	0,9214	1,794	0,137	1,198	-25,28	-15,47	-24,68	-16,51
30/09/2026 16:23:20	V0.04	20	ANTIHORARIO	15000	20	32,532	0,795	26,65	0,0496	0,078	1,011	1,0152	1,443	1,16	1,076	-25,49	-17,41	-25,68	-17,83
30/09/2026 16:23:28	V0.04	20	HORARIO	20000	1	32,529	0,795	26,455	0,0923	0,0497	0,925	0,9309	2,417	6,66	10,113	-25,91	-16,04	-26,04	-16,18
30/09/2026 16:23:29	V0.04	20	HORARIO	20000	2	32,49	0,935	30,54	0,1367	0,0264	0,9177	0,9282	3,397	0,015	1,969	-26,47	-19,22	-26,6	-19,18
30/09/2026 16:23:30	V0.04	20	HORARIO	20000	3	32,529	0,804	27,039	0,0338	0,0411	0,9403	0,9418	1,153	1,092	1	-26,47	-18,95	-26,61	-19,66
30/09/2026 16:23:32	V0.04	20	HORARIO	20000	4	32,497	0,909	29,373	0,0139	0,0724	0,9626	0,9655	1,58	0,183	3,412	-26,36	-18,23	-26,58	-19,34
30/09/2026 16:23:34	V0.04	20	HORARIO	20000	5	32,508	0,893	29,86	0,0142	0,0199	0,9148	0,9151	2,038	1,237	0,702	-26,04	-18,69	-26,64	-19,03
30/09/2026 16:23:36	V0.04	20	HORARIO	20000	6	32,514	0,852	27,72	0,0238	0,0117	0,9148	0,9152	2,053	0,115	0,023	-26,31	-18,23	-26,57	-19,42
30/09/2026 16:23:38	V0.04	20	HORARIO	20000	7	32,51	0,9	30,151	0,0336	0,0592	0,9716	0,9739	1,718	0,763	1,985	-26,33	-18,88	-26,58	-18,8
30/09/2026 16:23:39	V0.04	20	HORARIO	20000	8	32,527	0,807	26,65	0,0342	0,0645	0,9694	0,9721	0,015	1,969	1,969	-26,34	-19,26	-26,6	-18,95
30/09/2026 16:23:41	V0.04	20	HORARIO	20000	9	32,499	0,899	30,054	0,1263	0,0009	0,875	0,8841	2,046	0,397	1,42	-26,63	-17,83	-26,5	-18,77
30/09/2026 16:23:43	V0.04	20	HORARIO	20000	10	32,52	0,869	28,498	0,0044	0,0775	0,9628	0,9659	2,336	0,908	1,038	-26,08	-17,66	-26,73	-19,03
30/09/2026 16:23:45	V0.04	20	HORARIO	20000	11	32,522	0,799	25,775	0,0374	0,0367	0,9287	0,9302	2,412	0,695	0,084	-26,39	-18,69	-26,29	-18,69
30/09/2026 16:23:47	V0.04	20	HORARIO	20000	12	32,529	0,818	26,65	0,0306	0,0696	0,9723	0,9753	1,985	0,168	0,771	-26,37	-18,77	-26,28	-18,77
30/09/2026 16:23:50	V0.04	20	HORARIO	20000	13	32,499	0,944	31,124	0	0	0	0	0	0	0	-26,38	-18,44	-26,61	-18,8
30/09/2026 16:23:50	V0.04	20	HORARIO	20000	14	32,534	0,803	26,747	0,0176	0,075	0,9999	1,0028	1,969	1,969	3,931	-26,16	-18,2	-26,3	-17,34
30/09/2026 16:23:52	V0.04	20	HORARIO	20000	15	32,51	0,877	29,568	0,0391	0,0642	0,9624	0,9653	1,725	0,817	1,176	-26,43	-19,18	-26,19	-18,37
30/09/2026 16:23:54	V0.04	20	HORARIO	20000	16	32,51	0,858	28,401	0,077	0,007	0,8943	0,8976	2,649	1,16	0,794	-25,66	-17,76	-26,48	-18,23
30/09/2026 16:23:56	V0.04	20	HORARIO	20000	17	32,54	0,758	25,191	0,0265	0,0728	0,9814	0,9845	2,298	0,885	0,107	-26,45	-19,46	-26,72	-19,3
30/09/2026 16:23:57	V0.04	20	HORARIO	20000	18	32,506	0,925	30,054	0,0192	0,0695	0,9651	0,9678	1,58	0,069	2,481	-25,82	-18,2	-26,36	-18,44
30/09/2026 16:23:59	V0.04	20	HORARIO	20000	19	32,504	0,95	30,443	0,0098	0,0811	0,9617	0,9651	1,519	1,046	1,611	-25,78	-16,4	-26,2	-17,44
30/09/2026 16:24:01	V0.04	20	HORARIO	20000	20	32,539	0,778	25,385	0,1123	0,0135	0,8827	0,8899	1,466	1,221	0,229	-26,81	-19,5	-26,48	-19,07
30/09/2026 16:24:08	V0.04	20	ANTIHORARIO	20000	1	32,534	0,804	26,844	0,0802	0,0459	0,9288	0,9334	2,696	4,633	11,372	-25,7	-15,42	-25,67	-15,34
30/09/2026 16:24:10	V0.04	20	ANTIHORARIO	20000	2	32,491	0,963	32,097	0,1215	0,009	0,8651	0,8736	1,595	1,489	5,649	-25,8	-17,6	-26,06	-16,95
30/09/2026 16:24:12	V0.04	20	ANTIHORARIO	20000	3	32,532	0,779	26,261	0,0132	0,0592	1,02	1,0218	1,229	0,809	0,695	-26,04	-17,57	-26,17	-18,84
30/09/2026 16:24:14	V0.04	20	ANTIHORARIO	20000	4	32,529	0,823	27,428	0,1118	0,0115	0,9253	0,9321	2,947	1,725	2,244	-25,76	-17,57	-25,99	-17,04
30/09/2026 16:24:16	V0.04	20	ANTIHORARIO	20000	5	32,51	0,853	27,72	0,0007	0,0151	0,8947	0,8948	1,985	1,092	0,58	-26	-17,1	-25,47	-16,6
30/09/2026 16:24:18	V0.04	20	ANTIHORARIO	20000	6	32,5	0,873	28,401	0,0103	0,0009	0,8881	0,8881	1,198	1,16	1,794	-25,7	-17,83	-26,06	-18,16
30/09/2026 16:24:19	V0.04	20	ANTIHORARIO	20000	7	32,543	0,75	24,899	0,0264	0,0531	0,9445	0,9463	2,473	1,649	1,74	-26,03	-18,13	-25,87	-17,69
30/09/2026 16:24:21	V0.04	20	ANTIHORARIO	20000	8	32,523	0,861	29,762	0,061	0,0573	0,9351	0,9388	2,206	0,733	0,519	-25,84	-17,83	-25,84	-17,69
30/09/2026 16:24:23	V0.04	20	ANTIHORARIO	20000	9	32,501	0,861	28,401	0,0372	0,0033	0,8853	0,886	1,489	0,069	1,267	-26,03	-17,96	-25,82	-17,1
30/09/2026 16:24:25	V0.04	20	ANTIHORARIO	20000	10	32,537	0,763	25,969	0,1381	0,0209	0,9073	0,918	3,13	3,122	1,221	-25,96	-16,89	-25,84	-17,01
30/09/2026 16:24:26	V0.04	20	ANTIHORARIO	20000	11	32,487	0,976	32,388	0,0048	0,0723	0,9823	0,985	2,366	3,412	0,061	-25,74	-17,86	-25,98	-17,25
30/09/2026 16:24:29	V0.04	20	ANTIHORARIO	20000	12	32,516	0,878	29,276	0,0269	0,0757	1,0143	1,0175	1,847	0,321	1,847	-25,88	-17,53	-25,65	-17,22
30/09/2026 16:24:30	V0.04	20	ANTIHORARIO	20000	13	32,526	0,869	28,692	0,0377	0,0012	0,8976	0,8984	2	0,718	0,511	-25,93	-17,89	-25,52	-17,19
30/09/2026 16:24:32	V0.04	20	ANTIHORARIO	20000	14	32,51	0,904	30,151	0,0283	0,0706	0,9791	0,9821	2,038	0,328	0,863	-26,04	-17,99	-25,54	-16,89
30/09/2026 16:24:33	V0.04	20	ANTIHORARIO	20000	15	32,519	0,831	27,525	0,0009	0,0693	1,0089	1,0113	1,969	1,969	1,969	-26,24	-16,62	-25,8	-17,37
30/09/2026 16:24:35	V0.04	20	ANTIHORARIO	20000	16	32,52	0,88	28,206	0,0693	0,0597	0,9766	0,9808	1,321	2,382	0,916	-26,06	-18,06	-25,83	-17,96
30/09/2026 16:24:37	V0.04	20	ANTIHORARIO	20000	17	32,513	0,846	27,331	0,0391	0,0725	0,9834	0,9868	2,092	0,427	1,137	-26,05	-17,44	-25,96	-17,34
30/09/2026 16:24:39	V0.04	20	ANTIHORARIO	20000	18	32,518	0,817	26,066	0	0	0	0	0	0	0	-26,09	-17,37	-25,87	-17,79
30/09/2026 16:24:41	V0.04	20	ANTIHORARIO	20000	19	32,492	0,921	30,054	0,1145	0,0341	0,8944	0,9024	1,702	2,397	0,389	-25,65	-17,76	-25,86	-17,25
30/09/2026 16:24:43	V0.04	20	ANTIHORARIO	20000	20	32,545	0,805	27,039	0,0618	0,0187	0,8701	0,8725	1,435	0,092	1,771	-26,1	-16,48	-26,01	-18,13
30/09/2026 16:35:47	V0.04	21	HORARIO	15000	1	32,441	0,924	30,638	0,0794	0,0768	0,9268	0,9334	4,627	6,231	5,981	-25,46	-15,1	-25,36	-14,43
30/09/2026 16:35:50	V0.04	21	HORARIO	15000	2	32,432	0,921	29,957	0,035	0,0203	0,9377	0,9386	2,206	0,634	2,489	-25,85	-17,22	-25,56	-15,59
30/09/2026 16:35:52	V0.04	21	HORARIO	15000	3	32,454	0,881	28,692	0,0103	0,037	0,9587	0,9595	1,321	3,924	0,267	-25,93	-18,06	-25,67	-16,48
30/09/2026 16:35:53	V0.04	21	HORARIO	15000	4	32,449	0,867	28,595	0,0242	0,0233	1,0099	1,0104	1,847	2,008	1,176	-25,76	-17,6	-25,79	-15,85
30/09/2026 16:35:55	V0.04	21	HORARIO	15000	5	32,444	0,96	31,513	0,0118	0,0032	0,9836	0,9837	1,145	0,969	0,809	-25,66	-17,34	-25,48	-16,43
30/09/2026 16:35:57	V0.04	21	HORARIO	15000	6	32,466	0,87	28,984	0,0532	0,1311	0,8593	0,8708	2,534	3,092	0,977	-26,07	-17,63	-26,18	-17,44
30/09/2026 16:35:58	V0.04	21	HORARIO	15000	7	32,448	0,946	30,443	0,13	0,0031	0,9563	0,9651	2,695	1,153	0,351	-26,2	-17,93	-25,83	-17,34
30/09/2026 16:35:59	V0.04	21	HORARIO	15000	8	32,47	0,895	29,665	0,1133	0,0143	0,9872	0,9938	3,092	4,168	0,313	-25,87	-16,8	-25,81	-17,28
30/09/2026 16:36:01	V0.04	21	HORARIO	15000	9	32,462	0,881	29,081	0,0289	0,0325	0,9408	0,9418	2,412	1,763	1,55	-25,54	-16,54	-25,55	-14,93
30/09/2026 16:36:03	V0.04	21	HORARIO	15000	10	32,46	0,888	30,054	0,1414	0,0353	0,9252	0,9366	3,359	4,092	0,74	-25,89	-17,66	-25,44	-15,32
30/09/2026 16:36:05	V0.04	21	HORARIO	15000	11	32,482	0,82	27,428	0,0336	0,1381	0,816	0,8283	2,305	1,481	1,695	-26,04	-17,96	-26,06	-15,34
30/09/2026 16:36:07	V0.04	21	HORARIO	15000	12	32,486	0,815	26,747	0,1011	0,001	0,99	0,9951	2,069	0,511	0,015	-26,26	-18,27	-26,07	-17,6
30/09/2026 16:36:09	V0.04	21	HORARIO	15000	13	32,468	0,908	29,179	0	0	0	0	0	0	0	-26,3	-17,69	-26,07	-18,09
30/09/2026 16:36:10	V0.04	21	HORARIO	15000	14	32,478	0,889	29,471	0,0654	0,1449	0,7933	0,8091	1,061	3,069	2,206	-26,06	-17,76	-26,03	-18,2
30/09/2026 16:36:14	V0.04	21	HORARIO	15000	16	32,471	0,893	29,081	0,0474	0,1389	0,8301	0,843	1,405	0,565	1,153	-26,16	-18,73	-26,35	-17,96
30/09/2026 16:36:15	V0.04	21	HORARIO	15000	17	32,479	0,884	29,276	0,0316	0,0067	0,9365	0,9371	1,511	0,985	0,221	-26,03	-18,27	-25,87	-15,49
30/09/2026 16:36:17	V0.04	21	HORARIO	15000	15	32,474	0,889	29,762	0,0243	0,0122	0,9526	0,953	2,29	0,664	0,511	-26,36	-19,46	-26,25	-18,66
30/09/2026 16:36:18	V0.04	21	HORARIO	15000	18	32,469	0,923	29,665	0,0328	0,0131	0,9152	0,9158	0,595	2,359	1,229	-26,21	-18,23	-26,04	-17,63
30/09/2026 16:36:19	V0.04	21	HORARIO	15000	19	32,491	0,854	28,206	0,0781	0,0029	0,9926	0,9956	1,466	0,542	1,427	-26,11	-18,34	-26,02	-16,89
30/09/2026 16:36:21	V0.04	21	HORARIO	15000	20	32,48	0,908	30,249	0,02	0,0378	1,0023	1,0032	2,061	2,244	1,863	-25,9	-17,28	-25,78	-18,3
30/09/2026 16:36:28	V0.04	21	ANTIHORARIO	15000	1	32,482	0,878	28,79	0,1111	0,0681	0,9199	0,9291	5,264	9,996	6,681	-25,76	-15,22	-25,67	-15
30/09/2026 16:36:30	V0.04	21	ANTIHORARIO	15000	2	32,485	0,857	28,595	0,0212	0,0804	0,8859	0,8898	2,252	4,603	0,382	-26,23	-18,2	-26,01	-18,48
30/09/2026 16:36:31	V0.04	21	ANTIHORARIO	15000	3	32,494	0,825	27,914	0,1289	0,0542	0,8994	0,9102	1,336	0,206	0,55	-26,29	-18,44	-25,99	-17,31
30/09/2026 16:36:34	V0.04	21	ANTIHORARIO	15000	4	32,479	0,87	28,984	0,1342	0,0365	0,905	0,9156	2,168	2,496	0,122	-26,54	-18,69	-25,97	-18,41
30/09/2026 16:36:35	V0.04	21	ANTIHORARIO	15000	5	32,502	0,838	27,72	0,0004	0,0515	0,9316	0,9331	3,29	4,031	0,099	-25,62	-16,89	-25,4	-16,92
30/09/2026 16:36:37	V0.04	21	ANTIHORARIO	15000	6	32,477	0,908	30,054	0,0242	0,11	0,8813	0,8885	1,763	1,939	0,695	-26,35	-18,03	-25,65	-17,63
30/09/2026 16:36:38	V0.04	21	ANTIHORARIO	15000	7	32,493	0,849	28,109	0,153	0,0487	0,9077	0,9218	2,237	1,198	1,267	-26,29	-17,89	-25,94	-17,79
30/09/2026 16:36:41	V0.04	21	ANTIHORARIO	15000	8	32,482	0,884	29,373	0,1084	0,0437	0,9204	0,9278	2,015	0,962	0,931	-26,41	-18,13	-26,2	-17,19
30/09/2026 16:36:42	V0.04	21	ANTIHORARIO	15000	9	32,488	0,876	28,984	0,1044	0,0416	0,923	0,9298	1,656	1,321	1,015	-25,99	-16,89	-26,18	-16,71
30/09/2026 16:36:44	V0.04	21	ANTIHORARIO	15000	10	32,492	0,87	28,984	0,0195	0,0231	0,9905	0,9909	1,153	2,45	2,031	-25,43	-17,19	-24,78	-14,91
30/09/2026 16:36:45	V0.04	21	ANTIHORARIO	15000	11	32,5	0,818	26,747	0,1493	0,0769	0,9248	0,9399	2,176	0,786	0,634	-26,33	-18,8	-26,26	-17,83
30/09/2026 16:36:47	V0.04	21	ANTIHORARIO	15000	12	32,49	0,878	28,595	0,025	0,0096	0,962	0,9624	1,985	1,656	1,107	-26,21	-17,66	-25,88	-18,2
30/09/2026 16:36:49	V0.04	21	ANTIHORARIO	15000	13	32,485	0,881	29,373	0,0006	0,0201	0,9897	0,99	1,893	0,466	0,489	-26,2	-17,47	-26,35	-17,89
30/09/2026 16:36:51	V0.04	21	ANTIHORARIO	15000	14	32,497	0,862	28,109	0,15	0,0741	0,9069	0,9222	2,137	1,267	1,412	-26,07	-16,74	-26,26	-18,69
30/09/2026 16:36:52	V0.04	21	ANTIHORARIO	15000	15	32,505	0,851	28,109	0,0244	0,0337	0,9242	0,9251	1,542	1,321	1,786	-25,91	-17,34	-26,06	-16,83
30/09/2026 16:36:55	V0.04	21	ANTIHORARIO	15000	16	32,506	0,822	27,331	0,0596	0,0333	0,925	0,9276	1,427	1,527	1,664	-26,24	-18,88	-26,47	-17,66
30/09/2026 16:36:56	V0.04	21	ANTIHORARIO	15000	17	32,509	0,867	28,206	0,0017	0,0166	0,9852	0,9854	1,427	0,672	1,489	-26,58	-18,62	-26,25	-17,19
30/09/2026 16:36:59	V0.04	21	ANTIHORARIO	15000	18	32,522	0,807	26,942	0,0242	0,0853	0,8691	0,8737	2,725	1,885	0,786	-26,56	-18,77	-26,47	-18,51
30/09/2026 16:37:00	V0.04	21	ANTIHORARIO	15000	19	32,51	0,855	28,401	0,1042	0,1152	0,8745	0,8882	1,496	1,55	0,229	-26,34	-18,13	-26,16	-18,95
30/09/2026 16:37:01	V0.04	21	ANTIHORARIO	15000	20	32,514	0,828	26,844	0,0039	0,0317	0,9961	0,9966	2,427	1,748	0,366	-26,46	-19,78	-26,28	-17,53
30/09/2026 16:37:09	V0.04	21	HORARIO	20000	1	32,519	0,846	28,109	0,0723	0,0676	0,9226	0,9279	4,933	6,548	8,391	-25,98	-15,78	-25,94	-14,61
30/09/2026 16:37:14	V0.04	21	HORARIO	20000	2	32,519	0,812	26,942	0,0077	0,0127	1,0063	1,0065	1,282	0,908	0,153	-26,37	-18,06	-26,05	-16,62
30/09/2026 16:37:16	V0.04	21	HORARIO	20000	3	32,516	0,821	26,942	0,1201	0,0516	0,9462	0,9552	0,427	0,191	1,153	-26,42	-18,8	-26,32	-17,16
30/09/2026 16:37:17	V0.04	21	HORARIO	20000	4	32,51	0,892	28,984	0,0383	0,0029	0,9897	0,9905	1,237	0,733	1,985	-26,05	-18,06	-26,04	-18,69
30/09/2026 16:37:19	V0.04	21	HORARIO	20000	5	32,497	0,897	29,86	0,0928	0,0331	0,9512	0,9563	2,16	0,786	0,496	-26,28	-18,27	-26,34	-18,44
30/09/2026 16:37:21	V0.04	21	HORARIO	20000	6	32,5	0,883	28,984	0,0129	0,0101	0,9225	0,9226	1,038	2,099	1,031	-26,49	-18,34	-26,29	-18,41
30/09/2026 16:37:22	V0.04	21	HORARIO	20000	7	32,495	0,942	31,027	0,0399	0,0258	0,9283	0,9296	0,45	3,71	1,458	-25,66	-16,98	-26,09	-16,92
30/09/2026 16:37:24	V0.04	21	HORARIO	20000	8	32,517	0,845	27,72	0,0333	0,009	0,9448	0,9455	0,809	3,74	2,962	-26,57	-20,03	-26,55	-18,13
30/09/2026 16:37:26	V0.04	21	HORARIO	20000	9	32,499	0,928	30,832	0,0302	0,0173	1,0125	1,013	1,084	1,817	1,389	-26,63	-18,66	-26,14	-17,1
30/09/2026 16:37:27	V0.04	21	HORARIO	20000	10	32,506	0,902	29,957	0,0369	0,0383	0,9536	0,9551	2,458	1,092	0,847	-26,37	-18,62	-26,28	-16,57
30/09/2026 16:37:28	V0.04	21	HORARIO	20000	11	32,507	0,913	30,638	0,1056	0,0334	0,9666	0,9729	2,42	0,931	0,153	-26,37	-18,3	-26,46	-17,83
30/09/2026 16:37:30	V0.04	21	HORARIO	20000	12	32,508	0,889	28,984	0,0028	0,0327	0,9706	0,9711	1,664	0,824	1,908	-26,6	-18,51	-26,18	-17,63
30/09/2026 16:37:32	V0.04	21	HORARIO	20000	13	32,52	0,868	28,401	0,0165	0,0415	0,9905	0,9915	1,298	1,985	1,634	-26,15	-17,57	-26,15	-16,62
30/09/2026 16:37:33	V0.04	21	HORARIO	20000	14	32,519	0,891	29,568	0,1238	0,0157	0,0157	0,1258	1,969	1,969	1,969	-26	-17,6	-26,26	-16,48
30/09/2026 16:37:36	V0.04	21	HORARIO	20000	15	32,507	0,94	31,416	0,0387	0,0382	0,9576	0,9592	0,756	1,611	0,206	-26,2	-17,76	-26,29	-17,1
30/09/2026 16:37:37	V0.04	21	HORARIO	20000	16	32,525	0,836	27,428	0,0271	0,0564	0,9415	0,9436	0,466	1,107	1,267	-26,3	-18,51	-26,15	-17,66
30/09/2026 16:37:39	V0.04	21	HORARIO	20000	17	32,512	0,877	29,665	0	0	0	0	0	0	0	-26,3	-18,41	-26,3	-17,25
30/09/2026 16:37:40	V0.04	21	HORARIO	20000	18	32,526	0,87	28,498	0,0737	0,0243	0,9573	0,9604	1,298	3,29	1,435	-26,51	-19,14	-26,38	-16,8
30/09/2026 16:37:43	V0.04	21	HORARIO	20000	19	32,519	0,873	28,401	0,0272	0,0087	0,9441	0,9445	1,664	0,908	0,031	-26,21	-18,37	-26,46	-17,44
30/09/2026 16:37:44	V0.04	21	HORARIO	20000	20	32,524	0,839	28,401	0,0327	0,0332	0,9663	0,9674	0,908	1,901	0,092	-26,1	-17,69	-26,02	-18,91
30/09/2026 16:37:58	V0.04	21	ANTIHORARIO	20000	1	32,502	0,895	29,568	0,1128	0,0637	0,9214	0,9304	5,273	13,166	5,472	-25,9	-14,7	-25,79	-14,36
30/09/2026 16:37:58	V0.04	21	ANTIHORARIO	20000	2	32,502	0,883	28,498	0,0734	0,0206	0,9418	0,9449	3,611	1,344	0,511	-26,34	-19,1	-26,77	-19,62
30/09/2026 16:37:59	V0.04	21	ANTIHORARIO	20000	4	32,52	0,816	26,942	0,0201	0,0345	0,9277	0,9286	1,58	3,313	1,198	-26,5	-19,74	-26,69	-18,2
30/09/2026 16:37:59	V0.04	21	ANTIHORARIO	20000	3	32,522	0,82	27,525	0,0432	0,0409	0,9823	0,9841	1,237	1,511	0,092	-26,27	-18,3	-26,19	-18,09
30/09/2026 16:38:01	V0.04	21	ANTIHORARIO	20000	5	32,517	0,856	28,498	0,0828	0,0344	0,9196	0,9239	1,542	1,672	1,473	-26,56	-18,84	-26,67	-18,41
30/09/2026 16:38:02	V0.04	21	ANTIHORARIO	20000	6	32,51	0,899	29,081	0,136	0,1166	0,8839	0,9019	1,763	0,794	0,725	-26,42	-17,07	-26,33	-18,77
30/09/2026 16:38:04	V0.04	21	ANTIHORARIO	20000	7	32,504	0,925	29,762	0,1422	0,0884	0,8901	0,9057	4,237	4,817	0,328	-26,56	-17,69	-26,55	-18,44
30/09/2026 16:38:07	V0.04	21	ANTIHORARIO	20000	8	32,512	0,876	29,081	0,0291	0,0496	0,9087	0,9105	2,687	1,672	1,168	-26,56	-19,1	-26,29	-17,63
30/09/2026 16:38:07	V0.04	21	ANTIHORARIO	20000	9	32,514	0,881	28,984	0,0131	0,032	0,9911	0,9917	0,924	0,42	1,038	-26,62	-18,99	-26,22	-17,16
30/09/2026 16:38:08	V0.04	21	ANTIHORARIO	20000	10	32,505	0,907	29,568	0,0905	0,0265	0,9348	0,9396	3,389	5,153	0,466	-26,42	-18,91	-26,59	-19,58
30/09/2026 16:38:10	V0.04	21	ANTIHORARIO	20000	11	32,51	0,874	28,887	0,0154	0,0281	0,9802	0,9807	1,649	1,702	2,206	-26,6	-18,58	-26,31	-18,58
30/09/2026 16:38:12	V0.04	21	ANTIHORARIO	20000	12	32,515	0,861	28,692	0,135	0,1285	0,8623	0,8822	1,412	0,115	1,901	-26,62	-19,18	-26,46	-18,88
30/09/2026 16:38:13	V0.04	21	ANTIHORARIO	20000	13	32,523	0,852	28,401	0,0352	0,0735	0,8895	0,8932	3,374	4,053	0,519	-26,84	-20,03	-26,52	-18,77
30/09/2026 16:38:15	V0.04	21	ANTIHORARIO	20000	14	32,53	0,864	28,79	0,0104	0,0204	0,9832	0,9834	3,611	2,786	1,573	-26,66	-18,8	-26,03	-18,3
30/09/2026 16:38:17	V0.04	21	ANTIHORARIO	20000	15	32,514	0,913	30,346	0,0856	0,1176	0,8593	0,8715	2,534	1,832	1,031	-26,57	-18,34	-26,22	-18,58
30/09/2026 16:38:18	V0.04	21	ANTIHORARIO	20000	16	32,516	0,881	29,276	0,0051	0,016	0,9702	0,9704	2,382	2,649	0,305	-26,73	-19,26	-26,56	-19,22
30/09/2026 16:38:20	V0.04	21	ANTIHORARIO	20000	17	32,515	0,883	29,081	0,0394	0,0703	0,8861	0,8898	3,55	2,344	0,275	-26,6	-19,78	-26,19	-16,98
30/09/2026 16:38:22	V0.04	21	ANTIHORARIO	20000	18	32,515	0,872	28,595	0,0048	0,0186	0,9833	0,9835	3,023	4,344	0,855	-26,6	-19,46	-26,56	-18,27
30/09/2026 16:38:24	V0.04	21	ANTIHORARIO	20000	19	32,523	0,86	27,914	0,1429	0,0869	0,9044	0,9198	1,763	1,053	1,168	-26,48	-18,73	-26,41	-19,26
30/09/2026 16:38:26	V0.04	21	ANTIHORARIO	20000	20	32,52	0,877	28,692	0,1233	0,0664	0,9037	0,9145	1,748	1,878	1,153	-26,69	-19,3	-26,54	-18,88
30/09/2026 16:44:00	V0.04	22	HORARIO	15000	1	32,445	0,947	31,319	0,082	0,0178	0,9243	0,9281	3,082	5,063	6,459	-25,85	-15,05	-25,84	-15,7
30/09/2026 16:44:01	V0.04	22	HORARIO	15000	2	32,438	0,965	32,194	0,0585	0,0251	0,9592	0,9613	3,214	0,855	2,794	-26,3	-17,31	-26,26	-17,22
30/09/2026 16:44:03	V0.04	22	HORARIO	15000	3	32,442	0,949	31,124	0,0601	0,0143	0,9015	0,9036	1,855	0,412	1,809	-25,96	-17,04	-26,02	-17,28
30/09/2026 16:44:06	V0.04	22	HORARIO	15000	5	32,447	0,966	32,097	0,0833	0,0151	0,9159	0,9198	2,046	0,824	0,046	-25,98	-17,01	-25,97	-18,23
30/09/2026 16:44:08	V0.04	22	HORARIO	15000	6	32,465	0,91	29,762	0,0717	0,0325	0,9581	0,9614	2,481	0,687	2,008	-26,09	-17,83	-25,89	-17,79
30/09/2026 16:44:12	V0.04	22	HORARIO	15000	8	32,463	0,929	30,929	0,0759	0,0201	0,9347	0,938	1,573	0,885	1,718	-26,46	-16,83	-25,97	-18,09
30/09/2026 16:44:13	V0.04	22	HORARIO	15000	9	32,451	0,952	30,832	0,0533	0,0217	0,9437	0,9455	2,031	0,908	1,847	-25,04	-16,43	-24,64	-16,51
30/09/2026 16:44:16	V0.04	22	HORARIO	15000	10	32,439	1,043	34,139	0,0294	0,0217	0,9547	0,9554	2,015	2,305	1,168	-26,06	-17,1	-25,87	-16,6
30/09/2026 16:44:19	V0.04	22	HORARIO	15000	12	32,468	0,929	30,54	0,0948	0,0145	0,9419	0,9468	1,435	0,87	2,13	-25,77	-16,34	-25,75	-16,6
30/09/2026 16:44:21	V0.04	22	HORARIO	15000	13	32,443	1,027	33,653	0,0833	0,0107	0,9288	0,9326	1,947	1,122	0,611	-26,09	-19,03	-26,22	-18,06
30/09/2026 16:44:24	V0.04	22	HORARIO	15000	14	32,479	0,921	30,735	0	0	0	0	0	0	0	-26,27	-18,41	-26,28	-18,48
30/09/2026 16:44:27	V0.04	22	HORARIO	15000	16	32,451	1,037	33,847	0,1108	0,0021	0,9377	0,9443	2,305	1,076	0,595	-26,2	-16,51	-25,97	-17,73
30/09/2026 16:44:29	V0.04	22	HORARIO	15000	17	32,464	0,926	30,735	0,1118	0,0217	0,9474	0,9542	1,092	1,855	1,389	-25,61	-17,34	-26,2	-17,41
30/09/2026 16:44:30	V0.04	22	HORARIO	15000	7	32,432	1,025	33,847	0,0337	0,0699	0,9503	0,9535	2,29	0,115	0,244	-25,33	-16,92	-25,95	-15,88
30/09/2026 16:44:31	V0.04	22	HORARIO	15000	18	32,495	0,886	29,179	0,0377	0,0262	0,9718	0,9729	1,832	1,122	1,618	-26,1	-18,16	-25,99	-16,98
30/09/2026 16:44:34	V0.04	22	HORARIO	15000	20	32,46	0,993	32,972	0,0612	0,0016	0,8884	0,8905	1,794	1,168	1,641	-26,42	-18,03	-26,22	-17,89
30/09/2026 16:44:41	V0.04	22	ANTIHORARIO	15000	1	32,472	0,954	31,999	0,0913	0,0198	0,9254	0,9301	3,628	6,184	8,365	-25,91	-15,57	-26,03	-15,47
30/09/2026 16:44:42	V0.04	22	HORARIO	15000	11	32,465	0,916	29,957	0,0579	0,0074	0,882	0,8839	1,908	0,069	1,183	-25,96	-17,69	-25,83	-17,37
30/09/2026 16:44:42	V0.04	22	ANTIHORARIO	15000	2	32,474	0,886	28,595	0,1064	0,0187	0,9269	0,9332	1,099	0,366	2,229	-26,08	-17,31	-26,17	-17,83
30/09/2026 16:44:44	V0.04	22	ANTIHORARIO	15000	3	32,491	0,885	28,401	0,0839	0,0177	0,9204	0,9244	2,802	0,298	0,893	-25,66	-18,55	-26,29	-18,13
30/09/2026 16:44:46	V0.04	22	HORARIO	15000	15	32,471	0,921	30,054	0,1005	0,0144	0,9501	0,9555	2,076	1,115	1,473	-25,98	-17,99	-25,96	-16,18
30/09/2026 16:44:46	V0.04	22	ANTIHORARIO	15000	4	32,478	0,963	31,513	0,1074	0,0029	0,9121	0,9184	1,206	0,947	1,939	-26,24	-18,03	-26,06	-18,51
30/09/2026 16:44:48	V0.04	22	ANTIHORARIO	15000	5	32,483	0,914	30,735	0,1421	0,0006	0,9075	0,9185	1,969	1,45	1,153	-26,11	-17,96	-26,53	-17,99
30/09/2026 16:44:50	V0.04	22	ANTIHORARIO	15000	6	32,5	0,843	28,498	0,124	0,0106	0,9375	0,9457	1,389	2,168	0,183	-26,22	-17,99	-26,3	-17,86
30/09/2026 16:44:50	V0.04	22	HORARIO	15000	19	32,473	0,925	30,346	0	0	0	0	0	0	0	-25,93	-16,83	-25,86	-15,42
30/09/2026 16:44:50	V0.04	22	HORARIO	15000	4	32,447	0,937	31,027	0,0569	0,0076	0,9154	0,9172	1,481	0,084	2,603	-25,94	-17,63	-25,95	-17,25
30/09/2026 16:44:59	V0.04	22	ANTIHORARIO	15000	7	32,49	0,895	29,665	0,1301	0,0098	0,9436	0,9526	2,229	1,313	1,656	-26,28	-17,16	-26,15	-17,01
30/09/2026 16:44:59	V0.04	22	ANTIHORARIO	15000	11	32,494	0,876	29,568	0,1021	0,0087	0,9244	0,9301	2,298	1,618	0,954	-26,13	-17,63	-26,34	-17,73
30/09/2026 16:45:00	V0.04	22	ANTIHORARIO	15000	8	32,474	0,951	31,61	0,0137	0,0219	0,9407	0,941	1,626	0,122	2,031	-26,39	-18,2	-25,93	-16,09
30/09/2026 16:45:01	V0.04	22	ANTIHORARIO	15000	12	32,483	0,942	30,832	0,1353	0,0135	0,8922	0,9025	2,412	1,046	1,221	-26,39	-17,31	-26,19	-18,06
30/09/2026 16:45:01	V0.04	22	ANTIHORARIO	15000	9	32,487	0,898	29,568	0,0612	0,0302	0,9303	0,9328	2,16	0,725	0,908	-26,52	-19,07	-26,3	-18,2
30/09/2026 16:45:04	V0.04	22	ANTIHORARIO	15000	10	32,501	0,838	28,401	0,0851	0,0164	0,9426	0,9466	1,962	0,298	1,55	-26,36	-18,34	-26,3	-18,8
30/09/2026 16:45:05	V0.04	22	ANTIHORARIO	15000	14	32,507	0,828	27,525	0,1475	0,0083	0,9109	0,9228	1,756	0,527	0,076	-26,05	-18,41	-26,18	-17,89
30/09/2026 16:45:06	V0.04	22	ANTIHORARIO	15000	13	32,493	0,891	29,179	0,0143	0,0358	0,9495	0,9502	1,908	0,252	1,611	-26,16	-18,37	-26,37	-18,99
30/09/2026 16:45:08	V0.04	22	ANTIHORARIO	15000	15	32,503	0,876	29,373	0,0638	0,0137	0,928	0,9303	2,458	1,092	1,305	-26,25	-18,06	-26,07	-16,43
30/09/2026 16:45:09	V0.04	22	ANTIHORARIO	15000	16	32,488	0,94	30,346	0,1421	0,0133	0,8947	0,906	1,702	0,656	1,573	-25,65	-15,99	-25,33	-15,12
30/09/2026 16:45:11	V0.04	22	ANTIHORARIO	15000	17	32,513	0,842	27,817	0,0745	0,0184	0,9362	0,9393	1,29	0,802	0,145	-26,01	-17,16	-26,26	-17,73
30/09/2026 16:45:14	V0.04	22	ANTIHORARIO	15000	18	32,515	0,842	28,887	0,14	0,0021	0,9161	0,9268	2,489	1,191	1,053	-26,21	-18,37	-26,29	-17,57
30/09/2026 16:45:16	V0.04	22	ANTIHORARIO	15000	19	32,481	0,94	30,735	0,0778	0,0074	0,9482	0,9515	1,244	0,16	2,084	-25,96	-15,7	-26,08	-15,99
30/09/2026 16:45:16	V0.04	22	ANTIHORARIO	15000	20	32,509	0,846	27,817	0,0687	0,0155	0,9365	0,9392	1,916	0,962	1,069	-25,64	-17,28	-26,31	-18,09
30/09/2026 16:45:23	V0.04	22	HORARIO	20000	1	32,503	0,924	30,443	0,0771	0,0168	0,9222	0,9255	4,327	7,703	8,724	-26,18	-16,77	-26,27	-16,09
30/09/2026 16:45:24	V0.04	22	HORARIO	20000	2	32,498	0,923	30,249	0,056	0,0173	0,897	0,8989	2,733	0,496	2,863	-26,38	-18,23	-26,43	-18,44
30/09/2026 16:45:26	V0.04	22	HORARIO	20000	3	32,5	0,897	29,957	0	0	0	0	0	0	0	-26,55	-18,84	-26,61	-18,44
30/09/2026 16:45:28	V0.04	22	HORARIO	20000	4	32,492	0,971	31,805	0,0588	0,0173	0,9347	0,9367	1,649	0,374	0,924	-26,52	-18,16	-26,64	-19,66
30/09/2026 16:45:29	V0.04	22	HORARIO	20000	5	32,489	0,952	32,583	0,0779	0,0193	0,9363	0,9397	1,847	1,046	0,229	-26,58	-18,66	-26,47	-17,31
30/09/2026 16:45:31	V0.04	22	HORARIO	20000	6	32,52	0,866	27,817	0,0492	0,0123	0,9337	0,9351	2,191	0,748	2,183	-26,5	-18,37	-26,89	-18,95
30/09/2026 16:45:33	V0.04	22	HORARIO	20000	7	32,497	0,959	31,027	0,0597	0,0192	0,9445	0,9465	1,473	1,023	0,794	-26,11	-17,47	-26,47	-17,76
30/09/2026 16:45:35	V0.04	22	HORARIO	20000	8	32,498	0,966	30,735	0,1064	0,0153	0,9376	0,9438	1,794	0,489	0,794	-26,35	-18,55	-26,5	-18,2
30/09/2026 16:45:37	V0.04	22	HORARIO	20000	9	32,519	0,844	28,595	0,0775	0,0162	0,92	0,9234	2,313	0,74	1,977	-26,62	-19,1	-26,48	-18,16
30/09/2026 16:45:38	V0.04	22	HORARIO	20000	10	32,51	0,91	30,638	0,11	0,0098	0,937	0,9435	2,511	0,344	0,443	-26,27	-17,04	-26,61	-18,69
30/09/2026 16:45:40	V0.04	22	HORARIO	20000	11	32,493	0,938	30,832	0,0992	0,0082	0,9307	0,936	1,641	0,519	0,786	-26,27	-19,3	-26,3	-17,89
30/09/2026 16:45:43	V0.04	22	HORARIO	20000	12	32,52	0,854	28,595	0,0703	0,0183	0,9363	0,9391	2,267	0,206	2,107	-26,36	-18,66	-26,58	-18,95
30/09/2026 16:45:44	V0.04	22	HORARIO	20000	13	32,523	0,862	29,665	0	0	0	0	0	0	0	-26,32	-18,2	-26,44	-17,28
30/09/2026 16:45:46	V0.04	22	HORARIO	20000	14	32,499	0,98	32,194	0,0688	0,0109	0,8979	0,9007	2,336	0,542	1,023	-26,22	-18,3	-26,59	-18,51
30/09/2026 16:45:48	V0.04	22	HORARIO	20000	15	32,525	0,881	28,303	0,0931	0,0084	0,9021	0,9069	1,58	0,336	1,038	-26,52	-19,07	-26,66	-18,13
30/09/2026 16:45:50	V0.04	22	HORARIO	20000	16	32,526	0,863	30,151	0,0822	0,0151	0,9297	0,9334	2,206	1,206	2,069	-26,5	-17,41	-26,58	-17,79
30/09/2026 16:45:51	V0.04	22	HORARIO	20000	17	32,515	0,93	30,832	0,0525	0,0182	0,9315	0,9332	2,16	0,092	0,405	-26,44	-18,51	-26,32	-18,48
30/09/2026 16:45:53	V0.04	22	HORARIO	20000	18	32,523	0,898	29,957	0,0852	0,0042	0,9026	0,9066	1,237	0,58	0,954	-26,49	-17,83	-26,55	-18,66
30/09/2026 16:45:55	V0.04	22	HORARIO	20000	19	32,532	0,851	28,692	0,0948	0,0031	0,0157	0,0962	1,969	1,969	1,969	-26,19	-18,55	-26,65	-18,3
30/09/2026 16:45:57	V0.04	22	HORARIO	20000	20	32,523	0,876	30,054	0	0	0	0	0	0	0	-26,18	-16,71	-26,49	-19,5
30/09/2026 16:46:03	V0.04	22	ANTIHORARIO	20000	1	32,52	0,878	28,595	0,0867	0,0217	0,9221	0,9264	3,514	3,577	8,673	-25,95	-15,37	-26,2	-16,2
30/09/2026 16:46:05	V0.04	22	ANTIHORARIO	20000	2	32,511	0,898	29,762	0,0529	0,0181	0,9275	0,9292	1,389	1,435	4,893	-25,95	-17,28	-26,45	-16,8
30/09/2026 16:46:07	V0.04	22	ANTIHORARIO	20000	3	32,5	0,894	30,54	0,0485	0,0277	0,9478	0,9494	2,252	0,336	0,718	-26,25	-17,22	-26,11	-17,34
30/09/2026 16:46:11	V0.04	22	ANTIHORARIO	20000	4	32,525	0,843	28,109	0,0736	0,0112	0,926	0,929	2,084	1,969	1,969	-26,33	-18,69	-26,23	-17,44
30/09/2026 16:46:12	V0.04	22	ANTIHORARIO	20000	5	32,501	0,95	30,443	0,0848	0,0042	0,9446	0,9484	1,588	0,16	2,13	-26,09	-17,44	-26,52	-18,44
30/09/2026 16:46:13	V0.04	22	ANTIHORARIO	20000	6	32,524	0,87	28,498	0,0864	0,01	0,9359	0,9399	2,084	0,634	1,069	-26,2	-17,57	-26,46	-17,47
30/09/2026 16:46:14	V0.04	22	ANTIHORARIO	20000	7	32,52	0,842	27,914	0,0948	0,0074	0,9296	0,9344	2,336	1,275	1,298	-26,08	-16,83	-26,48	-18,95
30/09/2026 16:46:16	V0.04	22	ANTIHORARIO	20000	8	32,507	0,921	30,346	0,1133	0,0062	0,9509	0,9577	1,42	0,13	1,779	-26,08	-17,41	-26,12	-18,27
30/09/2026 16:46:18	V0.04	22	ANTIHORARIO	20000	9	32,521	0,83	28,012	0,0905	0,0012	0,9368	0,9411	1,443	1,076	0,069	-26,06	-16,95	-26,25	-17,47
30/09/2026 16:46:19	V0.04	22	ANTIHORARIO	20000	10	32,52	0,855	28,401	0,0125	0,043	0,9508	0,9519	2,298	0,908	1,481	-26,12	-17,79	-26,01	-17,63
30/09/2026 16:46:22	V0.04	22	ANTIHORARIO	20000	11	32,512	0,915	30,249	0,0585	0,028	0,951	0,9533	1,595	0,099	1,969	-26,12	-17,19	-25,94	-16,83
30/09/2026 16:46:23	V0.04	22	ANTIHORARIO	20000	12	32,525	0,83	28,401	0,0995	0,0109	0,9315	0,9369	1,389	0,87	0,221	-26,25	-18,34	-26,64	-17,53
30/09/2026 16:46:25	V0.04	22	ANTIHORARIO	20000	13	32,517	0,894	29,86	0,0911	0,0099	0,928	0,9325	2,466	0,26	1,176	-26,24	-18,51	-26,26	-18,3
30/09/2026 16:46:26	V0.04	22	ANTIHORARIO	20000	14	32,515	0,866	28,401	0,1152	0,0109	0,9374	0,9445	1,679	0,313	1,305	-26,02	-17,28	-26,41	-18,66
30/09/2026 16:46:29	V0.04	22	ANTIHORARIO	20000	15	32,528	0,831	27,525	0,1217	0,0087	0,9196	0,9276	1,718	1,305	0,634	-26,19	-18,99	-26,76	-17,83
30/09/2026 16:46:30	V0.04	22	ANTIHORARIO	20000	16	32,503	0,929	30,832	0,0077	0,0349	0,9677	0,9683	2,26	0,565	1,603	-25,91	-17,93	-26,17	-17,86
30/09/2026 16:46:32	V0.04	22	ANTIHORARIO	20000	17	32,516	0,909	30,929	0	0	0	0	0	0	0	-25,91	-17,6	-26,12	-17,07
30/09/2026 16:46:34	V0.04	22	ANTIHORARIO	20000	18	32,516	0,904	29,86	0	0	0	0	0	0	0	-26,2	-17,96	-26,32	-18,37
30/09/2026 16:46:36	V0.04	22	ANTIHORARIO	20000	19	32,521	0,85	28,401	0,1327	0,0032	0,9108	0,9204	1,672	0,038	0,405	-26,12	-17,69	-26,01	-17,73
30/09/2026 16:46:40	V0.04	22	ANTIHORARIO	20000	20	32,514	0,91	28,984	0,047	0,019	0,9231	0,9245	2,008	0,489	1,71	-26,34	-17,37	-26,53	-18,69
30/09/2026 16:55:18	V0.04	23	HORARIO	15000	1	32,372	1,251	40,558	0,0639	0,037	0,9251	0,9281	5,491	5,361	8,292	-25,37	-14,81	-25,65	-14,91
30/09/2026 16:55:20	V0.04	23	HORARIO	15000	2	32,393	1,169	38,419	0,0631	0,0348	0,9116	0,9145	2,702	1,664	3,458	-25,64	-17,57	-25,94	-16,92
30/09/2026 16:55:22	V0.04	23	HORARIO	15000	3	32,366	1,338	43,282	0,0419	0,0038	0,9308	0,9317	1,748	0,908	0,29	-25,67	-16,74	-25,75	-16,54
30/09/2026 16:55:24	V0.04	23	HORARIO	15000	4	32,392	1,224	40,267	0,0631	0,0018	0,9393	0,9415	1,412	0,366	3,122	-25,69	-17,5	-26,11	-17,66
30/09/2026 16:55:25	V0.04	23	HORARIO	15000	5	32,382	1,335	42,893	0,0378	0,0212	0,9558	0,9568	2,16	0,947	0,649	-25,43	-17,16	-25,91	-16,71
30/09/2026 16:55:28	V0.04	23	HORARIO	15000	6	32,391	1,247	40,753	0,0222	0,0574	0,9141	0,9161	1,198	3,305	0,282	-25,27	-16,92	-25,67	-17,1
30/09/2026 16:55:30	V0.04	23	HORARIO	15000	7	32,398	1,228	40,072	0,0939	0,0149	1,0278	1,0322	2,275	0,542	0,313	-25,68	-17,99	-26,06	-17,83
30/09/2026 16:55:31	V0.04	23	HORARIO	15000	8	32,411	1,194	37,932	0,0483	0,0458	0,913	0,9154	1,527	2,084	1,656	-25,84	-17,37	-25,61	-17,47
30/09/2026 16:55:33	V0.04	23	HORARIO	15000	9	32,426	1,13	37,057	0,0303	0,0245	0,8818	0,8827	2,275	0,939	2,076	-25,35	-16,23	-25,74	-17,37
30/09/2026 16:55:36	V0.04	23	HORARIO	15000	10	32,402	1,275	41,239	0,0259	0,0238	0,9269	0,9275	2,046	0,542	0,58	-25,82	-16,01	-25,96	-17,5
30/09/2026 16:55:37	V0.04	23	HORARIO	15000	11	32,4	1,279	41,823	0,0386	0,072	0,8542	0,8581	1,595	0,374	0,603	-25,9	-17,41	-25,75	-18,03
30/09/2026 16:55:39	V0.04	23	HORARIO	15000	12	32,426	1,174	38,03	0,0264	0,0277	0,8837	0,8845	1,992	2,076	2,237	-25,84	-17,37	-25,67	-16,92
30/09/2026 16:55:41	V0.04	23	HORARIO	15000	13	32,411	1,277	41,92	0,0696	0,0153	0,9856	0,9882	1,969	1	0,534	-25,8	-16,15	-25,71	-17,69
30/09/2026 16:55:42	V0.04	23	HORARIO	15000	14	32,413	1,247	40,85	0,0912	0,0295	1,0328	1,0373	1,908	1,863	0,344	-25,28	-16,6	-25,45	-16,51
30/09/2026 16:55:44	V0.04	23	HORARIO	15000	15	32,446	1,123	36,279	0,099	0,0194	1,0093	1,0143	2	2,191	2,443	-26	-16,09	-26,44	-18,91
30/09/2026 16:55:47	V0.04	23	HORARIO	15000	16	32,41	1,289	42,698	0,0591	0,0154	0,9594	0,9613	1,573	1,496	0,313	-25,4	-16,09	-26,04	-17,16
30/09/2026 16:55:48	V0.04	23	HORARIO	15000	17	32,4	1,29	42,406	0,0101	0,016	0,9225	0,9227	1,855	3,282	0,13	-25,52	-16,29	-25,39	-16,92
30/09/2026 16:55:50	V0.04	23	HORARIO	15000	18	32,457	1,088	36,084	0,0739	0,0378	0,9492	0,9528	0,695	0,183	2,481	-25,78	-15,85	-26,29	-18,99
30/09/2026 16:55:52	V0.04	23	HORARIO	15000	19	32,459	1,07	35,501	0,0303	0,0498	0,8917	0,8936	2,908	2,794	1,168	-25,32	-17,31	-25,54	-17,34
30/09/2026 16:55:54	V0.04	23	HORARIO	15000	20	32,422	1,262	41,434	0,0862	0,0236	0,927	0,9313	1,779	2,565	0,489	-25,69	-17,96	-25,92	-17,31
30/09/2026 16:56:01	V0.04	23	ANTIHORARIO	15000	1	32,413	1,28	41,823	0,0683	0,0309	0,9173	0,9203	5,108	5,411	6,556	-25,86	-14,65	-25,78	-15,22
30/09/2026 16:56:02	V0.04	23	ANTIHORARIO	15000	2	32,44	1,13	35,987	0,0903	0,0383	0,9174	0,9226	3,153	1,023	1,641	-25,83	-17,93	-26,16	-17,86
30/09/2026 16:56:05	V0.04	23	ANTIHORARIO	15000	3	32,433	1,195	39,197	0,0684	0,031	0,913	0,916	2,695	2,58	1,397	-26,22	-18,41	-25,98	-18,27
30/09/2026 16:56:06	V0.04	23	ANTIHORARIO	15000	4	32,406	1,319	44,157	0,0227	0,0127	0,9055	0,9059	2,206	1,359	2,031	-26,11	-18,95	-26,37	-17,96
30/09/2026 16:56:08	V0.04	23	ANTIHORARIO	15000	5	32,431	1,19	38,613	0,0344	0,0004	0,9486	0,9492	1,565	1,695	0,344	-26,63	-18,58	-26,38	-18,48
30/09/2026 16:56:10	V0.04	23	ANTIHORARIO	15000	6	32,439	1,205	39,586	0,0337	0,0115	0,9529	0,9535	3,427	3,267	0,786	-26,08	-18,66	-26,32	-18,23
30/09/2026 16:56:12	V0.04	23	ANTIHORARIO	15000	7	32,406	1,349	44,449	0,0687	0,0231	0,9242	0,927	0,443	2,229	2,573	-26,04	-17,57	-25,84	-17,53
30/09/2026 16:56:14	V0.04	23	ANTIHORARIO	15000	8	32,436	1,211	39,683	0,0787	0,0242	0,934	0,9376	1,351	1,45	0,969	-26,25	-19,18	-26	-16,4
30/09/2026 16:56:15	V0.04	23	ANTIHORARIO	15000	9	32,468	1,101	36,376	0,0983	0,0383	0,9279	0,9338	3,305	0,908	1,893	-26,36	-19,62	-26,29	-18,69
30/09/2026 16:56:19	V0.04	23	ANTIHORARIO	15000	10	32,419	1,306	43,574	0,0748	0,0378	0,9297	0,9335	1,069	1,748	2,786	-26,06	-17,79	-25,88	-16,4
30/09/2026 16:56:19	V0.04	23	ANTIHORARIO	15000	11	32,41	1,348	43,768	0,0349	0,007	0,9261	0,9268	2,344	2,878	3,573	-26,14	-19,1	-26,33	-17,93
30/09/2026 16:56:21	V0.04	23	ANTIHORARIO	15000	12	32,443	1,167	38,419	0,073	0,0355	0,9243	0,9279	1,626	0,443	1,069	-26,67	-19,58	-26,09	-18,66
30/09/2026 16:56:23	V0.04	23	ANTIHORARIO	15000	13	32,464	1,089	35,793	0,0431	0,0094	0,9618	0,9628	2,718	0,443	0,656	-26,47	-18,55	-26,16	-18,84
30/09/2026 16:56:24	V0.04	23	ANTIHORARIO	15000	14	32,429	1,276	42,115	0,0298	0,0208	0,9008	0,9015	1,672	1,748	2,733	-26,03	-17,34	-25,84	-16,89
30/09/2026 16:56:27	V0.04	23	ANTIHORARIO	15000	15	32,458	1,139	37,738	0,0447	0,0131	0,9292	0,9304	1,45	1,344	0,397	-26,51	-18,99	-26,37	-18,66
30/09/2026 16:56:29	V0.04	23	ANTIHORARIO	15000	16	32,461	1,179	39,099	0,0287	0,0039	0,9309	0,9314	3,595	2,252	0,954	-26,34	-18,95	-25,85	-17,6
30/09/2026 16:56:31	V0.04	23	ANTIHORARIO	15000	17	32,425	1,271	40,947	0,0763	0,0231	0,9342	0,9376	0,435	1,954	3,924	-26,58	-18,3	-26,04	-17,44
30/09/2026 16:56:32	V0.04	23	ANTIHORARIO	15000	18	32,445	1,254	41,142	0,103	0,0381	0,9241	0,9306	1,595	0,45	2,046	-26,18	-18,16	-26,25	-18,44
30/09/2026 16:56:34	V0.04	23	ANTIHORARIO	15000	19	32,478	1,092	36,376	0,0007	0,0154	0,9369	0,937	2,26	0,153	0,916	-26,33	-16,89	-26,02	-18,27
30/09/2026 16:56:36	V0.04	23	ANTIHORARIO	15000	20	32,441	1,251	40,656	0,0934	0,028	0,928	0,9331	1,809	0,023	2,855	-26,32	-18,58	-26,42	-18,37
30/09/2026 16:56:42	V0.04	23	HORARIO	20000	1	32,47	1,148	38,03	0,0641	0,0275	0,9219	0,9246	5,351	5,538	10,812	-25,84	-15,44	-26,09	-15,15
30/09/2026 16:56:45	V0.04	23	HORARIO	20000	2	32,482	1,082	35,501	0,0326	0,002	0,9594	0,9599	2,534	0,733	1,954	-25,79	-17,63	-26,32	-16,18
30/09/2026 16:56:46	V0.04	23	HORARIO	20000	3	32,493	1,051	34,723	0,1008	0,0319	0,934	0,9399	4,023	3,076	0,656	-26,18	-18,03	-25,91	-17,19
30/09/2026 16:56:49	V0.04	23	HORARIO	20000	4	32,46	1,201	38,321	0,0803	0,0493	0,8717	0,8768	2,794	0,42	0,237	-25,81	-16,6	-26,32	-18,37
30/09/2026 16:56:50	V0.04	23	HORARIO	20000	5	32,477	1,118	37,446	0,0376	0,0068	0,9746	0,9754	1,183	0,13	1,382	-25,89	-17,63	-26,09	-17,83
30/09/2026 16:56:52	V0.04	23	HORARIO	20000	6	32,494	1,008	33,945	0,0856	0,0314	0,0157	0,0925	1,969	1,969	1,969	-26,05	-18,27	-26,19	-17,63
30/09/2026 16:56:53	V0.04	23	HORARIO	20000	7	32,48	1,079	35,501	0,0835	0,0276	0,9559	0,96	1,924	1,908	0,374	-26,22	-18,27	-26,38	-17,89
30/09/2026 16:56:56	V0.04	23	HORARIO	20000	8	32,483	1,12	36,668	0,1138	0,0375	0,9497	0,9572	1,947	2,023	0,298	-26,09	-17,13	-26,44	-17,63
30/09/2026 16:56:57	V0.04	23	HORARIO	20000	9	32,466	1,157	38,516	0,041	0,0192	0,9822	0,9832	1,893	1,588	0,031	-26,24	-17,22	-26,64	-18,44
30/09/2026 16:57:00	V0.04	23	HORARIO	20000	10	32,478	1,132	36,96	0,0775	0,0558	0,871	0,8762	1,992	0,847	0,137	-25,85	-17,37	-26,39	-17,69
30/09/2026 16:57:01	V0.04	23	HORARIO	20000	11	32,48	1,107	35,89	0,0374	0,0145	0,8928	0,8937	1,198	0,252	1,473	-26,28	-18,62	-26,54	-16,89
30/09/2026 16:57:03	V0.04	23	HORARIO	20000	12	32,498	1,051	34,236	0,0623	0,0021	0,9768	0,9788	1,282	0,832	1,802	-25,83	-16,77	-26,42	-18,73
30/09/2026 16:57:05	V0.04	23	HORARIO	20000	13	32,489	1,071	35,014	0,1074	0,0516	0,9006	0,9085	2,214	2,107	2,511	-26,29	-17,41	-26,43	-18,09
30/09/2026 16:57:07	V0.04	23	HORARIO	20000	14	32,493	1,089	35,014	0,0591	0,001	0,9761	0,9779	2,023	0,244	0,969	-26,06	-17,57	-26,47	-18,91
30/09/2026 16:57:08	V0.04	23	HORARIO	20000	15	32,465	1,184	38,71	0,0593	0,0521	0,8639	0,8675	2,672	0,305	0,374	-26,15	-17,34	-26,46	-18,69
30/09/2026 16:57:12	V0.04	23	HORARIO	20000	16	32,492	1,084	36,765	0,0686	0,0183	0,9591	0,9617	1,076	0,718	2,084	-26,05	-16,4	-26,25	-17,41
30/09/2026 16:57:13	V0.04	23	HORARIO	20000	17	32,489	1,059	34,82	0,0498	0,0153	0,9125	0,914	2,496	2,229	1,573	-25,84	-15,75	-26,23	-17,89
30/09/2026 16:57:15	V0.04	23	HORARIO	20000	18	32,479	1,169	37,835	0,0352	0,0155	0,9779	0,9787	1,748	2,092	0,084	-26,18	-18,16	-26,28	-18,23
30/09/2026 16:57:17	V0.04	23	HORARIO	20000	19	32,481	1,138	37,446	0,0089	0,0171	0,932	0,9322	1,015	0,519	0,939	-25,72	-16,04	-26,01	-18,2
30/09/2026 16:57:18	V0.04	23	HORARIO	20000	20	32,492	1,08	36,084	0	0	0	0	0	0	0	-25,77	-16,83	-26,12	-18,13
30/09/2026 16:57:25	V0.04	23	ANTIHORARIO	20000	1	32,452	1,226	40,656	0,0829	0,0351	0,9198	0,9241	5,031	5,378	7,348	-26,16	-16,34	-25,78	-15,29
30/09/2026 16:57:26	V0.04	23	ANTIHORARIO	20000	2	32,444	1,242	41,045	0,1265	0,053	0,924	0,9341	1,275	4,122	4,824	-26,76	-18,41	-25,89	-18,2
30/09/2026 16:57:29	V0.04	23	ANTIHORARIO	20000	3	32,488	1,079	36,182	0,0154	0,0059	0,9246	0,9247	1,863	2,214	0,107	-26,49	-19,7	-26,08	-18,03
30/09/2026 16:57:30	V0.04	23	ANTIHORARIO	20000	4	32,477	1,096	35,987	0,0272	0,0005	0,9332	0,9336	1,847	1,198	1,038	-26,58	-18,66	-25,94	-18,37
30/09/2026 16:57:33	V0.04	23	ANTIHORARIO	20000	5	32,449	1,288	42,601	0,0216	0,0043	0,9044	0,9047	1,344	0,84	2,603	-26,17	-17,69	-25,96	-17,34
30/09/2026 16:57:34	V0.04	23	ANTIHORARIO	20000	6	32,47	1,182	38,516	0,0082	0,0154	0,9468	0,9469	1,718	0,366	0,992	-26,66	-17,63	-26,14	-17,31
30/09/2026 16:57:36	V0.04	23	ANTIHORARIO	20000	7	32,487	1,1	35,987	0,0032	0,005	0,9214	0,9214	2,115	0,611	0,405	-26,6	-18,62	-26,09	-17,53
30/09/2026 16:57:38	V0.04	23	ANTIHORARIO	20000	8	32,478	1,146	38,03	0	0	0	0	0	0	0	-26,69	-19,07	-26,03	-18,09
30/09/2026 16:57:41	V0.04	23	ANTIHORARIO	20000	9	32,472	1,199	39,683	0,1133	0,047	0,915	0,9232	2,351	1,511	2,16	-26,04	-18,77	-25,98	-17,79
30/09/2026 16:57:42	V0.04	23	ANTIHORARIO	20000	10	32,449	1,274	42,017	0,0251	0,0103	0,9675	0,9679	1,985	0,809	2,733	-26,54	-18,62	-25,93	-17,37
30/09/2026 16:57:46	V0.04	23	ANTIHORARIO	20000	12	32,443	1,298	42,406	0,0895	0,0342	0,9335	0,9384	1,206	0,42	2,198	-26,84	-18,06	-26,31	-16,6
30/09/2026 16:57:46	V0.04	23	ANTIHORARIO	20000	11	32,439	1,338	43,963	0,0107	0,0089	0,9117	0,9118	2,198	1,626	2,412	-26,62	-19,18	-26,16	-17,76
30/09/2026 16:57:50	V0.04	23	ANTIHORARIO	20000	14	32,482	1,087	35,209	0,0122	0,0155	0,9619	0,9621	2,244	0,031	0,641	-26,75	-19,91	-26,44	-18,91
30/09/2026 16:57:53	V0.04	23	ANTIHORARIO	20000	13	32,447	1,25	40,461	0,095	0,0231	0,9271	0,9323	0,779	1,267	1,183	-25,54	-17,01	-25,35	-17,25
30/09/2026 16:57:53	V0.04	23	ANTIHORARIO	20000	16	32,451	1,258	41,531	0,0763	0,0223	0,9281	0,9315	1,42	1,695	1,992	-26,19	-18,51	-26,14	-15,93
30/09/2026 16:57:55	V0.04	23	ANTIHORARIO	20000	17	32,497	1,071	35,695	0,032	0,0001	0,9296	0,9301	1,687	3,702	0,305	-26,8	-18,66	-26,47	-17,73
30/09/2026 16:57:58	V0.04	23	ANTIHORARIO	20000	19	32,451	1,287	42,893	0,0212	0,0222	0,9325	0,933	1,305	0,511	2,443	-26,6	-18,66	-26,36	-19,26
30/09/2026 16:58:00	V0.04	23	ANTIHORARIO	20000	15	32,467	1,207	39,294	0,028	0,0247	0,9519	0,9526	1,817	0,389	1,221	-26,26	-18,51	-26,21	-18,41
30/09/2026 16:58:00	V0.04	23	ANTIHORARIO	20000	20	32,495	1,093	35,987	0,1301	0,0526	0,939	0,9494	1,885	2,206	0,107	-25,94	-18,55	-26,15	-17,57
30/09/2026 16:58:07	V0.04	23	ANTIHORARIO	20000	18	32,492	1,114	37,154	0,104	0,0315	0,9359	0,9422	2,313	1,389	0,313	-26,68	-18,58	-26,17	-18,06
30/09/2026 17:04:40	V0.04	24	HORARIO	15000	3	32,406	1,129	37,057	0,0557	0,0261	0,9152	0,9172	1,969	1,969	1,969	-26,01	-17,53	-26,18	-17,16
30/09/2026 17:04:53	V0.04	24	HORARIO	15000	2	32,4	1,14	37,543	0,111	0,0289	0,9403	0,9473	3,099	0,534	2,733	-26	-17,63	-26,26	-18,58
30/09/2026 17:04:54	V0.04	24	HORARIO	15000	1	32,405	1,086	35,89	0,084	0,0373	0,9208	0,9254	4,218	7,051	7,216	-25,12	-14,81	-25,85	-15,07
30/09/2026 17:04:56	V0.04	24	HORARIO	15000	11	32,431	1,137	37,057	0,1022	0,0341	0,9326	0,9388	2,008	0,977	0,237	-25,29	-16,57	-25,74	-18,37
30/09/2026 17:04:57	V0.04	24	HORARIO	15000	5	32,416	1,118	37,252	0,047	0,0045	0,9293	0,9305	0,893	3,603	0,779	-25,76	-17,83	-26,26	-18,03
30/09/2026 17:04:58	V0.04	24	HORARIO	15000	6	32,408	1,144	37,932	0,0675	0,0499	0,9027	0,9066	2,916	2,496	0,84	-25,18	-16,83	-25,79	-16,4
30/09/2026 17:04:58	V0.04	24	HORARIO	15000	7	32,419	1,089	35,404	0,0419	0,0182	0,9298	0,9309	0,427	3,473	1,588	-25,22	-16,77	-25,88	-15,59
30/09/2026 17:04:59	V0.04	24	HORARIO	15000	8	32,421	1,135	37,349	0,0579	0,0939	0,0157	0,1114	3,931	3,931	3,931	-25,67	-17,66	-26,14	-19,22
30/09/2026 17:05:00	V0.04	24	HORARIO	15000	9	32,431	1,126	36,473	0,0852	0,0303	0,9231	0,9275	1,763	1,58	0,664	-25,31	-16,65	-25,69	-17,99
30/09/2026 17:05:01	V0.04	24	HORARIO	15000	10	32,428	1,115	36,182	0,0646	0,0332	0,9077	0,9106	2,267	2,336	0,466	-24,85	-15,27	-25,48	-16,43
30/09/2026 17:05:02	V0.04	24	HORARIO	15000	4	32,412	1,069	35,501	0,0571	0,0408	0,9065	0,9092	1,924	1,939	1,267	-25,7	-17,1	-26	-18,37
30/09/2026 17:05:04	V0.04	24	HORARIO	15000	13	32,438	1,095	36,084	0,0868	0,0175	0,9446	0,9487	2,55	1,42	0,977	-25,1	-17,13	-25,87	-16,92
30/09/2026 17:05:06	V0.04	24	HORARIO	15000	12	32,441	1,102	35,598	0,0205	0,0042	0,9382	0,9385	1,992	1,603	0,58	-25,09	-17,16	-25,81	-15,22
30/09/2026 17:05:06	V0.04	24	HORARIO	15000	14	32,44	1,062	35,306	0,0641	0,006	0,9377	0,94	2,992	1,771	1,382	-25,12	-16,95	-25,72	-17,07
30/09/2026 17:05:09	V0.04	24	HORARIO	15000	17	32,463	1,06	34,334	0,0286	0,0198	0,9269	0,9275	2,198	0,344	1,305	-24,57	-15,37	-25,43	-15,44
30/09/2026 17:05:09	V0.04	24	HORARIO	15000	15	32,449	1,066	34,917	0,0901	0,0397	0,9224	0,9276	1,802	0,145	1,824	-25,03	-17,04	-25,92	-16,26
30/09/2026 17:05:11	V0.04	24	HORARIO	15000	16	32,441	1,122	36,473	0,0493	0,0181	0,9402	0,9417	1,939	1,092	0,71	-25,33	-15,91	-25,94	-17,57
30/09/2026 17:05:13	V0.04	24	HORARIO	15000	18	32,462	1,025	33,166	0,0326	0,024	0,9147	0,9156	2,573	0,069	1,748	-25,46	-17,01	-25,86	-16,09
30/09/2026 17:05:14	V0.04	24	HORARIO	15000	19	32,472	1,022	33,945	0,0852	0,0077	0,9374	0,9413	2,473	0,221	1,107	-24,88	-15,57	-25,81	-17,73
30/09/2026 17:05:14	V0.04	24	HORARIO	15000	20	32,468	1,058	34,723	0,0983	0,0012	0,9384	0,9435	2,977	2,099	0,817	-25,47	-16,98	-25,89	-16,54
30/09/2026 17:05:22	V0.04	24	ANTIHORARIO	15000	1	32,467	0,969	32,486	0,0702	0,0237	0,9246	0,9275	3,008	5,548	7,983	-25,45	-15,15	-26,06	-15,62
30/09/2026 17:05:23	V0.04	24	ANTIHORARIO	15000	2	32,469	0,956	31,416	0,0437	0,036	0,8896	0,8914	3,107	1,397	1,008	-25,44	-16,43	-25,97	-17,53
30/09/2026 17:05:25	V0.04	24	ANTIHORARIO	15000	3	32,463	0,999	33,945	0,0426	0,0002	0,9371	0,9381	1,702	0,137	1,076	-25,14	-16,71	-25,95	-17,47
30/09/2026 17:05:28	V0.04	24	ANTIHORARIO	15000	4	32,465	1,025	33,945	0,0542	0,026	0,9375	0,9394	2,305	1,702	0,809	-25,05	-16,48	-25,92	-17,66
30/09/2026 17:05:28	V0.04	24	ANTIHORARIO	15000	5	32,471	0,984	31,61	0,035	0,0262	0,8911	0,8922	2,244	0,832	0,901	-25,33	-16,65	-25,99	-17,13
30/09/2026 17:05:30	V0.04	24	ANTIHORARIO	15000	6	32,47	0,998	32,875	0,0535	0,0055	0,95	0,9515	1,573	0,427	1,534	-25,46	-17,07	-26,12	-19,1
30/09/2026 17:05:33	V0.04	24	ANTIHORARIO	15000	7	32,47	1,024	33,264	0,0875	0,0044	0,9423	0,9463	1,969	0,267	1	-25,52	-15,85	-26,1	-17,76
30/09/2026 17:05:33	V0.04	24	ANTIHORARIO	15000	8	32,479	0,98	32,097	0,0222	0,0355	0,9082	0,9092	2,336	0,641	0,855	-25,19	-16,45	-25,87	-16,95
30/09/2026 17:05:40	V0.04	24	ANTIHORARIO	15000	10	32,481	0,991	32,583	0,0735	0,007	0,9382	0,9411	1,885	1,115	1,336	-25,42	-17,5	-25,87	-16,43
30/09/2026 17:05:40	V0.04	24	ANTIHORARIO	15000	11	32,476	0,993	32,972	0,0781	0,0023	0,9426	0,9459	1,802	0,427	1,573	-25,42	-16,37	-25,81	-16,98
30/09/2026 17:05:40	V0.04	24	ANTIHORARIO	15000	9	32,462	1,041	33,653	0,0742	0,0046	0,924	0,9269	2,389	1,115	1,511	-25,51	-16,43	-26,22	-18,23
30/09/2026 17:05:42	V0.04	24	ANTIHORARIO	15000	12	32,478	0,967	31,513	0,0525	0,0404	0,9186	0,921	2,145	1,771	0,534	-25,54	-17,04	-25,94	-17,63
30/09/2026 17:05:43	V0.04	24	ANTIHORARIO	15000	13	32,476	1,022	33,458	0,0515	0,022	0,9058	0,9075	2,145	0,901	0,626	-25,15	-15,75	-25,66	-17,25
30/09/2026 17:05:45	V0.04	24	ANTIHORARIO	15000	14	32,467	1,019	33,945	0,0787	0,0219	0,9453	0,9488	2,664	1,511	0,802	-25,4	-15,88	-26,07	-17,22
30/09/2026 17:05:46	V0.04	24	ANTIHORARIO	15000	15	32,491	0,981	31,319	0,0796	0,0015	0,9382	0,9416	2,328	0,534	1,168	-25,2	-15,99	-25,58	-16,95
30/09/2026 17:05:48	V0.04	24	ANTIHORARIO	15000	16	32,473	1,008	33,75	0,0797	0,0101	0,9393	0,9428	2,191	0,542	1,779	-25,43	-16,74	-25,98	-17,28
30/09/2026 17:05:50	V0.04	24	ANTIHORARIO	15000	17	32,472	1,003	34,334	0,0471	0,0249	0,9447	0,9462	1,519	0,252	0,366	-25,64	-16,6	-26,31	-17,25
30/09/2026 17:05:52	V0.04	24	ANTIHORARIO	15000	18	32,484	0,976	32,388	0,0298	0,0392	0,922	0,9233	2,45	1,099	0,756	-25,67	-17,1	-25,82	-16,23
30/09/2026 17:05:54	V0.04	24	ANTIHORARIO	15000	19	32,48	1,02	33,556	0,0321	0,0414	0,9119	0,9134	1,901	0,328	1,725	-25,52	-17,34	-25,82	-16,6
30/09/2026 17:05:55	V0.04	24	ANTIHORARIO	15000	20	32,48	1,008	33,556	0,0073	0,0333	0,9047	0,9053	1,618	0,252	0,298	-25,45	-15,88	-26,15	-17,19
30/09/2026 17:06:03	V0.04	24	HORARIO	20000	1	32,484	1,029	33,361	0,0666	0,0266	0,9228	0,9255	4,54	6,746	6,916	-25,34	-14,74	-25,94	-16,09
30/09/2026 17:06:04	V0.04	24	HORARIO	20000	2	32,488	0,987	32,68	0,051	0,0034	0,9346	0,936	2,878	1,229	2,847	-25,21	-16,31	-26,28	-17,73
30/09/2026 17:06:07	V0.04	24	HORARIO	20000	3	32,503	0,975	31,708	0,0641	0,0168	0,9413	0,9436	2,366	1,076	0,832	-25,07	-16,48	-25,84	-17,83
30/09/2026 17:06:08	V0.04	24	HORARIO	20000	4	32,49	1,035	33,847	0,0471	0,0128	0,9371	0,9384	2,008	0,504	0,901	-24,73	-15,85	-25,9	-17,57
30/09/2026 17:06:10	V0.04	24	HORARIO	20000	5	32,485	1,032	33,458	0,0668	0,0044	0,9463	0,9487	1,962	0,374	0,962	-24,95	-15,88	-25,6	-16,31
30/09/2026 17:06:12	V0.04	24	HORARIO	20000	6	32,502	0,976	32,583	0,0424	0,0062	0,9415	0,9425	1,611	0,107	1,412	-25,48	-17,79	-26,14	-18,13
30/09/2026 17:06:14	V0.04	24	HORARIO	20000	7	32,496	1,02	33,75	0,0669	0,0022	0,9453	0,9477	2,046	0,366	0,863	-25,18	-15,24	-26,03	-16,77
30/09/2026 17:06:16	V0.04	24	HORARIO	20000	8	32,483	1,043	33,847	0,0529	0,0068	0,9382	0,9397	2,641	1,824	0,748	-25,08	-15,29	-25,67	-17,79
30/09/2026 17:06:18	V0.04	24	HORARIO	20000	9	32,501	0,987	32,486	0,0439	0,0164	0,9363	0,9375	1,756	0,939	1,611	-25,8	-18,44	-26,28	-17,37
30/09/2026 17:06:19	V0.04	24	HORARIO	20000	10	32,507	0,924	30,735	0,0387	0,0057	0,9426	0,9434	1,672	1,45	1,29	-25,79	-16,07	-26,73	-17,57
30/09/2026 17:06:22	V0.04	24	HORARIO	20000	11	32,493	0,992	33,264	0,0535	0,0236	0,9363	0,9381	1,924	0,931	0,359	-24,98	-16,48	-25,72	-16,65
30/09/2026 17:06:23	V0.04	24	HORARIO	20000	12	32,498	1,038	33,556	0,0676	0,036	0,9266	0,9298	2,893	3,176	1,092	-25,53	-16,65	-26,14	-16,74
30/09/2026 17:06:26	V0.04	24	HORARIO	20000	13	32,509	0,969	32,291	0,0714	0,0334	0,9165	0,9199	2,45	0,405	1,496	-25,81	-16,86	-26,3	-18,2
30/09/2026 17:06:28	V0.04	24	HORARIO	20000	14	32,495	1,038	33,556	0,0632	0,0018	0,9413	0,9434	1,305	1,137	0,901	-25,38	-15,83	-26,22	-17,25
30/09/2026 17:06:31	V0.04	24	HORARIO	20000	15	32,499	0,993	32,097	0,0493	0,004	0,938	0,9393	2,779	2,099	1,359	-25,79	-17,76	-26,16	-18,58
30/09/2026 17:06:32	V0.04	24	HORARIO	20000	17	32,496	1,013	33,653	0,0499	0,0051	0,9399	0,9413	2,397	1,771	0,702	-24,92	-16,37	-25,93	-17,5
30/09/2026 17:06:34	V0.04	24	HORARIO	20000	16	32,493	1,036	33,847	0,0469	0,0417	0,9071	0,9093	0,985	2,496	0,847	-25,76	-17,69	-26,62	-17,22
30/09/2026 17:06:36	V0.04	24	HORARIO	20000	18	32,499	1,03	33,264	0,0709	0,0509	0,9064	0,9106	2,87	2,618	1,641	-25,85	-16,89	-26,49	-18,66
30/09/2026 17:06:38	V0.04	24	HORARIO	20000	20	32,49	1,03	33,166	0,0787	0,0388	0,9059	0,9101	2,55	1,389	0,977	-25,84	-18,03	-26,37	-19,03
30/09/2026 17:06:47	V0.04	24	ANTIHORARIO	20000	2	32,506	0,935	30,929	0,0549	0,006	0,9197	0,9213	2,168	1,771	2,916	-25,46	-17,25	-26,29	-17,86
30/09/2026 17:06:50	V0.04	24	HORARIO	20000	19	32,509	0,961	32,583	0,0498	0,0168	0,9385	0,9399	1,794	1,244	1,603	-25,29	-17,28	-25,92	-18,58
30/09/2026 17:06:51	V0.04	24	ANTIHORARIO	20000	4	32,495	0,988	32,68	0,099	0,0016	0,9414	0,9466	2,031	0,313	0,473	-25,47	-17,1	-25,95	-17,44
30/09/2026 17:06:54	V0.04	24	ANTIHORARIO	20000	6	32,478	1,035	34,431	0,0652	0,0391	0,9326	0,9357	1,511	0,038	1,13	-25,67	-17,86	-26,13	-17,76
30/09/2026 17:06:56	V0.04	24	ANTIHORARIO	20000	7	32,5	0,985	33,264	0,0253	0,0337	0,9215	0,9225	1,664	0,412	0,542	-25,69	-16,34	-25,96	-17,69
30/09/2026 17:06:58	V0.04	24	ANTIHORARIO	20000	8	32,512	0,95	31,902	0,0461	0,0201	0,905	0,9064	2,252	0,351	0,847	-25,33	-16,89	-25,75	-16,54
30/09/2026 17:06:59	V0.04	24	ANTIHORARIO	20000	9	32,493	1,001	33,264	0,0598	0,0085	0,9349	0,9369	1,969	1,977	3,931	-25,47	-15,96	-26,1	-17,37
30/09/2026 17:07:01	V0.04	24	ANTIHORARIO	20000	10	32,491	0,991	32,388	0,0493	0,0121	0,9406	0,9419	2,099	1,099	1,198	-25,33	-17,41	-25,63	-16,2
30/09/2026 17:07:04	V0.04	24	ANTIHORARIO	20000	3	32,49	0,994	33,75	0,0676	0,031	0,9376	0,9406	1,053	0,618	3,427	-25,35	-17,37	-26,07	-17,66
30/09/2026 17:07:05	V0.04	24	ANTIHORARIO	20000	5	32,501	0,953	32,486	0,0581	0,0046	0,9375	0,9393	2,267	0,847	1,496	-25,53	-17,5	-26,02	-16,83
30/09/2026 17:07:07	V0.04	24	ANTIHORARIO	20000	1	32,499	0,955	31,902	0,0874	0,0307	0,9259	0,9305	4,104	8,206	8,466	-25,33	-15,7	-25,83	-16,04
30/09/2026 17:07:09	V0.04	24	ANTIHORARIO	20000	11	32,509	0,963	31,999	0,0652	0,0142	0,9272	0,9296	2,092	0,305	0,763	-25,28	-17,5	-25,73	-17,41
30/09/2026 17:07:11	V0.04	24	ANTIHORARIO	20000	15	32,49	1,039	34,917	0,0641	0,0071	0,9338	0,9361	1,924	0,359	1,687	-25,4	-17,53	-25,85	-16,89
30/09/2026 17:07:12	V0.04	24	ANTIHORARIO	20000	13	32,503	0,975	32,486	0,0477	0,0282	0,9409	0,9425	2,13	1,939	0,763	-25,25	-17,79	-25,86	-16,95
30/09/2026 17:07:12	V0.04	24	ANTIHORARIO	20000	16	32,487	1,044	34,139	0,064	0,0144	0,9301	0,9324	0,947	1,84	1,053	-25,66	-17,37	-26,02	-16,65
30/09/2026 17:07:13	V0.04	24	ANTIHORARIO	20000	14	32,494	1,018	33,458	0,0505	0,0009	0,9385	0,9398	2,351	0,115	0,74	-25,53	-16,77	-25,94	-18,16
30/09/2026 17:07:14	V0.04	24	ANTIHORARIO	20000	12	32,482	1,058	35,112	0,0625	0,0187	0,9182	0,9205	2,687	1,573	1,321	-25,61	-17,13	-25,98	-18,2
30/09/2026 17:07:16	V0.04	24	ANTIHORARIO	20000	17	32,504	1,012	32,875	0,0634	0,0063	0,9283	0,9305	1,817	0,076	0,389	-24,95	-17,25	-25,98	-17,73
30/09/2026 17:07:18	V0.04	24	ANTIHORARIO	20000	18	32,489	1,045	35,112	0,0624	0,016	0,9398	0,942	2,084	0,313	1,71	-25,34	-17,19	-25,76	-16,31
30/09/2026 17:07:18	V0.04	24	ANTIHORARIO	20000	19	32,492	1,027	32,875	0,0454	0,0341	0,894	0,8958	2,466	1,817	0,802	-25,52	-17,83	-26,04	-17,93
30/09/2026 17:07:20	V0.04	24	ANTIHORARIO	20000	20	32,491	1,01	34,431	0,0454	0,0148	0,9427	0,944	2,176	0,244	0,672	-25,11	-16,12	-25,71	-17,63
30/09/2026 17:10:29	V0.04	25	HORARIO	15000	2	32,436	1,026	33,653	0,0937	0,0072	0,8979	0,9029	3,061	1,443	1,427	-25,59	-16,2	-26,11	-17,6
30/09/2026 17:10:31	V0.04	25	HORARIO	15000	3	32,422	1,068	35,404	0,0392	0,0374	0,9138	0,9154	1,496	0,26	2,901	-25,87	-17,1	-26	-15,78
30/09/2026 17:10:32	V0.04	25	HORARIO	15000	4	32,439	1,029	33,556	0,048	0,0465	1,0032	1,0054	1,977	1,275	0,435	-25,7	-17,41	-26,07	-18,13
30/09/2026 17:10:36	V0.04	25	HORARIO	15000	6	32,431	1,083	35,501	0,0988	0,0175	0,9489	0,9541	2,038	0,603	1,725	-25,77	-16,71	-26,27	-17,44
30/09/2026 17:10:37	V0.04	25	HORARIO	15000	7	32,442	1,021	34,334	0,0537	0,0222	0,9048	0,9067	2,015	2,962	1,351	-25,8	-16,01	-25,81	-16,6
30/09/2026 17:10:39	V0.04	25	HORARIO	15000	8	32,431	1,074	35,014	0,1074	0,0161	0,9379	0,9441	2,351	1,908	0,092	-25,95	-17,34	-26,11	-17,79
30/09/2026 17:10:41	V0.04	25	HORARIO	15000	9	32,458	1,022	33,847	0,0226	0,0204	0,8877	0,8882	1,649	2,443	2,053	-25,69	-16,26	-25,97	-15,8
30/09/2026 17:10:50	V0.04	25	HORARIO	15000	14	32,455	1,075	34,82	0,0747	0,0247	0,9313	0,9346	1,992	1,305	1,168	-25,94	-16,65	-26,39	-17,93
30/09/2026 17:10:52	V0.04	25	HORARIO	15000	1	32,417	1,077	35,306	0,0864	0,035	0,9243	0,9289	3,706	6,596	7,202	-25,59	-14,45	-25,91	-15,27
30/09/2026 17:10:54	V0.04	25	HORARIO	15000	16	32,452	1,093	35,404	0,1134	0,0082	0,9502	0,957	1,832	1,168	0,473	-25,68	-16,34	-26,15	-17,07
30/09/2026 17:10:56	V0.04	25	HORARIO	15000	17	32,466	1,005	32,777	0,0713	0,03	0,9391	0,9423	2,16	1,702	2,023	-25,52	-16,45	-25,98	-16,6
30/09/2026 17:11:05	V0.04	25	HORARIO	15000	10	32,462	0,99	32,097	0,0947	0,0287	0,9921	0,997	2,023	0,725	1,656	-25,68	-16,51	-25,85	-16,89
30/09/2026 17:11:08	V0.04	25	ANTIHORARIO	15000	1	32,46	1,024	33,458	0,0957	0,0285	0,9255	0,9308	3,081	7,289	9,1	-25,95	-16,01	-25,94	-15,37
30/09/2026 17:11:09	V0.04	25	HORARIO	15000	11	32,478	0,968	31,027	0,0538	0,0238	0,9296	0,9314	1,786	0,092	1,198	-25,41	-15,91	-26,09	-17,5
30/09/2026 17:11:11	V0.04	25	ANTIHORARIO	15000	3	32,468	1,003	32,875	0,0281	0,0101	0,9326	0,9331	3,122	1,29	0,771	-26,12	-17,73	-25,96	-17,47
30/09/2026 17:11:13	V0.04	25	ANTIHORARIO	15000	4	32,455	1,067	34,917	0,0569	0,0432	0,9598	0,9625	2,565	0,42	1,397	-26,1	-17,79	-26,15	-17,99
30/09/2026 17:11:14	V0.04	25	HORARIO	15000	12	32,464	1,049	34,625	0,0616	0,0208	0,8823	0,8847	2,672	1,626	0,076	-25,57	-17,16	-26,38	-16,6
30/09/2026 17:11:15	V0.04	25	ANTIHORARIO	15000	5	32,473	0,988	32,486	0,0232	0,0187	0,9275	0,928	1,015	1,206	0,702	-25,92	-18,77	-26,02	-16,83
30/09/2026 17:11:16	V0.04	25	HORARIO	15000	18	32,464	1,051	34,334	0,0466	0,0062	0,9225	0,9237	2,45	3,336	0,786	-25,5	-17,16	-26,23	-17,19
30/09/2026 17:11:19	V0.04	25	HORARIO	15000	13	32,442	1,074	35,209	0,1095	0,0249	0,974	0,9805	1,725	0,969	0,58	-25,62	-16,8	-26,17	-18,2
30/09/2026 17:11:20	V0.04	25	ANTIHORARIO	15000	8	32,481	0,948	31,027	0,0543	0,0602	0,9579	0,9613	1,954	0,122	0,779	-26	-17,99	-25,96	-18,06
30/09/2026 17:11:24	V0.04	25	ANTIHORARIO	15000	7	32,462	1,057	34,528	0,0602	0,0068	0,911	0,913	2,817	2,191	1,16	-25,74	-17,47	-26	-17,13
30/09/2026 17:11:24	V0.04	25	ANTIHORARIO	15000	10	32,489	0,942	31,61	0,1111	0,0299	0,9402	0,9472	1,122	1,939	0,244	-25,8	-18,3	-25,96	-17,63
30/09/2026 17:11:24	V0.04	25	ANTIHORARIO	15000	2	32,463	1,033	34,334	0,1274	0,0022	0,8977	0,9067	1,206	1,115	4,466	-26,06	-17,5	-25,95	-17,79
30/09/2026 17:11:24	V0.04	25	HORARIO	15000	5	32,434	1,068	35,404	0,0785	0,0433	0,9617	0,9658	1,931	2,412	0,565	-25,38	-16,15	-26,23	-17,99
30/09/2026 17:11:24	V0.04	25	HORARIO	15000	19	32,454	1,084	36,279	0,0626	0,0422	0,9342	0,9373	1,687	1,893	0,389	-25,7	-16,04	-26,4	-17,83
30/09/2026 17:11:26	V0.04	25	ANTIHORARIO	15000	11	32,481	1,006	32,777	0,0416	0,0453	0,9648	0,9668	3,183	1,977	0,641	-26,04	-17,93	-26,45	-18,66
30/09/2026 17:11:29	V0.04	25	ANTIHORARIO	15000	13	32,494	0,907	30,638	0,1212	0,0189	0,9424	0,9503	1,412	0,206	0,26	-26,07	-17,93	-26,11	-18,13
30/09/2026 17:11:30	V0.04	25	ANTIHORARIO	15000	6	32,465	1,042	34,431	0,0233	0,0184	0,932	0,9325	1,679	2,481	1,351	-26,08	-17,86	-26,29	-17,99
30/09/2026 17:11:31	V0.04	25	ANTIHORARIO	15000	14	32,475	1,069	35,112	0,068	0,0155	0,9288	0,9314	2,084	2,771	0,519	-26,02	-17,79	-26,4	-18,2
30/09/2026 17:11:33	V0.04	25	ANTIHORARIO	15000	12	32,464	1,08	34,917	0,0975	0,0156	0,9092	0,9145	1,122	3,252	3,069	-25,91	-17,44	-26,11	-17,31
30/09/2026 17:11:33	V0.04	25	ANTIHORARIO	15000	15	32,458	1,095	36,182	0,1077	0,0155	0,9052	0,9117	1,115	1,939	1,695	-25,99	-18,16	-26,2	-16,92
30/09/2026 17:11:34	V0.04	25	HORARIO	15000	15	32,469	0,984	32,68	0,0603	0,0419	0,8127	0,8161	2,038	1,252	0,985	-25,94	-17,34	-26,27	-17,44
30/09/2026 17:11:35	V0.04	25	ANTIHORARIO	15000	16	32,47	1,069	35,598	0,123	0,0137	0,9208	0,9291	1,076	2,55	1,908	-26,29	-18,27	-26,08	-18,23
30/09/2026 17:11:37	V0.04	25	ANTIHORARIO	15000	17	32,471	1,072	35,404	0,1115	0,0082	0,9084	0,9153	2,267	0,015	1,969	-26,02	-18,09	-26,11	-18,27
30/09/2026 17:11:41	V0.04	25	ANTIHORARIO	15000	19	32,479	1,059	34,723	0,0006	0,01	0,9266	0,9267	1,42	0,71	2,71	-26,02	-16,95	-26,05	-17,34
30/09/2026 17:11:42	V0.04	25	ANTIHORARIO	15000	20	32,491	0,973	32,194	0,0822	0,0508	0,9618	0,9666	1,374	1,702	0,076	-25,99	-18,06	-26,24	-17,44
30/09/2026 17:11:44	V0.04	25	ANTIHORARIO	15000	18	32,5	0,961	31,708	0,0437	0,004	0,9211	0,9222	2,267	0,397	0,87	-26	-17,73	-26,05	-17,57
30/09/2026 17:11:45	V0.04	25	HORARIO	15000	20	32,459	1,051	35,306	0,0851	0,0256	0,9254	0,9297	2,046	1,504	1,87	-25,59	-16,01	-26	-17,89
30/09/2026 17:11:46	V0.04	25	ANTIHORARIO	15000	9	32,456	1,066	35,695	0,0872	0,0319	0,9335	0,9381	1,382	1,611	2,443	-26	-17,47	-26,11	-17,44
30/09/2026 17:11:49	V0.04	25	HORARIO	20000	1	32,479	1,03	34,431	0,0867	0,0287	0,9251	0,9295	3,522	7,011	7,477	-25,8	-15,72	-26,06	-15,99
30/09/2026 17:11:51	V0.04	25	HORARIO	20000	2	32,505	0,989	32,291	0,0792	0,01	0,9298	0,9332	2,511	3,282	2,656	-25,85	-17,25	-26,37	-18,48
30/09/2026 17:11:53	V0.04	25	HORARIO	20000	3	32,48	1,03	34,139	0,0483	0,0138	0,8684	0,8699	1,771	0,603	3,87	-25,66	-17,22	-26,17	-17,37
30/09/2026 17:11:55	V0.04	25	HORARIO	20000	4	32,52	0,9	29,86	0,0426	0,0441	0,9458	0,9478	1,13	3,183	1,634	-25,82	-17,25	-25,96	-17,53
30/09/2026 17:11:57	V0.04	25	HORARIO	20000	5	32,487	1,024	33,945	0,0841	0,0171	0,8763	0,8805	2,809	3,328	0,405	-25,96	-18,09	-26,14	-18,27
30/09/2026 17:11:59	V0.04	25	HORARIO	20000	6	32,505	0,957	32,194	0	0	0	0	0	0	0	-25,24	-17,44	-26,45	-18,55
30/09/2026 17:12:01	V0.04	25	HORARIO	20000	7	32,503	0,932	31,902	0,0192	0,0308	0,9647	0,9654	1,588	0,863	2,053	-26,14	-18,06	-26,34	-18,8
30/09/2026 17:12:03	V0.04	25	HORARIO	20000	8	32,512	0,964	31,416	0,1069	0,0396	0,9443	0,9512	1,565	1,847	0,802	-26,17	-18,58	-26,51	-19,14
30/09/2026 17:12:04	V0.04	25	HORARIO	20000	9	32,5	0,987	33,166	0	0	0	0	0	0	0	-25,84	-17,76	-26,52	-18,62
30/09/2026 17:12:05	V0.04	25	HORARIO	20000	10	32,512	0,943	31,513	0,0616	0,0411	0,9565	0,9594	1,603	1,267	1,824	-26,01	-17,69	-26,36	-18,66
30/09/2026 17:12:07	V0.04	25	HORARIO	20000	11	32,496	1,002	33,069	0,085	0,0187	0,8717	0,876	2,931	3,214	0,824	-26,05	-17,57	-26,76	-19,66
30/09/2026 17:12:09	V0.04	25	HORARIO	20000	12	32,483	1,046	34,334	0,0144	0,0037	0,9347	0,9348	1,374	0,954	0,74	-26,47	-18,34	-26,38	-18,84
30/09/2026 17:12:10	V0.04	25	HORARIO	20000	13	32,526	0,892	29,762	0,0574	0,0295	0,9594	0,9615	1,832	1,634	1,626	-25,8	-17,96	-26,55	-18,37
30/09/2026 17:12:12	V0.04	25	HORARIO	20000	14	32,494	1,035	33,653	0,0463	0,0212	0,8851	0,8866	2,908	3,26	0,779	-26,1	-17,73	-26,53	-17,73
30/09/2026 17:12:14	V0.04	25	HORARIO	20000	15	32,484	1,026	34,723	0,0386	0,0205	0,9578	0,9588	1,282	1,351	0,74	-25,77	-16,62	-26,2	-16,37
30/09/2026 17:12:16	V0.04	25	HORARIO	20000	16	32,524	0,905	31,027	0,0901	0,0378	0,9524	0,9574	2,389	2,771	1,313	-25,97	-17,86	-26,41	-17,66
30/09/2026 17:12:18	V0.04	25	HORARIO	20000	17	32,503	0,999	32,583	0,1063	0,0078	0,9127	0,9189	2,206	2,198	1,382	-25,95	-18,73	-26,29	-18,48
30/09/2026 17:12:19	V0.04	25	HORARIO	20000	18	32,496	1,032	34,334	0,1099	0,0093	0,9412	0,9476	1,672	2,458	0,519	-26,08	-17,93	-26,44	-18,88
30/09/2026 17:12:21	V0.04	25	HORARIO	20000	19	32,527	0,925	30,735	0,0588	0,0028	0,9476	0,9495	2,145	1,885	1,611	-25,78	-17,31	-26,43	-16,18
30/09/2026 17:12:23	V0.04	25	HORARIO	20000	20	32,509	0,938	32,583	0,016	0,0229	0,9556	0,956	1,969	1,969	1,969	-26,31	-18,51	-26,55	-17,6
30/09/2026 17:12:31	V0.04	25	ANTIHORARIO	20000	2	32,491	0,974	32,875	0,0593	0,0115	0,9169	0,9189	1,015	0,71	5,679	-26,64	-18,16	-26,03	-18,48
30/09/2026 17:12:32	V0.04	25	ANTIHORARIO	20000	1	32,509	0,927	30,054	0,0959	0,029	0,9221	0,9276	4,478	5,212	8,21	-26,24	-16,4	-26,15	-16,6
30/09/2026 17:12:33	V0.04	25	ANTIHORARIO	20000	3	32,48	1,018	33,556	0,056	0,0497	0,96	0,9629	2,115	3,412	0,389	-26,43	-17,93	-26,19	-18,55
30/09/2026 17:12:37	V0.04	25	ANTIHORARIO	20000	5	32,491	1,032	33,653	0,1146	0,0084	0,9136	0,9208	1,557	3,191	2,038	-26,48	-18,66	-26,22	-18,13
30/09/2026 17:12:40	V0.04	25	ANTIHORARIO	20000	7	32,508	0,97	32,972	0	0	0	0	0	0	0	-26,11	-18,16	-26,26	-17,99
30/09/2026 17:12:41	V0.04	25	ANTIHORARIO	20000	4	32,514	0,935	31,319	0,0746	0,0391	0,9622	0,9658	2,29	2,183	0,534	-26,36	-18,77	-26,34	-18,84
30/09/2026 17:12:42	V0.04	25	ANTIHORARIO	20000	8	32,499	1,024	34,139	0,0946	0,0077	0,9031	0,9081	1,321	3,221	2,099	-26,42	-18,27	-26,08	-18,3
30/09/2026 17:12:44	V0.04	25	ANTIHORARIO	20000	9	32,513	0,959	30,832	0,14	0,0006	0,924	0,9345	1,595	0,618	0,321	-26,04	-18,23	-26,24	-17,07
30/09/2026 17:12:47	V0.04	25	ANTIHORARIO	20000	10	32,492	1,004	33,556	0,0145	0,0247	0,9305	0,931	1,511	3,038	1,634	-26,41	-19,07	-26,27	-19,26
30/09/2026 17:12:48	V0.04	25	ANTIHORARIO	20000	11	32,48	1,063	34,917	0,1179	0,0338	0,9646	0,9724	1,13	2,55	2,534	-26,34	-18,69	-26,45	-18,16
30/09/2026 17:12:49	V0.04	25	ANTIHORARIO	20000	12	32,494	0,999	32,777	0,0377	0,0475	0,9528	0,9547	1,947	0,282	0,687	-26,34	-16,57	-26,28	-18,06
30/09/2026 17:12:50	V0.04	25	ANTIHORARIO	20000	6	32,504	0,916	31,027	0,12	0,0446	0,972	0,9804	1,412	0,206	1,076	-26,41	-18,84	-26,22	-19,07
30/09/2026 17:12:51	V0.04	25	ANTIHORARIO	20000	13	32,5	1,013	32,777	0,1316	0,0205	0,9484	0,9577	2,557	1,382	0,595	-26,39	-19,42	-26,39	-17,6
30/09/2026 17:12:55	V0.04	25	ANTIHORARIO	20000	15	32,507	0,973	32,875	0,0775	0,0306	0,8911	0,895	1,901	0,458	0,031	-26,48	-18,03	-26,41	-18,66
30/09/2026 17:12:57	V0.04	25	ANTIHORARIO	20000	16	32,509	0,966	31,999	0,1185	0,0292	0,9633	0,971	2,817	2,626	0,672	-26,23	-19,14	-26,89	-18,8
30/09/2026 17:12:59	V0.04	25	ANTIHORARIO	20000	17	32,481	1,063	34,625	0,0194	0,041	0,9364	0,9375	1,641	1,389	2,42	-26,49	-18,34	-26,13	-17,96
30/09/2026 17:13:02	V0.04	25	ANTIHORARIO	20000	19	32,501	0,989	32,486	0,0781	0,0267	0,9001	0,9039	2,412	0,405	0,733	-26,36	-17,37	-26,6	-18,37
30/09/2026 17:13:12	V0.04	25	ANTIHORARIO	20000	14	32,5	1,008	32,972	0,1357	0,0037	0,9188	0,9288	1,382	1,756	2,496	-26,54	-19,3	-26,43	-18,69
30/09/2026 17:13:18	V0.04	25	ANTIHORARIO	20000	18	32,488	1,056	35,014	0,0188	0,0151	0,9381	0,9384	1,885	1,71	1,252	-26,39	-18,41	-26,54	-17,57
30/09/2026 17:13:20	V0.04	25	ANTIHORARIO	20000	20	32,475	1,123	36,376	0,1101	0,0326	0,959	0,9658	1,099	1,489	2,046	-26,29	-18,03	-26,63	-18,58
30/09/2026 17:16:01	V0.04	26	HORARIO	15000	1	32,364	1,298	42,698	0,1045	0,0302	0,9328	0,9391	3,674	6,299	5,993	-26,3	-16,92	-26,36	-16,92
30/09/2026 17:16:02	V0.04	26	HORARIO	15000	2	32,373	1,319	43,185	0,0133	0,0269	0,9568	0,9573	1,107	0,496	5,489	-26,1	-17,28	-26,21	-17,63
30/09/2026 17:16:04	V0.04	26	HORARIO	15000	3	32,366	1,348	43,379	0,1409	0,0232	0,9263	0,9372	3,504	0,42	1,382	-26,56	-19,07	-26,55	-18,77
30/09/2026 17:16:07	V0.04	26	HORARIO	15000	4	32,385	1,306	42,893	0,1033	0,0223	0,9233	0,9294	1,237	0,641	1,252	-26,36	-18,66	-26,54	-18,91
30/09/2026 17:16:07	V0.04	26	HORARIO	15000	5	32,39	1,308	43,185	0,1091	0,0068	0,9165	0,923	0,534	3,985	3,16	-26,16	-18,48	-26,48	-18,62
30/09/2026 17:16:09	V0.04	26	HORARIO	15000	6	32,384	1,304	42,309	0,1357	0,0001	0,911	0,9211	1,695	0,206	0,962	-26,53	-17,76	-26,53	-18,51
30/09/2026 17:16:11	V0.04	26	HORARIO	15000	7	32,382	1,301	42,504	0,0739	0,0364	0,9058	0,9095	0,885	0,656	2,092	-26,65	-18,99	-26,51	-19,54
30/09/2026 17:16:13	V0.04	26	HORARIO	15000	8	32,407	1,253	41,239	0,1233	0,0198	0,9172	0,9257	1,237	1,733	1,076	-26,18	-18,51	-26,64	-18,77
30/09/2026 17:16:15	V0.04	26	HORARIO	15000	9	32,394	1,304	43,476	0,0271	0,0254	0,9412	0,9419	1,466	2,702	1,916	-26,43	-18,91	-26,47	-18,95
30/09/2026 17:16:17	V0.04	26	HORARIO	15000	10	32,415	1,288	42,698	0,0013	0,0201	0,9446	0,9448	1,931	0,473	1,794	-26,54	-18,58	-26,41	-19,1
30/09/2026 17:16:18	V0.04	26	HORARIO	15000	11	32,404	1,322	43,379	0,0441	0,0261	0,9231	0,9245	2	1,115	1,847	-26,58	-19,78	-26,68	-18,13
30/09/2026 17:16:20	V0.04	26	HORARIO	15000	12	32,411	1,274	41,823	0,0007	0,0157	0,9376	0,9378	1,344	3,298	0,863	-26,57	-18,91	-26,6	-18,91
30/09/2026 17:16:22	V0.04	26	HORARIO	15000	13	32,403	1,339	43,865	0,048	0,0367	0,9099	0,9119	1,496	1,977	1,832	-26,33	-19,03	-26,44	-18,41
30/09/2026 17:16:23	V0.04	26	HORARIO	15000	14	32,406	1,312	43,087	0,0261	0,0288	0,9668	0,9676	1,191	2,015	1,053	-26,75	-19,42	-26,5	-18,55
30/09/2026 17:16:26	V0.04	26	HORARIO	15000	15	32,425	1,241	40,364	0,0216	0,0066	0,9414	0,9417	1,588	2,305	1,626	-26,49	-19,62	-26,67	-18,95
30/09/2026 17:16:27	V0.04	26	HORARIO	15000	16	32,42	1,278	41,628	0,0974	0,0082	0,9271	0,9323	1,191	0,908	1,366	-26,38	-18,95	-26,26	-17,89
30/09/2026 17:16:29	V0.04	26	HORARIO	15000	17	32,431	1,26	41,045	0,0034	0,0221	0,9446	0,9448	1,557	1,176	1,489	-26,61	-18,91	-26,61	-19,07
30/09/2026 17:16:30	V0.04	26	HORARIO	15000	18	32,422	1,267	41,92	0,1019	0,0045	0,9006	0,9064	1,29	0,42	2,176	-26,66	-19,1	-26,38	-19,1
30/09/2026 17:16:32	V0.04	26	HORARIO	15000	19	32,43	1,284	41,531	0,1129	0,004	0,8933	0,9004	1,115	2,977	1,069	-26,51	-18,95	-26,3	-18,55
30/09/2026 17:16:36	V0.04	26	HORARIO	15000	20	32,408	1,328	43,282	0,1169	0,0031	0,9094	0,9169	1,336	1,756	0,718	-26,58	-19,07	-26,82	-18,16
30/09/2026 17:16:41	V0.04	26	ANTIHORARIO	15000	1	32,423	1,241	40,753	0,0968	0,0306	0,9229	0,9285	4,141	7,526	8,342	-26,11	-15,7	-25,95	-15,59
30/09/2026 17:16:43	V0.04	26	ANTIHORARIO	15000	2	32,445	1,14	37,641	0,0568	0,0011	0,9502	0,9519	3,053	1,305	3,237	-26,12	-18,37	-26,04	-17,34
30/09/2026 17:16:45	V0.04	26	ANTIHORARIO	15000	3	32,435	1,215	40,072	0,1167	0,0242	0,9114	0,9191	2,763	2,099	0,573	-26,24	-17,5	-25,96	-15,8
30/09/2026 17:16:47	V0.04	26	ANTIHORARIO	15000	4	32,432	1,217	39,975	0,1102	0,0463	0,9131	0,9209	2,359	2,405	2,206	-26,37	-18,88	-26,15	-18,44
30/09/2026 17:16:48	V0.04	26	ANTIHORARIO	15000	5	32,435	1,182	39,099	0,048	0,0118	0,8901	0,8915	2,832	0,443	0,901	-26,54	-18,37	-26,04	-18,2
30/09/2026 17:16:51	V0.04	26	ANTIHORARIO	15000	7	32,446	1,189	39,002	0,0891	0,0349	0,9159	0,9209	1,885	0,092	1,374	-25,86	-17,07	-26,1	-17,37
30/09/2026 17:16:52	V0.04	26	ANTIHORARIO	15000	6	32,43	1,234	40,558	0,0526	0,0409	0,9647	0,967	2,122	0,092	0,611	-26,04	-18,2	-25,87	-16,95
30/09/2026 17:16:53	V0.04	26	ANTIHORARIO	15000	8	32,431	1,267	41,142	0,1088	0,0193	0,9005	0,9073	1,763	0,939	0,733	-26,49	-17,73	-26	-17,79
30/09/2026 17:16:55	V0.04	26	ANTIHORARIO	15000	9	32,437	1,212	39,975	0,0315	0,0304	0,9397	0,9407	1,87	0,641	1,374	-26,31	-17,31	-26,26	-17,16
30/09/2026 17:16:57	V0.04	26	ANTIHORARIO	15000	10	32,443	1,213	39,294	0,0699	0,028	0,9429	0,9459	2,458	1,42	0,794	-26,09	-17,79	-26,15	-17,57
30/09/2026 17:16:59	V0.04	26	ANTIHORARIO	15000	11	32,438	1,236	40,072	0,0471	0,0142	0,9352	0,9365	1,901	0,489	1,305	-26,16	-17,89	-26,18	-17,83
30/09/2026 17:17:01	V0.04	26	ANTIHORARIO	15000	12	32,454	1,175	38,71	0,0419	0,0232	0,9365	0,9377	1,74	0,878	1,298	-26,49	-16,86	-25,77	-16,57
30/09/2026 17:17:03	V0.04	26	ANTIHORARIO	15000	13	32,448	1,209	39,391	0,0234	0,0364	0,9668	0,9678	1,695	0,992	0,664	-26,17	-18,44	-26,09	-17,5
30/09/2026 17:17:05	V0.04	26	ANTIHORARIO	15000	14	32,458	1,188	39,099	0,1049	0,014	0,9059	0,912	1,855	1,473	1,183	-26,25	-19,03	-26,13	-17,28
30/09/2026 17:17:06	V0.04	26	ANTIHORARIO	15000	15	32,458	1,187	38,419	0,115	0,0001	0,9037	0,911	2	1,786	0,321	-26,47	-17,93	-26,39	-18,16
30/09/2026 17:17:08	V0.04	26	ANTIHORARIO	15000	16	32,451	1,195	39,78	0,0448	0,0422	0,9406	0,9426	1,847	0,321	1,267	-26,2	-17,73	-26,41	-17,69
30/09/2026 17:17:10	V0.04	26	ANTIHORARIO	15000	17	32,447	1,198	38,613	0,0854	0,006	0,8896	0,8938	2,634	1,282	1,015	-26,42	-18,09	-26,38	-17,07
30/09/2026 17:17:11	V0.04	26	ANTIHORARIO	15000	18	32,454	1,199	38,905	0,0251	0,0328	0,9614	0,9623	2,26	0,832	1,351	-26,46	-18,77	-26,08	-17,89
30/09/2026 17:17:13	V0.04	26	ANTIHORARIO	15000	19	32,454	1,192	39,294	0,0729	0,0298	0,9053	0,9087	2,489	1,122	1,198	-26,45	-18,48	-25,96	-16,51
30/09/2026 17:17:15	V0.04	26	ANTIHORARIO	15000	20	32,461	1,194	39,683	0,0632	0,0417	0,8981	0,9013	2,336	0,153	1,298	-26,39	-18,2	-26,39	-16,65
30/09/2026 17:17:22	V0.04	26	HORARIO	20000	1	32,443	1,298	42,795	0,1033	0,0277	0,9252	0,9314	3,467	9,013	6,786	-26,57	-17,13	-26,67	-17,31
30/09/2026 17:17:23	V0.04	26	HORARIO	20000	2	32,445	1,277	42,309	0,1322	0,002	0,9023	0,912	2,794	0,435	2,458	-26,61	-19,14	-26,99	-19,42
30/09/2026 17:17:26	V0.04	26	HORARIO	20000	3	32,448	1,253	41,142	0,0153	0,0382	0,9637	0,9646	2,122	2,405	0,45	-26,51	-19,3	-26,74	-18,34
30/09/2026 17:17:27	V0.04	26	HORARIO	20000	4	32,452	1,287	41,628	0,1343	0,0198	0,9192	0,9292	1,702	0,076	0,924	-26,66	-19,26	-26,77	-19,42
30/09/2026 17:17:29	V0.04	26	HORARIO	20000	5	32,44	1,267	41,239	0,124	0,026	0,8939	0,9029	1,489	0,458	1,214	-26,72	-19,99	-26,5	-18,84
30/09/2026 17:17:31	V0.04	26	HORARIO	20000	6	32,453	1,287	41,628	0,0525	0,0392	0,9341	0,9364	2,115	0,985	0,489	-26,72	-19,74	-26,93	-19,58
30/09/2026 17:17:32	V0.04	26	HORARIO	20000	7	32,454	1,257	41,823	0,1534	0,0066	0,9154	0,9282	2,16	0,168	0,534	-26,76	-19,07	-26,72	-18,69
30/09/2026 17:17:34	V0.04	26	HORARIO	20000	8	32,459	1,234	40,85	0,0137	0,0012	0,9357	0,9358	2,26	0,099	1,214	-26,56	-19,14	-26,89	-19,26
30/09/2026 17:17:36	V0.04	26	HORARIO	20000	9	32,457	1,292	42,504	0,131	0,0054	0,9106	0,92	2,145	1,015	1,695	-26,76	-18,2	-26,74	-19,5
30/09/2026 17:17:38	V0.04	26	HORARIO	20000	10	32,455	1,286	42,99	0,1517	0,0009	0,9063	0,9189	2,099	0,412	0,588	-26,67	-19,86	-26,63	-19,5
30/09/2026 17:17:40	V0.04	26	HORARIO	20000	11	32,451	1,297	42,601	0,0239	0,0376	0,9353	0,9364	1,359	0,084	2,107	-26,79	-18,88	-26,94	-19,54
30/09/2026 17:17:41	V0.04	26	HORARIO	20000	12	32,46	1,284	42,017	0,0084	0,0391	0,965	0,9658	1,641	0,603	1,359	-26,6	-18,51	-26,57	-19,03
30/09/2026 17:17:43	V0.04	26	HORARIO	20000	13	32,457	1,296	42,017	0,08	0,0122	0,9338	0,9373	2,206	2,267	1,321	-26,81	-19,78	-26,83	-19,91
30/09/2026 17:17:45	V0.04	26	HORARIO	20000	14	32,474	1,24	40,656	0,1565	0,0176	0,9247	0,938	2,023	0,534	1,084	-26,79	-19,1	-26,78	-19,74
30/09/2026 17:17:47	V0.04	26	HORARIO	20000	15	32,463	1,271	41,045	0,028	0	0,9386	0,939	1,641	0,878	1,779	-26,67	-19,22	-26,75	-19,74
30/09/2026 17:17:48	V0.04	26	HORARIO	20000	16	32,466	1,233	40,656	0,0726	0,0343	0,9318	0,9352	1,557	0,466	1,427	-26,85	-19,58	-26,93	-19,22
30/09/2026 17:17:50	V0.04	26	HORARIO	20000	17	32,47	1,24	40,85	0,1295	0,025	0,9276	0,9369	1,611	0,985	0,496	-26,82	-19,26	-26,81	-19,46
30/09/2026 17:17:52	V0.04	26	HORARIO	20000	18	32,46	1,259	41,434	0,021	0,0366	0,9581	0,9591	2,13	0,42	1,183	-26,77	-19,18	-26,7	-19,74
30/09/2026 17:17:58	V0.04	26	HORARIO	20000	19	32,473	1,211	40,461	0,0563	0,0294	0,9357	0,9378	2,145	0,221	1,267	-26,69	-19,07	-26,97	-19,7
30/09/2026 17:17:59	V0.04	26	HORARIO	20000	20	32,475	1,26	41,045	0,0234	0,0327	0,9485	0,9493	1,931	0,756	1,496	-26,95	-18,91	-26,97	-18,88
30/09/2026 17:18:02	V0.04	26	ANTIHORARIO	20000	1	32,469	1,201	39,197	0,0898	0,0276	0,9237	0,9285	4,355	9,481	8,269	-26,32	-15,8	-26,32	-14,84
30/09/2026 17:18:04	V0.04	26	ANTIHORARIO	20000	2	32,472	1,152	37,641	0,0187	0,0255	0,9603	0,9608	2,473	0,878	2,733	-26,19	-18,37	-26,47	-18,95
30/09/2026 17:18:06	V0.04	26	ANTIHORARIO	20000	3	32,476	1,167	38,516	0,067	0,0293	0,8889	0,8919	3,344	2,023	0,275	-26,33	-19,14	-26,63	-18,73
30/09/2026 17:18:07	V0.04	26	ANTIHORARIO	20000	4	32,47	1,182	39,197	0,063	0,033	0,9406	0,9432	1,664	0,908	1,565	-26,14	-18,51	-26,46	-18,69
30/09/2026 17:18:09	V0.04	26	ANTIHORARIO	20000	5	32,469	1,186	38,71	0,027	0,0247	0,9563	0,957	1,672	0,588	0,74	-26,25	-16,92	-26,53	-16,6
30/09/2026 17:18:11	V0.04	26	ANTIHORARIO	20000	6	32,472	1,192	39,586	0,0613	0,0238	0,937	0,9393	2,542	0,008	0,756	-26,59	-18,91	-26,39	-17,73
30/09/2026 17:18:13	V0.04	26	ANTIHORARIO	20000	7	32,465	1,213	39,683	0,0826	0,0204	0,9232	0,9271	1,985	0,084	1,038	-26,92	-18,8	-26,47	-18,37
30/09/2026 17:18:15	V0.04	26	ANTIHORARIO	20000	8	32,476	1,15	37,738	0,0551	0,0312	0,9351	0,9372	1,809	0,405	0,924	-26,39	-17,16	-26,5	-17,53
30/09/2026 17:18:17	V0.04	26	ANTIHORARIO	20000	9	32,475	1,192	39,78	0,0406	0,0402	0,9323	0,934	1,702	0,557	0,947	-26,31	-18,2	-26,2	-18,66
30/09/2026 17:18:18	V0.04	26	ANTIHORARIO	20000	10	32,465	1,191	39,002	0,0288	0,0352	0,9601	0,9612	1,664	0,206	1,206	-26,33	-18,91	-26,68	-17,73
30/09/2026 17:18:20	V0.04	26	ANTIHORARIO	20000	11	32,474	1,172	38,419	0,0154	0,0479	0,9425	0,9438	1,664	0,962	1,389	-26,34	-18,41	-26,62	-17,34
30/09/2026 17:18:22	V0.04	26	ANTIHORARIO	20000	12	32,474	1,207	39,294	0,0626	0,0343	0,9231	0,9259	2,145	0,13	0,183	-26,29	-18,51	-26,77	-17,5
30/09/2026 17:18:23	V0.04	26	ANTIHORARIO	20000	13	32,483	1,147	38,127	0,0906	0,0157	0,0157	0,0933	1,969	1,969	1,969	-26,51	-17,73	-26,78	-19,22
30/09/2026 17:18:25	V0.04	26	ANTIHORARIO	20000	14	32,48	1,163	38,224	0,0197	0,0249	0,9622	0,9627	1,84	0,229	1,26	-26,54	-18,8	-26,28	-18,13
30/09/2026 17:18:27	V0.04	26	ANTIHORARIO	20000	15	32,469	1,211	39,099	0,0674	0,0237	0,892	0,8948	2,069	0,847	0,779	-26,68	-18,77	-26,57	-17,79
30/09/2026 17:18:29	V0.04	26	ANTIHORARIO	20000	16	32,485	1,159	38,516	0,073	0,0341	0,8915	0,8951	1,473	0,076	1,542	-26,54	-19,38	-26,41	-18,03
30/09/2026 17:18:31	V0.04	26	ANTIHORARIO	20000	17	32,48	1,197	39,197	0,1135	0,0272	0,9281	0,9354	1,45	1,176	0,672	-26,2	-17,86	-26,26	-17,93
30/09/2026 17:18:33	V0.04	26	ANTIHORARIO	20000	18	32,476	1,195	39,197	0,0785	0	0,8757	0,8792	2,458	1,168	1,115	-25,87	-17,57	-26,6	-18,41
30/09/2026 17:18:35	V0.04	26	ANTIHORARIO	20000	19	32,483	1,158	38,905	0,0542	0,0276	0,9365	0,9385	2,359	0,153	1,176	-26,21	-17,07	-26,51	-18,51
30/09/2026 17:18:36	V0.04	26	ANTIHORARIO	20000	20	32,473	1,184	38,905	0,0664	0,0004	0,8807	0,8832	2	0,527	0,962	-26,58	-18,2	-26,33	-18,95
30/09/2026 17:22:32	V0.04	27	HORARIO	15000	3	32,411	1,161	37,738	0,1256	0,0183	0,9325	0,9411	1,45	1,969	3,031	-25,84	-17,73	-25,89	-16,34
30/09/2026 17:22:35	V0.04	27	HORARIO	15000	5	32,419	1,164	38,419	0,0668	0,0009	0,9348	0,9372	1,969	0,115	0,924	-25,6	-17,37	-25,51	-16,98
30/09/2026 17:22:39	V0.04	27	HORARIO	15000	7	32,401	1,247	40,461	0,1179	0,0378	0,9373	0,9454	2,489	0,321	1,954	-26,01	-18,62	-25,73	-16,34
30/09/2026 17:22:41	V0.04	27	HORARIO	15000	8	32,383	1,335	43,574	0,0873	0,0032	0,8817	0,886	0,786	2,725	1,244	-26,05	-17,34	-25,73	-17,07
30/09/2026 17:22:42	V0.04	27	HORARIO	15000	1	32,381	1,26	40,461	0,0942	0,034	0,9244	0,9298	4,328	5,936	9,025	-25,94	-16,31	-25,62	-15,54
30/09/2026 17:22:43	V0.04	27	HORARIO	15000	9	32,39	1,302	42,406	0,1057	0,0294	0,9218	0,9283	1,664	1,954	0,107	-25,76	-17,76	-25,69	-17,25
30/09/2026 17:22:45	V0.04	27	HORARIO	15000	10	32,392	1,307	42,795	0,1124	0,0183	0,881	0,8883	2,58	0,137	1,71	-26,02	-18,41	-25,66	-17,07
30/09/2026 17:22:46	V0.04	27	HORARIO	15000	11	32,382	1,346	43,768	0,0332	0,0388	0,9169	0,9183	2,649	0,321	0,733	-25,99	-19,07	-25,44	-16,6
30/09/2026 17:22:50	V0.04	27	HORARIO	15000	13	32,421	1,227	40,753	0,0873	0,0051	0,97	0,9739	1,305	0,023	1,458	-25,76	-17,37	-25,31	-16,74
30/09/2026 17:22:50	V0.04	27	HORARIO	15000	6	32,394	1,27	41,239	0,0901	0,0048	0,9454	0,9497	3,321	2,26	1,053	-26,25	-18,58	-25,29	-16,2
30/09/2026 17:22:54	V0.04	27	HORARIO	15000	15	32,445	1,161	37,835	0,0612	0,004	0,9253	0,9273	2,16	0,84	1,817	-25,93	-16,89	-25,36	-17,1
30/09/2026 17:22:55	V0.04	27	HORARIO	15000	2	32,401	1,189	39,294	0,1416	0,0302	0,9535	0,9644	3,313	0,618	1,412	-26,04	-17,28	-25,76	-16,62
30/09/2026 17:22:56	V0.04	27	HORARIO	15000	16	32,405	1,31	42,601	0,0505	0,0172	0,9612	0,9627	1,641	0,298	1,038	-26,13	-17,07	-25,76	-16,98
30/09/2026 17:22:57	V0.04	27	HORARIO	15000	4	32,391	1,272	42,017	0,1418	0,057	0,9144	0,9271	0,977	0,13	0,771	-26,1	-17,93	-25,28	-16,71
30/09/2026 17:22:57	V0.04	27	HORARIO	15000	17	32,433	1,213	39,878	0,1288	0,0428	0,9496	0,9592	1,084	0,939	0,466	-25,86	-17,76	-25,39	-16,68
30/09/2026 17:23:01	V0.04	27	HORARIO	15000	12	32,405	1,305	42,115	0,0955	0,0121	1,0159	1,0204	1,725	0,176	0,985	-25,94	-17,57	-25,53	-17,13
30/09/2026 17:23:03	V0.04	27	HORARIO	15000	20	32,429	1,271	41,531	0,1331	0,0396	0,9658	0,9757	1,336	0,443	0,374	-25,78	-17,16	-25,52	-17,01
30/09/2026 17:23:09	V0.04	27	HORARIO	15000	14	32,413	1,25	40,461	0,0862	0,0089	0,8749	0,8792	1,618	1,595	0,351	-26,08	-17,96	-25,78	-17,79
30/09/2026 17:23:11	V0.04	27	ANTIHORARIO	15000	1	32,414	1,261	41,823	0,0986	0,0301	0,9225	0,9283	3,931	4,423	7,289	-26,24	-16,98	-26,17	-16,57
30/09/2026 17:23:19	V0.04	27	ANTIHORARIO	15000	6	32,417	1,28	42,115	0	0	0	0	0	0	0	-26,18	-18,77	-26,01	-17,44
30/09/2026 17:23:22	V0.04	27	ANTIHORARIO	15000	8	32,436	1,228	39,294	0,1089	0,0066	0,9075	0,914	1,099	1,29	0,504	-26,48	-18,06	-26,46	-18,51
30/09/2026 17:23:23	V0.04	27	HORARIO	15000	19	32,411	1,294	42,212	0,0636	0,0308	1,0189	1,0214	2,649	0,168	1,198	-25,79	-17,22	-25,57	-17,28
30/09/2026 17:23:26	V0.04	27	ANTIHORARIO	15000	10	32,437	1,235	40,656	0,09	0,0073	0,9163	0,9207	1,153	3,031	0,649	-26,01	-18,8	-26,22	-19,07
30/09/2026 17:23:28	V0.04	27	ANTIHORARIO	15000	11	32,436	1,264	41,337	0,1455	0,0287	0,9503	0,9618	2,794	0,809	1,168	-26,59	-19,54	-26,38	-19,03
30/09/2026 17:23:29	V0.04	27	ANTIHORARIO	15000	12	32,444	1,209	40,364	0,1094	0,0365	0,9131	0,9203	1,954	0,344	1,359	-26,52	-19,07	-26,45	-18,03
30/09/2026 17:23:29	V0.04	27	ANTIHORARIO	15000	2	32,417	1,227	40,656	0,0962	0,0142	0,9307	0,9357	3,885	0,939	1,466	-26,48	-18,13	-26,2	-17,99
30/09/2026 17:23:31	V0.04	27	ANTIHORARIO	15000	13	32,44	1,197	39,586	0,041	0,0009	0,9401	0,941	1,458	0,664	1,008	-26,42	-17,22	-26,3	-17,19
30/09/2026 17:23:36	V0.04	27	ANTIHORARIO	15000	3	32,438	1,171	38,03	0,1124	0,0106	0,9271	0,934	3,466	0,756	1,069	-26,46	-18,23	-26,08	-17,86
30/09/2026 17:23:37	V0.04	27	ANTIHORARIO	15000	16	32,436	1,256	41,337	0,1099	0,0322	0,9232	0,9303	1,053	1,588	1,496	-26,35	-19,3	-26,64	-18,77
30/09/2026 17:23:37	V0.04	27	ANTIHORARIO	15000	5	32,431	1,243	40,656	0,129	0,0228	0,9072	0,9166	1,519	1,183	0,985	-26,46	-18,66	-26,51	-18,3
30/09/2026 17:23:40	V0.04	27	ANTIHORARIO	15000	18	32,475	1,124	36,862	0,0861	0,0048	0,947	0,9509	2,626	0,863	1,16	-26,57	-19,62	-26,65	-18,99
30/09/2026 17:23:40	V0.04	27	HORARIO	15000	18	32,421	1,256	41,239	0,1117	0,0223	0,8777	0,885	2,847	1,725	1,634	-25,87	-17,5	-25,39	-16,77
30/09/2026 17:23:41	V0.04	27	ANTIHORARIO	15000	7	32,431	1,281	41,92	0,1151	0,033	0,9319	0,9395	2,267	2,061	1,763	-26,42	-18,41	-26,42	-18,51
30/09/2026 17:23:42	V0.04	27	ANTIHORARIO	15000	19	32,456	1,205	39,489	0	0	0	0	0	0	0	-26,65	-18,58	-25,98	-18,34
30/09/2026 17:23:43	V0.04	27	ANTIHORARIO	15000	4	32,426	1,239	40,461	0,0195	0,0228	0,9255	0,926	1,901	0,832	1,26	-26,23	-17,76	-26,24	-17,83
30/09/2026 17:23:43	V0.04	27	ANTIHORARIO	15000	9	32,43	1,248	40,558	0,0706	0,0143	0,9386	0,9414	1,198	0,626	0,603	-26,58	-17,86	-26,28	-17,47
30/09/2026 17:23:44	V0.04	27	ANTIHORARIO	15000	20	32,47	1,156	38,71	0,1416	0,0341	0,9004	0,9121	2,962	1,954	0,573	-26,79	-19,74	-26,34	-17,93
30/09/2026 17:23:47	V0.04	27	ANTIHORARIO	15000	14	32,455	1,185	38,808	0,0302	0,0017	0,9315	0,932	1,176	1,519	2,412	-26,34	-18,88	-26,17	-17,1
30/09/2026 17:23:50	V0.04	27	HORARIO	20000	1	32,456	1,222	39,78	0,0966	0,0295	0,9234	0,9289	3,683	7,014	9,325	-25,73	-15,91	-25,35	-15,42
30/09/2026 17:23:51	V0.04	27	ANTIHORARIO	15000	15	32,454	1,163	37,543	0,0637	0,0107	0,9219	0,9241	1,565	0,321	1,092	-26,63	-18,27	-26,13	-19,07
30/09/2026 17:23:51	V0.04	27	ANTIHORARIO	15000	17	32,445	1,211	39,002	0,0425	0,0182	0,9296	0,9307	1,969	1,969	1,969	-26,5	-19,62	-26,39	-18,69
30/09/2026 17:23:53	V0.04	27	HORARIO	20000	2	32,451	1,206	40,267	0,0442	0,0508	0,8582	0,8608	3,076	0,885	7,832	-26,01	-17,99	-25,55	-16,23
30/09/2026 17:23:54	V0.04	27	HORARIO	20000	3	32,465	1,147	38,321	0,1172	0,0138	0,8566	0,8647	2,099	0,916	3,496	-25,68	-18,23	-25,27	-17,83
30/09/2026 17:23:57	V0.04	27	HORARIO	20000	4	32,466	1,193	40,267	0,078	0,0143	1,0706	1,0735	1,802	1,206	2,511	-25,81	-17,28	-25,19	-17,01
30/09/2026 17:23:59	V0.04	27	HORARIO	20000	5	32,46	1,218	40,364	0,0769	0,0193	0,9684	0,9716	3,122	0,107	0,489	-25,68	-17,19	-25,06	-16,15
30/09/2026 17:24:00	V0.04	27	HORARIO	20000	6	32,454	1,23	40,364	0,1143	0,0012	0,8685	0,876	2,046	0,389	1,16	-26	-18,16	-25,6	-16,92
30/09/2026 17:24:02	V0.04	27	HORARIO	20000	7	32,465	1,204	39,878	0,1224	0,0522	0,9075	0,9172	1,046	0,198	1,611	-25,88	-18,8	-25,5	-17,19
30/09/2026 17:24:03	V0.04	27	HORARIO	20000	8	32,458	1,192	38,516	0,1288	0,0159	0,9753	0,9839	0,924	1,076	0,351	-25,43	-17,5	-25,14	-15,47
30/09/2026 17:24:05	V0.04	27	HORARIO	20000	9	32,47	1,17	38,419	0,1205	0,0228	0,9764	0,9841	2,641	1,023	1,878	-25,7	-18,23	-25,42	-16,57
30/09/2026 17:24:07	V0.04	27	HORARIO	20000	10	32,452	1,246	40,169	0,1008	0,0149	1,0281	1,0331	1,733	0,061	0,885	-26,28	-18,95	-25,72	-16,71
30/09/2026 17:24:09	V0.04	27	HORARIO	20000	11	32,477	1,162	39,002	0,1119	0,028	0,8364	0,8443	1,802	1,321	0,145	-25,53	-17,37	-25,23	-16,74
30/09/2026 17:24:10	V0.04	27	HORARIO	20000	12	32,447	1,26	41,92	0,0908	0,0237	0,9014	0,9062	2,725	0,351	1,603	-25,79	-16,98	-25,46	-16,62
30/09/2026 17:24:12	V0.04	27	HORARIO	20000	13	32,459	1,238	39,975	0,1045	0,0254	0,9746	0,9805	2,076	0,55	1,595	-25,74	-17,53	-25,01	-16,6
30/09/2026 17:24:14	V0.04	27	HORARIO	20000	14	32,482	1,173	38,419	0,0364	0,002	0,8016	0,8025	2,771	0,237	1,069	-25,87	-17,89	-25,23	-15,72
30/09/2026 17:24:16	V0.04	27	HORARIO	20000	15	32,457	1,271	41,628	0,1006	0,025	0,964	0,9695	1,84	0,618	0,718	-25,78	-17,99	-25,54	-17,89
30/09/2026 17:24:18	V0.04	27	HORARIO	20000	16	32,481	1,178	38,03	0,1166	0,0144	0,6561	0,6666	1,969	1,969	1,969	-25,98	-17,47	-25,57	-17,16
30/09/2026 17:24:20	V0.04	27	HORARIO	20000	17	32,454	1,254	40,947	0,1102	0,0432	0,8345	0,8428	2,931	0,802	0,855	-25,77	-18,41	-25,16	-16,98
30/09/2026 17:24:21	V0.04	27	HORARIO	20000	18	32,47	1,224	39,78	0,1141	0,0239	0,8954	0,9029	1,359	1,427	0,802	-26,09	-18,27	-25,31	-16,71
30/09/2026 17:24:23	V0.04	27	HORARIO	20000	19	32,477	1,162	37,738	0,0989	0,0361	0,957	0,9628	1,107	2,038	1,489	-26,02	-17,99	-25,32	-16,23
30/09/2026 17:24:25	V0.04	27	HORARIO	20000	20	32,48	1,202	39,099	0,0804	0,0161	0,9941	0,9975	2,336	0,198	1,023	-25,9	-17,41	-25,03	-15,96
30/09/2026 17:24:32	V0.04	27	ANTIHORARIO	20000	1	32,455	1,201	39,878	0,1035	0,0309	0,9284	0,9347	2,892	6,944	10,134	-26,24	-15,47	-26,04	-16,4
30/09/2026 17:24:34	V0.04	27	ANTIHORARIO	20000	2	32,473	1,173	39,294	0,0293	0,0194	0,913	0,9136	1,412	0,771	4,664	-26,29	-18,13	-26,03	-19,26
30/09/2026 17:24:36	V0.04	27	ANTIHORARIO	20000	3	32,456	1,19	38,516	0,0148	0,0104	0,9075	0,9077	2,679	0,427	0,947	-26,42	-17,53	-26,07	-18,27
30/09/2026 17:24:37	V0.04	27	ANTIHORARIO	20000	4	32,478	1,145	37,252	0,1167	0,017	0,9717	0,9788	2,336	0,466	0,206	-26,17	-18,41	-26,39	-18,66
30/09/2026 17:24:39	V0.04	27	ANTIHORARIO	20000	5	32,451	1,238	40,461	0,1439	0,04	0,9192	0,9312	1,679	0,542	2,313	-26,63	-17,6	-26,26	-17,66
30/09/2026 17:24:41	V0.04	27	ANTIHORARIO	20000	6	32,476	1,142	37,154	0,0988	0,0013	0,9091	0,9144	1,656	0,931	1,511	-26,23	-18,37	-26,61	-19,03
30/09/2026 17:24:44	V0.04	27	ANTIHORARIO	20000	8	32,482	1,132	37,932	0,1443	0,0413	0,9211	0,9333	1,42	1,153	0,26	-26,16	-17,53	-26,56	-18,99
30/09/2026 17:24:45	V0.04	27	ANTIHORARIO	20000	7	32,45	1,235	40,558	0,0458	0,0616	0,9304	0,9336	1,527	0,244	1,221	-26,34	-17,34	-26,34	-18,55
30/09/2026 17:24:46	V0.04	27	ANTIHORARIO	20000	9	32,468	1,161	38,224	0,0394	0,0399	0,9202	0,9219	2,389	1,038	0,115	-26,07	-18,69	-26,36	-18,2
30/09/2026 17:24:48	V0.04	27	ANTIHORARIO	20000	10	32,486	1,125	38,321	0,1327	0,0388	0,9506	0,9606	2,267	1,588	1,649	-26,28	-17,76	-26,43	-19,38
30/09/2026 17:24:52	V0.04	27	ANTIHORARIO	20000	12	32,479	1,173	38,808	0,1014	0,0354	0,9294	0,9356	1,382	0,198	1,809	-26,34	-16,6	-25,99	-17,83
30/09/2026 17:24:54	V0.04	27	ANTIHORARIO	20000	13	32,464	1,239	40,656	0,1359	0,0519	0,8898	0,9016	2,489	1,542	1,214	-26,28	-19,14	-25,73	-17,83
30/09/2026 17:24:58	V0.04	27	ANTIHORARIO	20000	11	32,47	1,177	38,419	0,0955	0,0037	0,9028	0,9079	1,756	0,137	1,252	-26,74	-18,44	-25,95	-18,55
30/09/2026 17:24:59	V0.04	27	ANTIHORARIO	20000	16	32,473	1,195	39,489	0,0103	0,019	0,9226	0,9229	1,382	0,534	2,023	-26,39	-18,84	-25,77	-18,3
30/09/2026 17:25:01	V0.04	27	ANTIHORARIO	20000	17	32,486	1,146	37,252	0,0542	0,0002	0,9316	0,9332	1,206	1,435	0,878	-26,83	-19,14	-25,47	-16,71
30/09/2026 17:25:03	V0.04	27	ANTIHORARIO	20000	14	32,477	1,172	38,905	0,1262	0,0033	0,9702	0,9784	1,275	1,519	1,282	-26,56	-18,99	-25,45	-17,37
30/09/2026 17:25:05	V0.04	27	ANTIHORARIO	20000	15	32,463	1,185	39,197	0,1238	0,0287	0,8798	0,8889	2,847	0,183	0,954	-25,87	-18,66	-25,52	-16,71
30/09/2026 17:25:11	V0.04	27	ANTIHORARIO	20000	19	32,462	1,194	39,197	0,0834	0,0264	0,886	0,8903	2,191	1,046	1,573	-26,16	-17,99	-25,65	-16,26
30/09/2026 17:25:12	V0.04	27	ANTIHORARIO	20000	20	32,483	1,147	37,349	0,1323	0,0121	0,9623	0,9714	1,435	0,122	0,954	-26,44	-18,55	-25,55	-16,6
30/09/2026 17:25:12	V0.04	27	ANTIHORARIO	20000	18	32,481	1,143	37,446	0,1161	0,0013	0,9106	0,918	2,832	1,496	0,565	-26,42	-18,69	-25,87	-17,13
30/09/2026 17:29:48	V0.04	28	HORARIO	15000	2	32,493	0,692	23,246	0,0546	0,3334	1,4602	1,4988	1,84	1,122	3,061	-23,32	-15	-22,55	-14,54
30/09/2026 17:29:52	V0.04	28	HORARIO	15000	1	32,49	0,697	23,246	0,3669	0,2506	1,002	1,0961	4,763	6,364	4,962	-22,07	-10,42	-20,78	-9,9
30/09/2026 17:29:52	V0.04	28	HORARIO	15000	4	32,519	0,647	22,273	0,196	0,262	0,5073	0,6037	1,198	1,969	1,969	-25	-16,57	-21,6	-13,53
30/09/2026 17:29:54	V0.04	28	HORARIO	15000	3	32,509	0,638	20,911	0,4008	0,1946	1,1744	1,2561	3,298	0,412	2,298	-24,88	-16,65	-21,49	-13,88
30/09/2026 17:29:54	V0.04	28	HORARIO	15000	5	32,5	0,669	22,176	0,2944	0,1875	0,6184	0,7101	0,55	0,55	3,153	-24,5	-15,8	-22,12	-14,18
30/09/2026 17:29:56	V0.04	28	HORARIO	15000	6	32,506	0,677	21,981	0,2931	0,307	0,4045	0,5864	2,557	0,328	1,977	-24,2	-16,65	-22,29	-13,95
30/09/2026 17:29:57	V0.04	28	HORARIO	15000	7	32,506	0,691	23,44	0,3531	0,2969	0,4155	0,6209	2,817	0,122	1,26	-23,68	-15,65	-22,65	-15,15
30/09/2026 17:30:00	V0.04	28	HORARIO	15000	8	32,537	0,626	20,911	0,4863	0,1287	1,0792	1,1907	3,16	0,832	0,389	-23,9	-15,52	-22,64	-14,27
30/09/2026 17:30:01	V0.04	28	HORARIO	15000	9	32,542	0,587	19,258	0,1364	0,3215	0,3571	0,4995	2,046	1,015	1,718	-23,53	-15,22	-23,1	-15,34
30/09/2026 17:30:03	V0.04	28	HORARIO	15000	10	32,528	0,607	21,3	0,4478	0,166	1,1287	1,2255	3,099	0,603	0,252	-23,99	-16,2	-22,71	-14,7
30/09/2026 17:30:05	V0.04	28	HORARIO	15000	11	32,523	0,679	22,857	0,1421	0,3013	1,3929	1,4322	2,092	0,359	0,176	-24,18	-17,28	-22,17	-14,38
30/09/2026 17:30:07	V0.04	28	HORARIO	15000	12	32,51	0,675	21,884	0,5	0,1036	1,1259	1,2362	0,198	0,122	1,405	-24,39	-15,75	-22,09	-14,16
30/09/2026 17:30:09	V0.04	28	HORARIO	15000	13	32,527	0,644	21,3	0,0541	0,3357	0,369	0,5018	2,29	0,397	2,076	-24,22	-15,78	-22,43	-14,86
30/09/2026 17:30:10	V0.04	28	HORARIO	15000	14	32,549	0,577	20,133	0,0778	0,3092	0,397	0,5092	2,076	1,55	2,511	-23,6	-16,07	-22,84	-13,8
30/09/2026 17:30:12	V0.04	28	HORARIO	15000	15	32,528	0,65	20,522	0,1281	0,2913	0,4414	0,5441	1,405	0,321	2,13	-24,44	-17,28	-22,13	-14,67
30/09/2026 17:30:14	V0.04	28	HORARIO	15000	16	32,543	0,622	20,133	0,4331	0,2485	1,3529	1,4421	0,42	0,756	1,069	-23,57	-16,15	-22,82	-15
30/09/2026 17:30:15	V0.04	28	HORARIO	15000	17	32,542	0,597	19,842	0,5043	0,146	1,1874	1,2983	0,336	0,458	1,809	-24,21	-15,72	-22,62	-14,65
30/09/2026 17:30:18	V0.04	28	HORARIO	15000	18	32,542	0,615	20,133	0,3939	0,1041	0,8008	0,8985	0,573	1,397	1,771	-24,32	-15,93	-22,26	-14,18
30/09/2026 17:30:19	V0.04	28	HORARIO	15000	19	32,55	0,589	19,063	0,376	0,2802	1,4084	1,4844	0,847	0,053	0,809	-24,5	-16,65	-22,06	-14,12
30/09/2026 17:30:21	V0.04	28	HORARIO	15000	20	32,527	0,629	20,231	0,3	0,1968	0,6176	0,7142	0,733	0,214	2,42	-23,75	-15,88	-22,9	-15,2
30/09/2026 17:30:28	V0.04	28	ANTIHORARIO	15000	1	32,525	0,589	19,939	0,389	0,2183	1,0362	1,1281	4,515	5,162	7,362	-21,24	-10,22	-22,28	-10,75
30/09/2026 17:30:31	V0.04	28	ANTIHORARIO	15000	2	32,539	0,584	19,452	0,4901	0,1743	1,1498	1,262	1,534	2,298	6,16	-22,93	-14,63	-23,18	-14,16
30/09/2026 17:30:32	V0.04	28	ANTIHORARIO	15000	3	32,526	0,604	20,328	0,5037	0,0508	1,0314	1,1489	0,611	0,832	2,817	-21,62	-13,26	-23,16	-14,95
30/09/2026 17:30:33	V0.04	28	ANTIHORARIO	15000	4	32,528	0,601	20,036	0,4282	0,1389	1,1957	1,2776	0,542	1,656	0,527	-21,52	-13,86	-24,62	-15,1
30/09/2026 17:30:35	V0.04	28	ANTIHORARIO	15000	5	32,536	0,614	19,55	0,407	0,2828	1,3049	1,3959	1,718	1,779	1,336	-22,37	-14,16	-24,03	-15,29
30/09/2026 17:30:37	V0.04	28	ANTIHORARIO	15000	6	32,539	0,591	19,258	0,4514	0,0179	0,9459	1,0483	2,779	0,733	1,389	-22,47	-14,25	-22,98	-14,61
30/09/2026 17:30:39	V0.04	28	ANTIHORARIO	15000	7	32,54	0,562	18,966	0,2627	0,3206	1,3771	1,4381	1,412	0,321	2,702	-22,98	-14,36	-23,87	-15,65
30/09/2026 17:30:40	V0.04	28	ANTIHORARIO	15000	8	32,545	0,576	19,452	0,2729	0,2535	1,3802	1,4296	0,298	0,626	1,954	-23,16	-13,97	-23,47	-14,18
30/09/2026 17:30:42	V0.04	28	ANTIHORARIO	15000	9	32,547	0,569	18,674	0,5365	0,0643	1,0945	1,2206	0,168	0,786	1,053	-22,06	-13,41	-23,87	-14,1
30/09/2026 17:30:45	V0.04	28	ANTIHORARIO	15000	10	32,54	0,586	18,966	0,2566	0,187	0,6042	0,6826	3,718	0,931	0,679	-22,74	-13,88	-23,79	-15,22
30/09/2026 17:30:47	V0.04	28	ANTIHORARIO	15000	11	32,536	0,588	19,842	0,4608	0,2581	1,256	1,3625	2,046	1,267	2,244	-23,06	-14,79	-23,67	-15,96
30/09/2026 17:30:48	V0.04	28	ANTIHORARIO	15000	12	32,539	0,567	18,966	0,1152	0,3286	1,4194	1,4615	1,611	0,221	2,244	-22,88	-14,52	-22,71	-14,21
30/09/2026 17:30:51	V0.04	28	ANTIHORARIO	15000	13	32,551	0,571	19,55	0,5293	0,23	0,5665	0,8087	1,321	1,405	0,489	-22,83	-14,1	-24,03	-15,75
30/09/2026 17:30:53	V0.04	28	ANTIHORARIO	15000	15	32,556	0,576	18,966	0,2191	0,3149	0,3778	0,5385	2,519	0,229	0,069	-23	-14,79	-23,94	-16,01
30/09/2026 17:30:53	V0.04	28	ANTIHORARIO	15000	14	32,543	0,61	19,55	0,3898	0,298	1,3258	1,4137	1,679	1,824	2,42	-23,58	-15,32	-23,17	-15,29
30/09/2026 17:30:54	V0.04	28	ANTIHORARIO	15000	16	32,554	0,573	18,48	0,5807	0,1703	0,7037	0,9281	1,13	0,099	0,504	-22,41	-14,81	-22,8	-13,58
30/09/2026 17:31:02	V0.04	28	ANTIHORARIO	15000	20	32,565	0,576	19,258	0,1741	0,243	0,4711	0,5579	3,359	0,13	0,168	-23,52	-14,56	-23,2	-15,05
30/09/2026 17:31:08	V0.04	28	ANTIHORARIO	15000	17	32,549	0,569	18,772	0,501	0,1223	1,1792	1,287	0,298	0,435	1,359	-22,73	-14,86	-23,12	-14,7
30/09/2026 17:31:08	V0.04	28	HORARIO	20000	1	32,546	0,633	21,009	0,3755	0,253	1,0904	1,1807	4,899	7,171	7,08	-22,06	-10,79	-20,98	-9,72
30/09/2026 17:31:10	V0.04	28	HORARIO	20000	2	32,56	0,572	19,647	0	0	0	0	0	0	0	-24,74	-17,22	-21,64	-13,3
30/09/2026 17:31:12	V0.04	28	HORARIO	20000	3	32,536	0,66	21,203	0,3909	0,2799	0,443	0,6537	3,588	0,534	0,046	-25,22	-16,98	-21,55	-13,72
30/09/2026 17:31:14	V0.04	28	HORARIO	20000	4	32,543	0,647	21,009	0,3732	0,2927	0,4305	0,6406	3,046	0,87	2,557	-24,66	-17,13	-21,91	-13,2
30/09/2026 17:31:16	V0.04	28	HORARIO	20000	5	32,555	0,611	20,328	0,5853	0,1389	0,7039	0,9259	3,244	0,023	0,573	-23,65	-16,89	-22,82	-15
30/09/2026 17:31:19	V0.04	28	HORARIO	20000	7	32,562	0,57	18,772	0,0616	0,3146	0,379	0,4964	1,802	0,489	1,802	-24,04	-15,83	-22,25	-15,03
30/09/2026 17:31:21	V0.04	28	HORARIO	20000	8	32,553	0,623	20,133	0,0928	0,3114	0,3901	0,5077	1,885	0,107	2,336	-24,29	-16,45	-22,42	-14,49
30/09/2026 17:31:23	V0.04	28	HORARIO	20000	9	32,562	0,592	19,55	0,1141	0,3033	0,4036	0,5176	1,42	0,214	2,267	-24,3	-16,54	-22,37	-14,67
30/09/2026 17:31:24	V0.04	28	HORARIO	20000	10	32,577	0,567	19,647	0,0662	0,3422	1,4993	1,5392	1,664	0,29	0,16	-23,9	-16,8	-22,19	-14,74
30/09/2026 17:31:26	V0.04	28	ANTIHORARIO	15000	19	32,557	0,594	19,647	0,0752	0,2762	0,4237	0,5114	3	0,901	0,069	-22,67	-15,37	-22,67	-13,74
30/09/2026 17:31:26	V0.04	28	HORARIO	20000	11	32,572	0,576	18,383	0,2047	0,261	0,4823	0,5853	0,015	1,969	1,969	-24,35	-15,67	-22,37	-14,21
30/09/2026 17:31:28	V0.04	28	HORARIO	20000	12	32,574	0,574	19,55	0,5079	0,1689	1,2214	1,3336	0,595	0,382	1,634	-23,8	-16,74	-22,39	-13,6
30/09/2026 17:31:32	V0.04	28	HORARIO	20000	14	32,547	0,624	20,133	0,2737	0,218	0,5652	0,6647	1,221	0,55	2,252	-24	-15,37	-22,32	-14,08
30/09/2026 17:31:34	V0.04	28	HORARIO	20000	15	32,574	0,562	19,258	0,2224	0,33	0,3485	0,529	2,603	0,008	1,863	-24,39	-16,12	-22,36	-14,31
30/09/2026 17:31:37	V0.04	28	HORARIO	20000	16	32,544	0,639	21,495	0,6013	0,0753	0,7874	0,9936	3,153	0,649	0,382	-24,03	-15,7	-22,53	-14,98
30/09/2026 17:31:38	V0.04	28	HORARIO	20000	17	32,573	0,605	20,522	0,2238	0,2883	1,3857	1,433	2,588	0,511	0,008	-23,9	-16,74	-22,54	-15,17
30/09/2026 17:31:39	V0.04	28	HORARIO	20000	18	32,579	0,573	18,577	0,4847	0,1862	1,2526	1,3559	0,42	0,298	1,366	-24,15	-16,26	-22,71	-14,49
30/09/2026 17:31:41	V0.04	28	HORARIO	20000	19	32,575	0,58	20,425	0,1482	0,2853	0,4458	0,5496	1,366	0,511	2,046	-24,16	-17,07	-22,36	-14,4
30/09/2026 17:31:43	V0.04	28	HORARIO	20000	20	32,57	0,614	19,939	0,4127	0,2528	1,3661	1,4493	0,527	0,29	1,046	-23,79	-15,7	-22,47	-15
30/09/2026 17:31:49	V0.04	28	ANTIHORARIO	20000	1	32,547	0,607	19,258	0,3893	0,2362	0,9886	1,0884	4,265	4,919	8,6	-21,6	-10,13	-22,25	-11,72
30/09/2026 17:31:53	V0.04	28	ANTIHORARIO	20000	3	32,558	0,58	19,355	0,501	0,108	1,1718	1,2789	1,092	0,221	0,237	-21,57	-14,08	-24,33	-16,18
30/09/2026 17:31:55	V0.04	28	ANTIHORARIO	20000	4	32,544	0,589	19,258	0,5803	0,051	0,8887	1,0626	0,771	0,069	0,313	-22,74	-15,57	-23,58	-15,07
30/09/2026 17:31:56	V0.04	28	ANTIHORARIO	20000	5	32,562	0,576	19,55	0,3458	0,1339	0,6942	0,7871	3,053	0,626	0,725	-23,03	-15,05	-23,18	-15,75
30/09/2026 17:31:58	V0.04	28	ANTIHORARIO	20000	6	32,547	0,593	20,036	0,3408	0,3085	1,3539	1,4298	1,672	0,634	2,748	-22,83	-13,82	-23,66	-14,14
30/09/2026 17:31:59	V0.04	28	ANTIHORARIO	20000	7	32,568	0,568	19,063	0,5768	0,0641	0,8674	1,0437	0,679	0,099	0,794	-22,95	-14,43	-23,73	-16,01
30/09/2026 17:32:01	V0.04	28	HORARIO	20000	6	32,561	0,6	20,522	0	0	0	0	0	0	0	-24,33	-17,63	-22,13	-14,34
30/09/2026 17:32:01	V0.04	28	ANTIHORARIO	20000	8	32,559	0,561	18,48	0,4048	0,0688	0,7992	0,8985	3,794	2,321	0,55	-23,22	-14,54	-23,2	-15,85
30/09/2026 17:32:03	V0.04	28	ANTIHORARIO	20000	9	32,565	0,556	18,48	0,5193	0,0764	1,1223	1,239	0,427	0,244	1,267	-22,86	-14,36	-23,91	-14,67
30/09/2026 17:32:05	V0.04	28	ANTIHORARIO	20000	10	32,557	0,584	19,452	0,1781	0,241	0,4706	0,5579	2,855	0,947	0,282	-22,51	-15	-23,14	-14,67
30/09/2026 17:32:07	V0.04	28	ANTIHORARIO	20000	11	32,562	0,569	19,063	0,0378	0,2889	0,3912	0,4878	2,893	0,504	0,084	-23,31	-14,72	-23	-14,7
30/09/2026 17:32:08	V0.04	28	ANTIHORARIO	15000	18	32,542	0,606	19,842	0,4841	0,0304	0,9565	1,0725	2,603	1,702	1,351	-22,85	-14,36	-23,16	-15,52
30/09/2026 17:32:09	V0.04	28	ANTIHORARIO	20000	12	32,559	0,594	19,939	0,2162	0,2279	0,5005	0,5909	3,237	0,214	0,305	-23,5	-15,1	-23,34	-14,49
30/09/2026 17:32:10	V0.04	28	ANTIHORARIO	20000	13	32,569	0,529	18,48	0,3975	0,1947	1,3174	1,3897	0,145	0,855	1,618	-23,07	-14,52	-23,78	-15,12
30/09/2026 17:32:12	V0.04	28	ANTIHORARIO	20000	14	32,57	0,532	18,674	0,5767	0,0581	0,8834	1,0566	0,71	0,26	0,58	-22,6	-15,15	-23,73	-15,72
30/09/2026 17:32:13	V0.04	28	HORARIO	20000	13	32,574	0,587	20,036	0,504	0,0612	1,0332	1,1512	0,122	0,153	1,763	-23,73	-15,83	-22,51	-13,88
30/09/2026 17:32:14	V0.04	28	ANTIHORARIO	20000	15	32,574	0,559	17,896	0,5596	0,0044	0,9663	1,1166	0,534	0,618	0,87	-23,32	-14,25	-23,23	-14,95
30/09/2026 17:32:16	V0.04	28	ANTIHORARIO	20000	16	32,563	0,549	18,577	0,4292	0,2582	1,2814	1,3758	2,626	1,336	1,824	-22,6	-15,05	-24,04	-16,12
30/09/2026 17:32:17	V0.04	28	ANTIHORARIO	20000	17	32,568	0,542	18,091	0,5043	0,1421	1,105	1,2229	3,076	1,397	1,351	-22,56	-14,91	-23,07	-14,03
30/09/2026 17:32:19	V0.04	28	ANTIHORARIO	20000	18	32,574	0,546	17,605	0,4358	0,262	1,2902	1,3867	2,55	1,153	2,008	-22,22	-14,18	-23,41	-15,2
30/09/2026 17:32:23	V0.04	28	ANTIHORARIO	20000	20	32,562	0,584	19,55	0,3701	0,2961	0,4128	0,6286	1,771	0,168	0,198	-22,69	-14,21	-23,03	-14,49
30/09/2026 17:32:48	V0.04	28	ANTIHORARIO	20000	19	32,553	0,556	18,674	0,4965	0,1791	1,167	1,2808	2,435	0,504	1,878	-22,93	-15,17	-23,13	-14,67
30/09/2026 17:32:58	V0.04	28	ANTIHORARIO	20000	2	32,563	0,603	19,452	0,5017	0,2346	0,551	0,7813	0,718	1,573	4,237	-21,91	-13,34	-23,37	-15,37
30/09/2026 17:34:52	V0.04	29	HORARIO	15000	3	32,501	0,711	23,44	0,1029	0,0498	0,9283	0,9354	1,664	0,504	1,817	-25,87	-18,23	-23,73	-14,01
30/09/2026 17:34:53	V0.04	29	HORARIO	15000	4	32,519	0,667	21,592	0,0702	0,0518	0,9159	0,92	1,053	0,55	2,832	-25,51	-14,38	-23,6	-13,39
30/09/2026 17:34:55	V0.04	29	HORARIO	15000	5	32,495	0,735	24,51	0,0961	0,1058	1,0854	1,0948	2,031	0,641	0,855	-24,84	-16,2	-24,3	-15,1
30/09/2026 17:35:02	V0.04	29	HORARIO	15000	6	32,498	0,737	23,635	0,1063	0,1057	0,6505	0,6676	2,008	1,076	1,237	-25,11	-16,98	-24,19	-15,39
30/09/2026 17:35:18	V0.04	29	HORARIO	15000	18	32,511	0,716	24,121	0,0413	0,1018	0,6519	0,661	2,214	0,214	1,634	-24,7	-14,25	-23,81	-13,86
30/09/2026 17:35:18	V0.04	29	HORARIO	15000	1	32,502	0,699	22,954	0,1573	0,0985	0,9439	0,9619	4,056	6,608	6,772	-24,86	-13,68	-23,47	-10,91
30/09/2026 17:35:19	V0.04	29	HORARIO	15000	2	32,511	0,689	23,732	0,098	0,135	1,0446	1,0578	2,916	1,427	1,634	-25,46	-18,77	-23,94	-15,72
30/09/2026 17:35:21	V0.04	29	HORARIO	15000	20	32,524	0,715	22,662	0,0636	0,1414	1,0297	1,0413	2,008	0,679	0,733	-24,12	-12,51	-23,76	-13,49
30/09/2026 17:35:25	V0.04	29	HORARIO	15000	11	32,514	0,686	21,787	0,025	0,1005	0,7478	0,7549	2,237	2,664	1,313	-25,62	-18,03	-24,07	-15,67
30/09/2026 17:35:27	V0.04	29	HORARIO	15000	13	32,533	0,676	22,468	0,0651	0,1123	0,9843	0,9928	1,809	1,389	1,191	-25,79	-18,13	-24,46	-15,62
30/09/2026 17:35:28	V0.04	29	HORARIO	15000	9	32,522	0,656	20,911	0,1825	0,052	1,0776	1,0942	1,42	1,16	0,885	-25,73	-15,34	-24,11	-13,95
30/09/2026 17:35:29	V0.04	29	HORARIO	15000	14	32,52	0,681	23,44	0,0457	0,1003	0,6512	0,6605	2,015	0,519	1,397	-25,63	-16,98	-24,26	-13,76
30/09/2026 17:35:29	V0.04	29	HORARIO	15000	8	32,497	0,73	24,802	0,0104	0,1504	1,0118	1,023	2,626	2,832	0,427	-25,45	-15,17	-24,5	-14,63
30/09/2026 17:35:29	V0.04	29	HORARIO	15000	15	32,522	0,685	23,343	0,1128	0,0468	0,8992	0,9074	1,977	2,496	1,008	-25,28	-16,6	-24,52	-15,44
30/09/2026 17:35:32	V0.04	29	ANTIHORARIO	15000	3	32,519	0,691	21,981	0,1265	0,0181	0,9105	0,9194	2,58	1,084	1,534	-26,09	-17,86	-25,12	-17,13
30/09/2026 17:35:32	V0.04	29	HORARIO	15000	16	32,538	0,648	21,398	0,0253	0,0807	0,8197	0,8241	1,084	2,153	1,779	-25,78	-16,89	-24,42	-15,67
30/09/2026 17:35:35	V0.04	29	HORARIO	15000	17	32,541	0,605	20,522	0,0258	0,1044	0,6252	0,6344	2,206	1,916	1,122	-25,54	-15,49	-24,15	-13,24
30/09/2026 17:35:35	V0.04	29	ANTIHORARIO	15000	5	32,529	0,631	21,69	0,0206	0,0713	0,8031	0,8065	2,176	0,183	0,779	-25,82	-17,76	-24,98	-16,31
30/09/2026 17:35:37	V0.04	29	HORARIO	15000	10	32,496	0,72	24,51	0,1245	0,1044	0,6383	0,6587	2,534	1,321	1,412	-25,72	-16,15	-24,48	-15,24
30/09/2026 17:35:39	V0.04	29	ANTIHORARIO	15000	7	32,529	0,628	21,787	0,1753	0,1488	0,7467	0,7813	1,931	0,412	0,702	-25,75	-16,77	-25,27	-17,5
30/09/2026 17:35:39	V0.04	29	ANTIHORARIO	15000	2	32,52	0,636	21,398	0,2186	0,0157	0,0157	0,2198	1,977	3,931	3,931	-25,31	-16,37	-25,27	-17,93
30/09/2026 17:35:41	V0.04	29	ANTIHORARIO	15000	8	32,531	0,643	20,814	0,2235	0,0713	0,8672	0,8984	1,42	0,008	0,55	-25,62	-16,6	-25,71	-16,6
30/09/2026 17:35:41	V0.04	29	HORARIO	15000	12	32,519	0,727	23,148	0,0043	0,1404	0,9849	0,9948	2,023	1,45	0,359	-25,37	-15,52	-24,62	-15,54
30/09/2026 17:35:44	V0.04	29	ANTIHORARIO	15000	1	32,515	0,706	22,857	0,1466	0,0856	0,926	0,9414	3,494	4,036	7,635	-25,25	-14,54	-24,94	-14,79
30/09/2026 17:35:45	V0.04	29	ANTIHORARIO	15000	4	32,523	0,643	21,884	0,0837	0,1049	0,756	0,7678	2,947	0,008	0,221	-25,88	-17,19	-24,97	-16,92
30/09/2026 17:35:46	V0.04	29	ANTIHORARIO	15000	11	32,527	0,668	21,69	0,2223	0,0862	0,8204	0,8544	1,435	0,244	0,534	-25,6	-17,41	-25,44	-16,54
30/09/2026 17:35:46	V0.04	29	ANTIHORARIO	15000	6	32,532	0,634	21,69	0,0779	0,1144	1,0912	1,0999	1,939	0,992	1,649	-26,01	-16,48	-25,5	-17,07
30/09/2026 17:35:47	V0.04	29	HORARIO	15000	19	32,514	0,716	24,413	0,1077	0,0273	0,9259	0,9325	2	2,435	0,87	-24,95	-13,3	-24,1	-15,24
30/09/2026 17:35:48	V0.04	29	ANTIHORARIO	15000	12	32,549	0,612	21,009	0,004	0,0795	0,8035	0,8074	2,779	1,359	0,366	-26,16	-16,54	-25,45	-17,04
30/09/2026 17:35:50	V0.04	29	ANTIHORARIO	15000	9	32,54	0,609	19,842	0,1144	0,0398	0,9434	0,9511	2,611	0,473	1,389	-26,04	-18,51	-25,43	-15,83
30/09/2026 17:35:54	V0.04	29	ANTIHORARIO	15000	15	32,539	0,626	21,398	0,0581	0,0323	0,8369	0,8396	2,29	0,191	0,824	-25,95	-17,53	-25,6	-15,57
30/09/2026 17:35:55	V0.04	29	ANTIHORARIO	15000	13	32,549	0,596	20,425	0,1157	0,078	0,9863	0,9962	2,046	0,214	2,008	-25,77	-17,13	-25,54	-16,29
30/09/2026 17:35:56	V0.04	29	ANTIHORARIO	15000	16	32,532	0,66	22,468	0,2045	0,0884	0,8137	0,8437	1,443	0,58	0,588	-26,2	-17,93	-25,45	-18,09
30/09/2026 17:35:56	V0.04	29	ANTIHORARIO	15000	10	32,541	0,645	21,884	0,2201	0,1304	0,7454	0,788	2,092	1,183	0,924	-26,15	-18,16	-25,3	-15,62
30/09/2026 17:35:57	V0.04	29	ANTIHORARIO	15000	17	32,535	0,662	21,592	0,203	0,0378	0,9165	0,9395	1,679	0,863	1,435	-25,87	-16,68	-25,49	-17,1
30/09/2026 17:36:02	V0.04	29	ANTIHORARIO	15000	20	32,534	0,649	22,176	0,1392	0,0885	1,094	1,1064	1,748	0,443	1,489	-25,89	-17,63	-25,83	-17,31
30/09/2026 17:36:03	V0.04	29	ANTIHORARIO	15000	18	32,555	0,612	20,133	0,1205	0,0535	0,9597	0,9687	2,366	1,275	0,954	-25,58	-18,09	-25,44	-16,77
30/09/2026 17:36:14	V0.04	29	ANTIHORARIO	15000	19	32,534	0,682	22,662	0,0012	0,1232	1,0862	1,0931	1,282	0,718	1,13	-26,03	-17,1	-25,61	-17,28
30/09/2026 17:36:16	V0.04	29	ANTIHORARIO	15000	14	32,549	0,604	20,231	0,0573	0,1094	1,0632	1,0704	1,817	0,092	1,244	-26	-17,28	-25,29	-18,13
30/09/2026 17:36:16	V0.04	29	HORARIO	20000	2	32,553	0,677	21,009	0,1818	0,087	1,1595	1,1769	2,137	2,679	1,969	-26,07	-17,25	-24,42	-14,45
30/09/2026 17:36:16	V0.04	29	HORARIO	20000	1	32,525	0,732	23,148	0,1578	0,1014	0,9295	0,9483	3,957	6,999	7,764	-25,1	-13,7	-23,98	-12,23
30/09/2026 17:36:17	V0.04	29	HORARIO	15000	7	32,507	0,706	23,246	0,0555	0,0693	0,8497	0,8544	1,496	0,13	1,298	-25,3	-15,03	-24,48	-15,99
30/09/2026 17:36:17	V0.04	29	HORARIO	20000	4	32,553	0,654	21,787	0,1598	0,1249	0,7192	0,7473	1,466	1,939	1,496	-25,43	-16,04	-24,66	-16,26
30/09/2026 17:36:18	V0.04	29	HORARIO	20000	5	32,561	0,627	21,787	0,1559	0,1082	1,1722	1,1875	2,061	0,756	0,046	-25,32	-17,44	-25,03	-16,34
30/09/2026 17:36:18	V0.04	29	HORARIO	20000	3	32,54	0,7	23,927	0,0166	0,0999	0,7678	0,7745	1,489	1,473	3,366	-25,63	-15,78	-24,14	-14,91
30/09/2026 17:36:20	V0.04	29	HORARIO	20000	6	32,559	0,663	22,565	0,0463	0,0963	0,8229	0,8298	1,947	2,443	1,496	-26,01	-17,1	-24,48	-14,95
30/09/2026 17:36:23	V0.04	29	HORARIO	20000	7	32,545	0,68	21,495	0,0361	0,1543	1,0447	1,0566	1,733	0,176	1,191	-25,72	-15,75	-24,75	-15,59
30/09/2026 17:36:23	V0.04	29	HORARIO	20000	9	32,537	0,706	23,927	0,2632	0,0359	0,9824	1,0177	2,176	0,344	0,748	-25,73	-15,78	-24,66	-16,04
30/09/2026 17:36:24	V0.04	29	HORARIO	20000	8	32,555	0,652	21,884	0,0524	0,174	1,0835	1,0986	1,908	0,969	0,489	-26,1	-17,44	-24,54	-15,72
30/09/2026 17:36:28	V0.04	29	HORARIO	20000	10	32,557	0,671	22,759	0,1761	0,092	1,0929	1,1108	2,275	1,656	0,626	-25,4	-15,67	-24,53	-16,48
30/09/2026 17:36:32	V0.04	29	HORARIO	20000	14	32,559	0,707	22,954	0,1323	0,0088	0,9958	1,0046	0,74	1,763	1,344	-25,33	-15,96	-24,98	-16,34
30/09/2026 17:36:34	V0.04	29	HORARIO	20000	15	32,547	0,709	23,927	0,0255	0,1578	1,0657	1,0776	2,351	2,153	0,718	-25,73	-16,07	-25,06	-15,52
30/09/2026 17:36:36	V0.04	29	HORARIO	20000	11	32,539	0,742	23,829	0,1437	0,0054	0,9321	0,9432	0,985	1,809	1,771	-25,69	-16,2	-24,77	-17,25
30/09/2026 17:36:36	V0.04	29	HORARIO	20000	16	32,533	0,742	24,024	0,0558	0,1475	1,0615	1,0732	1,229	0,611	0,321	-25,89	-16,4	-24,94	-14,93
30/09/2026 17:36:38	V0.04	29	HORARIO	20000	12	32,532	0,734	25,288	0,2618	0,0228	0,9987	1,0327	2,45	0,244	0,183	-26,12	-17,86	-24,64	-15,52
30/09/2026 17:36:40	V0.04	29	HORARIO	20000	13	32,522	0,739	25,677	0,2793	0,0294	0,9406	0,9816	2,626	0,046	1,313	-25,73	-16,65	-24,81	-16,07
30/09/2026 17:36:43	V0.04	29	HORARIO	20000	20	32,53	0,759	26,261	0,0922	0,17	1,0872	1,1042	1,588	0,779	0,855	-25,52	-16,89	-25,09	-16,12
30/09/2026 17:36:49	V0.04	29	HORARIO	20000	17	32,546	0,654	22,662	0,1644	0,0756	0,9891	1,0056	1,397	0,649	1,137	-25,73	-16,2	-24,8	-16,12
30/09/2026 17:36:50	V0.04	29	ANTIHORARIO	20000	1	32,546	0,651	20,62	0,1469	0,0916	0,9426	0,9584	3,256	4,149	7,139	-25,36	-15,22	-24,94	-14,38
30/09/2026 17:36:50	V0.04	29	HORARIO	20000	18	32,533	0,733	23,635	0,0065	0,1395	1,1238	1,1324	1,084	0,542	0,908	-25,29	-15,99	-24,75	-15,88
30/09/2026 17:36:52	V0.04	29	ANTIHORARIO	20000	2	32,555	0,595	20,036	0,1443	0,0511	0,9443	0,9567	2,687	1,42	3,267	-25,4	-17,57	-25,72	-17,22
30/09/2026 17:36:56	V0.04	29	ANTIHORARIO	20000	4	32,55	0,644	21,884	0,1044	0,1416	0,728	0,749	2,221	0,458	0,099	-26,19	-17,96	-25,1	-16,01
30/09/2026 17:36:56	V0.04	29	HORARIO	20000	19	32,53	0,749	23,635	0,006	0,1545	1,0662	1,0773	2,168	1,649	0,885	-25,88	-16,57	-24,64	-15,99
30/09/2026 17:36:57	V0.04	29	ANTIHORARIO	20000	5	32,541	0,669	22,176	0,2367	0,1257	0,7725	0,8176	1,649	0,412	1,069	-25,62	-16,83	-25,49	-16,98
30/09/2026 17:36:59	V0.04	29	ANTIHORARIO	20000	6	32,549	0,62	21,592	0	0	0	0	0	0	0	-26,1	-17,89	-24,81	-16,54
30/09/2026 17:37:00	V0.04	29	ANTIHORARIO	20000	3	32,543	0,676	21,69	0,0679	0,1012	1,056	1,063	2,229	0,336	1,076	-26,26	-16,83	-24,78	-16,45
30/09/2026 17:37:09	V0.04	29	ANTIHORARIO	20000	10	32,549	0,636	21,981	0,1672	0,0186	0,9821	0,9964	1,405	0,084	1,779	-25,69	-16,31	-25,15	-16,51
30/09/2026 17:37:09	V0.04	29	ANTIHORARIO	20000	7	32,548	0,657	22,565	0,2169	0,1304	0,739	0,7811	1,893	0,366	0,481	-25,79	-15,62	-25,49	-17,25
30/09/2026 17:37:12	V0.04	29	ANTIHORARIO	20000	9	32,549	0,67	22,37	0	0	0	0	0	0	0	-25,76	-17,31	-25,63	-16,89
30/09/2026 17:37:14	V0.04	29	ANTIHORARIO	20000	13	32,553	0,619	21,106	0,094	0,0569	0,9507	0,957	2,237	0,481	1,611	-25,81	-17,57	-25,64	-18,48
30/09/2026 17:37:15	V0.04	29	ANTIHORARIO	20000	8	32,549	0,674	22,954	0,1373	0,0768	1,0925	1,1038	1,779	0,153	1,519	-25,92	-17,34	-25,54	-17,31
30/09/2026 17:37:18	V0.04	29	ANTIHORARIO	20000	15	32,55	0,638	21,106	0,1306	0,0975	1,0818	1,094	0,817	2,084	1,473	-26,09	-16,6	-25,42	-16,86
30/09/2026 17:37:23	V0.04	29	ANTIHORARIO	20000	18	32,543	0,692	21,787	0,0326	0,1246	1,0767	1,0843	1,153	1,809	1,634	-25,75	-16,68	-25,42	-16,95
30/09/2026 17:37:24	V0.04	29	ANTIHORARIO	20000	12	32,548	0,65	22,565	0,1187	0,1499	0,7009	0,7265	2,153	0,504	0,092	-25,93	-16,54	-25,2	-16,54
30/09/2026 17:37:25	V0.04	29	ANTIHORARIO	20000	14	32,549	0,679	22,857	0,0875	0,0029	0,8767	0,8811	2,924	0,763	1,122	-25,7	-17,16	-25,62	-16,98
30/09/2026 17:37:25	V0.04	29	ANTIHORARIO	20000	19	32,56	0,622	20,911	0,0894	0,035	0,8594	0,8647	2,405	1,26	0,679	-25,89	-16,6	-25,84	-16,83
30/09/2026 17:37:28	V0.04	29	ANTIHORARIO	20000	17	32,546	0,654	22,079	0,178	0,0068	0,9935	1,0094	1,74	1,031	1,351	-25,79	-17,01	-25,32	-16,86
30/09/2026 17:37:29	V0.04	29	ANTIHORARIO	20000	16	32,553	0,686	22,468	0,0408	0,0978	0,7826	0,7897	2,427	1,092	0,466	-25,88	-17,63	-25,07	-16,4
30/09/2026 17:37:30	V0.04	29	ANTIHORARIO	20000	11	32,537	0,677	22,176	0,1886	0,0299	1,0103	1,0281	0,947	1,267	0,908	-25,84	-16,07	-25,47	-16,31
30/09/2026 17:37:35	V0.04	29	ANTIHORARIO	20000	20	32,56	0,673	22,468	0,079	0,093	1,0297	1,0369	2,26	0,328	1,443	-25,87	-17,16	-25,22	-16,48
30/09/2026 17:42:06	V0.04	30	HORARIO	15000	1	32,507	0,656	21,884	0,1643	0,1252	0,9607	0,9826	3,283	5,77	5,414	-25,14	-14,16	-24,29	-13,34
30/09/2026 17:42:08	V0.04	30	HORARIO	15000	2	32,508	0,66	21,495	0,265	0,0115	0,891	0,9296	3,053	0,252	0,817	-25,98	-17,04	-24,33	-15,42
30/09/2026 17:42:10	V0.04	30	HORARIO	15000	3	32,505	0,671	22,662	0,2617	0,0115	0,9034	0,9407	2,573	1,374	2,489	-26	-16,8	-24,69	-15,57
30/09/2026 17:42:11	V0.04	30	HORARIO	15000	4	32,496	0,698	22,759	0,2023	0,1196	1,093	1,118	2,901	0,931	0,023	-26,08	-18,16	-24,68	-14,91
30/09/2026 17:42:13	V0.04	30	HORARIO	15000	5	32,508	0,655	21,592	0,1302	0,0093	0,952	0,9609	0,74	0,931	2,275	-25,52	-17,28	-25,12	-16,95
30/09/2026 17:42:15	V0.04	30	HORARIO	15000	6	32,516	0,673	22,565	0,202	0,1108	0,7395	0,7746	2,702	0,405	0,947	-25,39	-16,65	-24,71	-15,8
30/09/2026 17:42:17	V0.04	30	HORARIO	15000	7	32,515	0,667	21,495	0,1332	0,0066	0,934	0,9434	1,397	1,336	1,023	-25,65	-17,76	-24,84	-16,01
30/09/2026 17:42:18	V0.04	30	HORARIO	15000	8	32,515	0,646	21,884	0,1144	0,1562	1,1627	1,1787	1,763	0,511	1,168	-25,62	-18,09	-24,84	-16,23
30/09/2026 17:42:21	V0.04	30	HORARIO	15000	9	32,511	0,658	22,273	0,1154	0,0208	0,9835	0,9905	1,626	2,565	1,023	-25,77	-17,53	-24,26	-15,34
30/09/2026 17:42:22	V0.04	30	HORARIO	15000	10	32,522	0,645	21,495	0,0356	0,0934	0,7611	0,7676	1,626	0,206	1,344	-26,08	-17,89	-24,48	-15,8
30/09/2026 17:42:24	V0.04	30	HORARIO	15000	11	32,519	0,638	21,495	0,066	0,0803	0,7957	0,8024	1,824	1,931	1,84	-25,9	-16,71	-24,4	-14,49
30/09/2026 17:42:26	V0.04	30	HORARIO	15000	12	32,525	0,657	21,69	0,0315	0,1222	0,7676	0,7779	1,901	0,26	1,695	-25,59	-18,13	-24,72	-15,7
30/09/2026 17:42:27	V0.04	30	HORARIO	15000	13	32,525	0,641	21,981	0,1019	0,064	0,7871	0,7963	1,908	1,298	1,267	-25,67	-18,06	-24,23	-15,03
30/09/2026 17:42:31	V0.04	30	HORARIO	15000	14	32,524	0,673	22,273	0,1564	0,1494	1,1083	1,1292	3,924	1,969	1,969	-25,33	-17,83	-24,91	-15,42
30/09/2026 17:42:33	V0.04	30	HORARIO	15000	16	32,529	0,628	21,106	0,2516	0,0571	0,7996	0,8402	1,969	1,969	1,969	-25,39	-16,65	-24,14	-14,34
30/09/2026 17:42:33	V0.04	30	HORARIO	15000	15	32,522	0,674	21,398	0,2281	0,08	0,9684	0,9981	2,634	0,504	0,649	-25,48	-16,2	-25	-14,95
30/09/2026 17:42:36	V0.04	30	HORARIO	15000	17	32,517	0,668	21,787	0,2762	0,0222	0,8672	0,9104	3,076	1,649	0,771	-25,99	-17,6	-24,27	-15,24
30/09/2026 17:42:36	V0.04	30	HORARIO	15000	18	32,533	0,63	21,203	0,0887	0,0533	0,8162	0,8227	1,84	0,336	1,26	-25,83	-18,3	-24,56	-14,93
30/09/2026 17:42:40	V0.04	30	HORARIO	15000	20	32,534	0,639	21,592	0,1342	0,1611	0,6885	0,7197	2,229	0,328	1	-26,41	-17,63	-23,61	-15,34
30/09/2026 17:42:40	V0.04	30	HORARIO	15000	19	32,522	0,666	22,857	0,2635	0,0374	0,9298	0,9672	2,595	0,908	0,481	-25,99	-18,13	-24,44	-15,37
30/09/2026 17:42:47	V0.04	30	ANTIHORARIO	15000	1	32,528	0,613	20,133	0,1697	0,1082	0,9485	0,9696	3,12	5,026	7,872	-24,67	-14,18	-23,67	-13,24
30/09/2026 17:42:49	V0.04	30	ANTIHORARIO	15000	2	32,528	0,601	20,133	0,2227	0,1136	0,7423	0,7833	1,168	0,137	3,977	-25,41	-17,25	-23,39	-14,54
30/09/2026 17:42:50	V0.04	30	ANTIHORARIO	15000	3	32,533	0,605	19,842	0,1287	0,0135	0,8748	0,8843	2,901	0,656	0,321	-25,15	-16,86	-24,13	-15,7
30/09/2026 17:42:57	V0.04	30	ANTIHORARIO	15000	4	32,539	0,582	19,842	0,2732	0,0212	0,9272	0,9669	0,87	1,603	0,374	-25,13	-16,23	-24,01	-15,39
30/09/2026 17:42:59	V0.04	30	ANTIHORARIO	15000	7	32,54	0,597	19,258	0,0303	0,1577	1,137	1,1482	1,351	0,985	1,328	-25,76	-18,03	-23,76	-15,59
30/09/2026 17:43:00	V0.04	30	ANTIHORARIO	15000	5	32,547	0,575	19,939	0,1414	0,0955	1,049	1,0627	2,229	0,954	1,382	-25,28	-16,54	-24,66	-15,65
30/09/2026 17:43:00	V0.04	30	ANTIHORARIO	15000	8	32,548	0,543	19,355	0,0671	0,1267	0,7266	0,7406	2,405	0,718	0,893	-24,83	-16,92	-23,96	-14,43
30/09/2026 17:43:02	V0.04	30	ANTIHORARIO	15000	6	32,539	0,602	18,966	0,1179	0,1282	0,7146	0,7355	2,313	0,71	0,221	-25,33	-16,48	-24,11	-15,44
30/09/2026 17:43:03	V0.04	30	ANTIHORARIO	15000	10	32,545	0,575	20,231	0,0497	0,0753	0,7791	0,7843	2,748	0,412	0,55	-25,85	-17,86	-23,85	-13,49
30/09/2026 17:43:05	V0.04	30	ANTIHORARIO	15000	9	32,54	0,584	19,355	0,1832	0,137	0,7166	0,7522	1,748	0,969	0,802	-25,02	-16,18	-24,36	-14,98
30/09/2026 17:43:07	V0.04	30	ANTIHORARIO	15000	12	32,54	0,601	19,452	0,1439	0,0275	0,9447	0,956	2,695	0,832	0,687	-24,66	-16,26	-24,31	-15,44
30/09/2026 17:43:08	V0.04	30	ANTIHORARIO	15000	11	32,538	0,589	20,133	0,0442	0,1765	1,1499	1,1642	1,244	1,351	1,87	-24,96	-16,2	-24,09	-15,12
30/09/2026 17:43:11	V0.04	30	ANTIHORARIO	15000	14	32,54	0,609	19,063	0,2346	0,0884	1,0178	1,0482	1,382	0,595	1,42	-25,5	-16,65	-24,07	-15,32
30/09/2026 17:43:12	V0.04	30	ANTIHORARIO	15000	13	32,542	0,599	19,744	0	0	0	0	0	0	0	-25,51	-16,8	-23,9	-15,54
30/09/2026 17:43:13	V0.04	30	ANTIHORARIO	15000	15	32,544	0,567	19,744	0,1359	0,0342	0,9423	0,9526	2,534	1,641	1,137	-25,53	-15,91	-24,21	-15,27
30/09/2026 17:43:14	V0.04	30	ANTIHORARIO	15000	16	32,554	0,566	19,842	0,1975	0,126	0,7251	0,762	2,046	0,046	0,565	-25,7	-17,31	-24,3	-15,32
30/09/2026 17:43:15	V0.04	30	ANTIHORARIO	15000	17	32,558	0,55	19,55	0,2849	0,0088	0,8926	0,937	1,534	0,305	0,931	-25,57	-16,62	-24,14	-14,63
30/09/2026 17:43:17	V0.04	30	ANTIHORARIO	15000	18	32,549	0,574	19,939	0,1392	0,0144	0,925	0,9356	2,344	0,374	1,26	-25,3	-17,47	-24,65	-15,03
30/09/2026 17:43:21	V0.04	30	ANTIHORARIO	15000	19	32,552	0,574	18,577	0,2709	0,0365	0,8579	0,9004	1,878	1,74	0,977	-25,92	-17,69	-24,03	-14,7
30/09/2026 17:43:22	V0.04	30	ANTIHORARIO	15000	20	32,553	0,555	19,063	0,0985	0,032	0,8489	0,8552	2,557	0,084	0,649	-25,64	-17,22	-24,36	-16,15
30/09/2026 17:43:29	V0.04	30	HORARIO	20000	1	32,536	0,655	21,884	0,1715	0,1287	0,9488	0,9727	4,509	9,909	6,42	-25,07	-13,14	-24,05	-12,97
30/09/2026 17:43:30	V0.04	30	HORARIO	20000	2	32,549	0,63	21,3	0,1218	0,1205	1,1108	1,124	1,634	0,153	0,992	-25,99	-17,83	-24,79	-14,88
30/09/2026 17:43:31	V0.04	30	HORARIO	20000	3	32,549	0,639	21,009	0,0011	0,1587	1,1859	1,1965	1,412	0,244	2,427	-25,8	-16,29	-24,25	-15,75
30/09/2026 17:43:33	V0.04	30	HORARIO	20000	4	32,544	0,646	22,662	0,0901	0,0627	0,8013	0,8088	1,656	1,794	1,542	-25,3	-16,18	-24,89	-15,22
30/09/2026 17:43:36	V0.04	30	HORARIO	20000	5	32,551	0,601	21,009	0,0742	0,1776	1,1547	1,1706	2,191	0,336	0,13	-25,65	-18,03	-24,15	-15,2
30/09/2026 17:43:37	V0.04	30	HORARIO	20000	6	32,558	0,606	20,231	0,037	0,176	1,1786	1,1922	1,832	1,725	1,092	-25,73	-16,95	-24,78	-16,34
30/09/2026 17:43:39	V0.04	30	HORARIO	20000	7	32,557	0,62	20,62	0,2694	0,0071	0,885	0,9251	2,878	1,855	0,458	-25,64	-16,86	-24,41	-15,65
30/09/2026 17:43:40	V0.04	30	HORARIO	20000	8	32,542	0,664	21,592	0,2664	0,0377	0,9476	0,9851	2,832	0,924	0,015	-25,59	-16,68	-24,31	-16,23
30/09/2026 17:43:42	V0.04	30	HORARIO	20000	9	32,551	0,602	20,425	0,1523	0,009	0,9578	0,9698	1,122	0,588	1,649	-25,5	-16,37	-24,24	-15,49
30/09/2026 17:43:44	V0.04	30	HORARIO	20000	10	32,553	0,614	20,522	0,0919	0,1366	1,1377	1,1495	1,305	0,603	1,206	-25,29	-14,84	-24,23	-15,88
30/09/2026 17:43:46	V0.04	30	HORARIO	20000	11	32,55	0,634	21,495	0,1472	0,0109	0,9448	0,9563	1,153	0,092	1,214	-25,64	-15,2	-24,08	-15,47
30/09/2026 17:43:48	V0.04	30	HORARIO	20000	12	32,563	0,587	20,328	0,1636	0,1427	0,6638	0,6984	2,115	0,855	1,336	-25,67	-16,23	-24,2	-15,52
30/09/2026 17:43:50	V0.04	30	HORARIO	20000	13	32,56	0,578	19,55	0,2531	0,0385	0,9493	0,9832	2,649	0,565	0,817	-25,9	-17,13	-23,76	-14,43
30/09/2026 17:43:51	V0.04	30	HORARIO	20000	14	32,556	0,585	20,522	0,2563	0,064	0,8154	0,8572	2,611	0,634	1,031	-25,35	-16,65	-24,49	-16,54
30/09/2026 17:43:53	V0.04	30	HORARIO	20000	15	32,555	0,594	20,62	0,1553	0,0233	0,9595	0,9722	1,267	0,557	1,198	-25,59	-17,07	-24,24	-14,58
30/09/2026 17:43:55	V0.04	30	HORARIO	20000	16	32,558	0,627	21,009	0,0253	0,1776	1,1804	1,194	1,42	0,969	0,779	-25,42	-17,34	-23,77	-15,12
30/09/2026 17:43:57	V0.04	30	HORARIO	20000	17	32,553	0,623	20,231	0,0272	0,1348	0,6805	0,6943	2,13	1,702	1,58	-24,95	-15,32	-24,14	-14,31
30/09/2026 17:43:58	V0.04	30	HORARIO	20000	18	32,567	0,598	19,939	0,2377	0,0934	0,7538	0,7959	2,405	0,824	1,122	-25,39	-17,37	-24,54	-16,07
30/09/2026 17:44:00	V0.04	30	HORARIO	20000	19	32,554	0,624	21,106	0,0203	0,1224	0,7015	0,7124	1,374	1,786	1,504	-25,61	-15,54	-23,82	-14,77
30/09/2026 17:44:02	V0.04	30	HORARIO	20000	20	32,561	0,582	20,036	0,2225	0,11	1,0554	1,0842	2,656	0,817	0,458	-25,17	-17,66	-24,25	-14,88
30/09/2026 17:44:09	V0.04	30	ANTIHORARIO	20000	1	32,566	0,576	19,647	0,1767	0,114	0,9454	0,9685	3,184	6,449	6,015	-24,85	-14,08	-23,62	-12,16
30/09/2026 17:44:11	V0.04	30	ANTIHORARIO	20000	2	32,551	0,571	18,674	0,0804	0,2024	1,1594	1,1797	3,023	0,382	0,008	-24,67	-16,34	-24,3	-14,7
30/09/2026 17:44:13	V0.04	30	ANTIHORARIO	20000	3	32,562	0,56	19,258	0,0366	0,1874	1,1672	1,1827	2,153	0,168	0,382	-24,71	-16,2	-24,3	-15,17
30/09/2026 17:44:15	V0.04	30	ANTIHORARIO	20000	4	32,557	0,561	19,161	0,0269	0,1206	1,1255	1,1323	1,389	0,71	0,985	-25,63	-16,51	-23,45	-14,72
30/09/2026 17:44:17	V0.04	30	ANTIHORARIO	20000	5	32,557	0,564	18,48	0,0306	0,1428	1,1143	1,1238	1,87	0,718	1,985	-25,36	-15,72	-23,35	-15,22
30/09/2026 17:44:18	V0.04	30	ANTIHORARIO	20000	6	32,551	0,574	18,383	0,2709	0,0537	0,7896	0,8364	1,908	0,153	0,389	-25,18	-17,16	-23,78	-14,23
30/09/2026 17:44:21	V0.04	30	ANTIHORARIO	20000	7	32,56	0,551	19,842	0,1498	0,11	0,7187	0,7424	2,153	0,198	0,221	-25,04	-16,54	-23,95	-15,42
30/09/2026 17:44:22	V0.04	30	ANTIHORARIO	20000	8	32,557	0,575	18,577	0,1001	0,1781	1,1635	1,1813	1,977	0,511	1,603	-24,83	-16,34	-23,48	-14,54
30/09/2026 17:44:24	V0.04	30	ANTIHORARIO	20000	9	32,569	0,562	19,355	0,1194	0,071	0,8032	0,8151	2,626	0,267	0,74	-25,81	-17,6	-23,37	-14,88
30/09/2026 17:44:25	V0.04	30	ANTIHORARIO	20000	10	32,567	0,552	18,188	0,1198	0,1141	1,1456	1,1575	1,985	0,282	1,618	-24,8	-16,07	-23,96	-14,31
30/09/2026 17:44:27	V0.04	30	ANTIHORARIO	20000	11	32,56	0,572	19,939	0,0587	0,1211	0,7251	0,7375	2,412	0,595	0,519	-25,76	-16,95	-24,14	-15,39
30/09/2026 17:44:29	V0.04	30	ANTIHORARIO	20000	12	32,569	0,568	18,383	0,111	0,0438	0,9403	0,9478	2,527	0,779	0,748	-24,89	-16,62	-23,94	-14,88
30/09/2026 17:44:31	V0.04	30	ANTIHORARIO	20000	13	32,559	0,58	18,772	0,1255	0,0677	0,8368	0,8489	2,45	0,176	0,947	-25,18	-16,4	-23,75	-14,93
30/09/2026 17:44:33	V0.04	30	ANTIHORARIO	20000	14	32,557	0,569	19,258	0,2216	0,165	0,7249	0,7757	1,748	0,359	0,733	-25,06	-16,4	-24,14	-14,79
30/09/2026 17:44:34	V0.04	30	ANTIHORARIO	20000	15	32,567	0,57	18,091	0,2535	0,1135	1,0393	1,0758	0,015	1,969	1,969	-25,25	-16,04	-24,03	-14,4
30/09/2026 17:44:36	V0.04	30	ANTIHORARIO	20000	16	32,581	0,559	19,063	0,1216	0,0922	0,7631	0,7782	2,221	0,221	0,481	-25,09	-16,18	-23,83	-15,37
30/09/2026 17:44:38	V0.04	30	ANTIHORARIO	20000	17	32,566	0,543	18,577	0,1387	0,0648	0,9897	1,0015	2,328	0,282	1,26	-25,2	-16,74	-23,56	-14,01
30/09/2026 17:44:40	V0.04	30	ANTIHORARIO	20000	18	32,569	0,552	19,842	0,0543	0,2031	1,1733	1,192	1,664	0,641	1,87	-24,99	-14,84	-23,45	-15,59
30/09/2026 17:44:41	V0.04	30	ANTIHORARIO	20000	19	32,569	0,575	18,48	0,0907	0,191	1,1619	1,181	1,878	0,008	1,359	-24,87	-15,67	-23,99	-14,34
01/10/2026 08:17:59	V0.04	31	HORARIO	15000	1	32,401	1,214	39,683	0,0897	0,0481	0,9168	0,9224	5,487	9,642	6,597	-25,8	-15,75	-25,91	-15,59
01/10/2026 08:18:01	V0.04	31	HORARIO	15000	2	32,408	1,203	39,391	0,0039	0,0438	0,9254	0,9265	1,794	2,328	5,359	-26,14	-17,93	-25,92	-18,13
01/10/2026 08:18:03	V0.04	31	HORARIO	15000	3	32,426	1,146	37,349	0,0699	0,0314	0,8967	0,9	0,855	2,771	0,374	-25,99	-18,16	-26,18	-18,13
01/10/2026 08:18:05	V0.04	31	HORARIO	15000	4	32,421	1,179	38,808	0,0817	0,0508	0,8832	0,8884	1,748	1,359	1,046	-25,81	-17,73	-26,53	-18,23
01/10/2026 08:18:06	V0.04	31	HORARIO	15000	5	32,428	1,155	38,127	0,0304	0,0555	0,912	0,9142	1,939	2,687	1,832	-25,96	-17,57	-26,21	-16,77
01/10/2026 08:18:08	V0.04	31	HORARIO	15000	6	32,411	1,212	39,489	0,063	0,0261	0,9354	0,9379	0,824	1,092	1,389	-26,03	-17,47	-26,43	-17,83
01/10/2026 08:18:10	V0.04	31	HORARIO	15000	7	32,416	1,225	40,169	0	0	0	0	0	0	0	-26,44	-18,48	-26,24	-18,44
01/10/2026 08:18:12	V0.04	31	HORARIO	15000	8	32,451	1,09	35,793	0,0386	0,028	0,8976	0,8988	1,74	0,863	1,252	-26,27	-19,1	-26,31	-18,73
01/10/2026 08:18:13	V0.04	31	HORARIO	15000	9	32,436	1,157	37,446	0,0712	0,0251	0,877	0,8802	0,55	1,634	0,756	-25,68	-17,44	-25,98	-17,89
01/10/2026 08:18:15	V0.04	31	HORARIO	15000	10	32,452	1,116	36,376	0,0624	0,0574	0,9128	0,9168	1,443	0,817	1,878	-25,93	-18,23	-26,22	-18,37
01/10/2026 08:18:17	V0.04	31	HORARIO	15000	11	32,451	1,16	37,835	0,0221	0,0358	0,9222	0,9232	1,809	0	0,542	-26,46	-19,1	-25,91	-17,6
01/10/2026 08:18:20	V0.04	31	HORARIO	15000	12	32,438	1,178	38,71	0,0643	0,0277	0,8671	0,8699	0,878	1,626	0,901	-26,14	-18,73	-26,29	-17,19
01/10/2026 08:18:22	V0.04	31	HORARIO	15000	13	32,452	1,156	38,03	0,0667	0,0391	0,9298	0,933	2,969	0,038	1,237	-26,23	-18,48	-26,23	-17,57
01/10/2026 08:18:23	V0.04	31	HORARIO	15000	14	32,444	1,203	39,586	0,0508	0,0558	0,9067	0,9099	2,038	1,008	0,901	-26,3	-18,51	-26,23	-18,09
01/10/2026 08:18:25	V0.04	31	HORARIO	15000	15	32,461	1,13	36,765	0,0231	0,0154	0,9561	0,9565	1,519	1,618	1,427	-25,95	-17,79	-26,19	-18,37
01/10/2026 08:18:27	V0.04	31	HORARIO	15000	16	32,452	1,185	38,419	0,0476	0,0604	0,9137	0,9169	1,649	0,473	0,931	-25,29	-15,32	-26,02	-17,79
01/10/2026 08:18:29	V0.04	31	HORARIO	15000	17	32,47	1,084	35,987	0,045	0,0399	0,9443	0,9463	2,198	0,603	1,718	-25,98	-17,34	-26,05	-17,79
01/10/2026 08:18:31	V0.04	31	HORARIO	15000	18	32,486	1,054	35,014	0,0391	0,0654	0,8748	0,8781	1,595	1,695	1,71	-27,07	-18,58	-27,38	-19,7
01/10/2026 08:18:33	V0.04	31	HORARIO	15000	19	32,482	1,069	35,501	0,0393	0,058	0,8711	0,8739	1,771	1,634	1,725	-26,35	-18,66	-25,93	-17,37
01/10/2026 08:18:34	V0.04	31	HORARIO	15000	20	32,462	1,168	37,932	0,0226	0,0476	0,9071	0,9086	3,115	1,015	1,115	-25,98	-17,6	-25,85	-17,89
01/10/2026 08:18:41	V0.04	31	ANTIHORARIO	15000	1	32,474	1,041	33,945	0,0798	0,0209	0,9103	0,914	3,631	6,162	8,134	-26,46	-17,34	-26,41	-16,37
01/10/2026 08:18:42	V0.04	31	ANTIHORARIO	15000	2	32,46	1,081	35,306	0,0645	0,0093	0,9343	0,9366	2,061	0,412	1,13	-26,62	-19,3	-26,55	-18,44
01/10/2026 08:18:45	V0.04	31	ANTIHORARIO	15000	3	32,467	1,129	37,252	0,0636	0,0098	0,8871	0,8894	2,611	0,092	0,962	-26,39	-19,26	-26,6	-18,62
01/10/2026 08:18:46	V0.04	31	ANTIHORARIO	15000	4	32,48	1,021	33,361	0,0419	0,0061	0,953	0,9539	2,435	1,855	0,26	-26,75	-19,46	-26,54	-18,2
01/10/2026 08:18:48	V0.04	31	ANTIHORARIO	15000	5	32,47	1,095	35,793	0,0793	0,0042	0,9271	0,9305	2,298	0,718	1,725	-26,77	-19,74	-26,38	-18,16
01/10/2026 08:18:49	V0.04	31	ANTIHORARIO	15000	6	32,481	1,074	35,501	0	0	0	0	0	0	0	-26,56	-19,62	-26,66	-17,69
01/10/2026 08:18:51	V0.04	31	ANTIHORARIO	15000	7	32,464	1,128	37,349	0,0884	0,0214	0,9432	0,9476	1,893	0,511	1,603	-26,53	-19,34	-26,85	-18,62
01/10/2026 08:18:53	V0.04	31	ANTIHORARIO	15000	8	32,468	1,133	36,668	0,019	0,0035	0,9208	0,921	1,618	0,092	1,557	-26,74	-18,58	-26,63	-18,48
01/10/2026 08:18:55	V0.04	31	ANTIHORARIO	15000	9	32,47	1,138	37,543	0,0261	0,0415	0,9388	0,9401	1,137	1,26	1,885	-26,61	-18,58	-26,56	-18,37
01/10/2026 08:18:57	V0.04	31	ANTIHORARIO	15000	10	32,48	1,079	35,598	0,0216	0,0551	0,9269	0,9288	0,962	0,611	1,183	-26,47	-18,88	-26,52	-19,42
01/10/2026 08:18:59	V0.04	31	ANTIHORARIO	15000	11	32,481	1,081	35,793	0,0623	0,0098	0,9336	0,9357	0,458	2,351	0,435	-25,62	-18,13	-26,36	-18,55
01/10/2026 08:19:01	V0.04	31	ANTIHORARIO	15000	12	32,48	1,131	37,543	0,0618	0,0017	0,91	0,9121	1,969	1,969	1,969	-26,72	-18,8	-26,69	-19,78
01/10/2026 08:19:04	V0.04	31	ANTIHORARIO	15000	13	32,49	1,079	36,084	0,1027	0,0157	0,9169	0,9227	1,427	0,366	0,557	-26,34	-18,58	-26,67	-19,07
01/10/2026 08:19:06	V0.04	31	ANTIHORARIO	15000	14	32,495	1,058	35,209	0,0145	0,0433	0,9161	0,9173	2,168	0,389	0,687	-26,55	-19,14	-26,46	-18,23
01/10/2026 08:19:08	V0.04	31	ANTIHORARIO	15000	15	32,494	1,029	33,264	0	0	0	0	0	0	0	-26,53	-18,91	-26,61	-18,48
01/10/2026 08:19:10	V0.04	31	ANTIHORARIO	15000	16	32,498	1,077	35,209	0,0251	0,0453	0,915	0,9165	2,008	0,756	0,542	-26,24	-18,88	-26,24	-17,99
01/10/2026 08:19:12	V0.04	31	ANTIHORARIO	15000	17	32,494	1,089	35,501	0,0483	0,0653	0,9321	0,9357	0,565	1,595	0,939	-26,85	-19,14	-26,72	-19,3
01/10/2026 08:19:14	V0.04	31	ANTIHORARIO	15000	18	32,487	1,091	35,793	0,0701	0,0294	0,913	0,9161	1,969	0,374	0,519	-26,68	-18,44	-26,77	-19,14
01/10/2026 08:19:15	V0.04	31	ANTIHORARIO	15000	19	32,506	1,078	35,695	0,0753	0,0342	0,9032	0,907	3,214	2,153	0,542	-26,2	-17,99	-26,35	-18,77
01/10/2026 08:19:17	V0.04	31	ANTIHORARIO	15000	20	32,498	1,098	36,862	0,0757	0,0242	0,9109	0,9143	2,069	0,206	0,779	-26,71	-19,07	-26,82	-19,78
01/10/2026 08:19:25	V0.04	31	HORARIO	20000	1	32,506	1,061	35,014	0,0759	0,0368	0,9065	0,9104	4,23	7,16	6,741	-26,09	-16,31	-25,88	-15,93
01/10/2026 08:19:27	V0.04	31	HORARIO	20000	3	32,509	1,063	35,112	0,0383	0,0435	0,8822	0,8841	2,611	0,641	1,824	-26,1	-19,18	-26,29	-18,09
01/10/2026 08:19:32	V0.04	31	HORARIO	20000	5	32,499	1,1	36,376	0,063	0,011	0,9073	0,9096	1,702	0,84	1,092	-26,39	-18,88	-26,05	-17,01
01/10/2026 08:19:32	V0.04	31	HORARIO	20000	4	32,511	1,041	34,528	0,0505	0,0165	0,9059	0,9074	1,45	0,313	0,939	-26,19	-18,34	-26	-17,44
01/10/2026 08:19:35	V0.04	31	HORARIO	20000	6	32,485	1,171	37,641	0,0625	0,0712	0,8912	0,8963	2,046	0,015	1,969	-26,22	-16,48	-26,09	-17,86
01/10/2026 08:19:37	V0.04	31	HORARIO	20000	7	32,5	1,116	37,057	0,0455	0,0046	0,9501	0,9512	2,977	2,595	0,504	-25,74	-16,34	-25,89	-17,07
01/10/2026 08:19:40	V0.04	31	HORARIO	20000	9	32,505	1,119	35,89	0,0317	0,0198	0,9343	0,9351	1,321	0,053	0,42	-26,31	-16,09	-26,17	-17,1
01/10/2026 08:19:42	V0.04	31	HORARIO	20000	10	32,494	1,158	37,641	0,0201	0,0336	0,9009	0,9017	2,565	0,122	0,885	-26,18	-18,13	-25,89	-17,6
01/10/2026 08:19:44	V0.04	31	HORARIO	20000	11	32,5	1,136	37,446	0,0679	0,0393	0,906	0,9094	2,305	0,313	0,427	-26,64	-19,03	-26,1	-17,76
01/10/2026 08:19:46	V0.04	31	HORARIO	20000	12	32,505	1,097	35,987	0,0333	0,0278	0,9404	0,9414	1,908	0,824	0,534	-26,38	-18,77	-26,1	-18,34
01/10/2026 08:19:48	V0.04	31	HORARIO	20000	13	32,51	1,08	34,82	0,0814	0,0394	0,922	0,9264	2,817	1,771	1,275	-26,27	-18,37	-26,13	-17,96
01/10/2026 08:19:49	V0.04	31	HORARIO	20000	14	32,511	1,098	35,501	0,0811	0,0229	0,9153	0,9192	1,855	0,977	0,466	-26,67	-18,09	-26,4	-16,77
01/10/2026 08:19:51	V0.04	31	HORARIO	20000	15	32,505	1,121	37,252	0,0405	0,0446	0,941	0,943	1,672	0,565	1,015	-26,47	-19,07	-26,32	-18,27
01/10/2026 08:19:56	V0.04	31	HORARIO	20000	16	32,51	1,098	36,571	0,0291	0,0173	0,9537	0,9543	1,389	1,008	1,389	-26,41	-18,58	-26,01	-17,69
01/10/2026 08:19:59	V0.04	31	HORARIO	20000	18	32,51	1,103	36,862	0,0656	0,043	0,894	0,8975	3,344	0,015	1,969	-26,26	-18,3	-26,5	-18,58
01/10/2026 08:20:02	V0.04	31	HORARIO	20000	19	32,505	1,124	37,252	0,0311	0,0037	0,9543	0,9549	1,786	1,832	0,733	-26,17	-17,07	-26,07	-17,44
01/10/2026 08:20:02	V0.04	31	HORARIO	20000	20	32,509	1,115	36,279	0,0203	0,0442	0,9238	0,9251	2,771	2,435	1,092	-26,27	-18,51	-25,62	-17,19
01/10/2026 08:20:09	V0.04	31	ANTIHORARIO	20000	1	32,515	1,037	34,431	0,093	0,03	0,9121	0,9174	3,338	6,148	8,054	-26,49	-17,57	-26,52	-17,41
01/10/2026 08:20:11	V0.04	31	ANTIHORARIO	20000	2	32,514	1,003	32,68	0,0548	0,0358	0,9421	0,9444	1,664	0,481	3,298	-26,56	-19,78	-26,49	-18,55
01/10/2026 08:20:13	V0.04	31	ANTIHORARIO	20000	3	32,511	1,025	33,556	0,0369	0,0028	0,9391	0,9398	2,382	0,29	2,702	-26,73	-19,22	-26,39	-17,99
01/10/2026 08:20:14	V0.04	31	ANTIHORARIO	20000	4	32,499	1,06	35,987	0,0609	0,0022	0,9111	0,9132	2,053	0,038	1,031	-26,44	-19,46	-26,63	-18,3
01/10/2026 08:20:16	V0.04	31	ANTIHORARIO	20000	5	32,518	1,03	34,042	0,0839	0,0211	0,8984	0,9026	2,634	1,183	0,603	-25,99	-17,96	-26,09	-17,76
01/10/2026 08:20:18	V0.04	31	ANTIHORARIO	20000	6	32,506	1,067	35,598	0,0449	0,0145	0,9418	0,943	1,641	0,817	1,969	-26,29	-18,91	-26,87	-18,95
01/10/2026 08:20:20	V0.04	31	ANTIHORARIO	20000	7	32,519	1,061	34,723	0,0836	0,011	0,8943	0,8983	2,015	0,115	1,313	-26,04	-18,41	-26,54	-17,93
01/10/2026 08:20:21	V0.04	31	ANTIHORARIO	20000	8	32,514	1,055	35,112	0,1104	0,0127	0,9122	0,919	1,916	1,366	1,214	-26,67	-18,69	-26,53	-18,62
01/10/2026 08:20:23	V0.04	31	ANTIHORARIO	20000	9	32,518	1,013	33,264	0,0555	0,0114	0,9379	0,9396	1,504	0,244	0,053	-26,45	-19,7	-26,48	-18,58
01/10/2026 08:20:26	V0.04	31	ANTIHORARIO	20000	11	32,507	1,074	35,112	0,0452	0,0258	0,9238	0,9253	0,015	1,969	1,969	-26,78	-19,07	-26,6	-18,44
01/10/2026 08:20:28	V0.04	31	ANTIHORARIO	20000	12	32,509	1,075	34,917	0,0775	0,0455	0,9423	0,9465	1,779	0,244	1,58	-26,55	-18,06	-26,61	-18,34
01/10/2026 08:20:29	V0.04	31	ANTIHORARIO	20000	13	32,514	1,057	34,625	0,0602	0,0154	0,9349	0,937	0,588	0,756	0,74	-25,97	-17,99	-25,41	-17,83
01/10/2026 08:20:32	V0.04	31	ANTIHORARIO	20000	14	32,518	1,042	34,723	0,1066	0,0013	0,9259	0,932	2,656	1,031	0,534	-25,21	-16,65	-25,07	-16,45
01/10/2026 08:20:33	V0.04	31	ANTIHORARIO	20000	15	32,512	1,077	35,793	0,0248	0,0426	0,9052	0,9065	2,511	0,794	1,206	-26,25	-18,88	-26,63	-18,34
01/10/2026 08:20:37	V0.04	31	ANTIHORARIO	20000	16	32,522	1,03	34,431	0,052	0,0284	0,9189	0,9209	2,13	0,092	1,366	-26,7	-19,3	-26,35	-18,41
01/10/2026 08:20:39	V0.04	31	ANTIHORARIO	20000	17	32,502	1,107	36,182	0,0784	0,0287	0,9198	0,9236	1,802	0,099	0,191	-26,35	-17,93	-26,32	-18,09
01/10/2026 08:20:48	V0.04	31	ANTIHORARIO	20000	18	32,518	1,024	33,556	0,0897	0,0074	0,9115	0,9159	2,107	0,702	0,473	-26,33	-18,13	-26,52	-19,22
01/10/2026 08:20:51	V0.04	31	ANTIHORARIO	20000	19	32,509	1,09	35,89	0,0763	0,0087	0,928	0,9311	0,87	1,656	2,053	-26,19	-17,96	-26,1	-18,09
01/10/2026 08:20:52	V0.04	31	ANTIHORARIO	20000	20	32,519	1,052	34,723	0,0714	0,0212	0,902	0,905	1,809	0,153	0,649	-26,51	-19,14	-26,39	-18,8
01/10/2026 08:27:34	V0.04	32	HORARIO	15000	1	32,47	0,881	28,887	0,0756	0,0268	0,9126	0,9161	3,032	8,074	5,581	-25,85	-15,96	-25,9	-15,37
01/10/2026 08:27:37	V0.04	32	HORARIO	15000	2	32,474	0,898	29,665	0,0792	0,0281	0,9365	0,9403	1,595	1,595	0,115	-25,88	-17,93	-26,18	-17,79
01/10/2026 08:27:39	V0.04	32	HORARIO	15000	3	32,463	0,932	30,443	0,0956	0,0077	0,9015	0,9066	2,069	3,626	0,534	-26,24	-18,2	-26,12	-18,99
01/10/2026 08:27:41	V0.04	32	HORARIO	15000	4	32,486	0,877	28,984	0,0981	0,0093	0,9089	0,9143	1,435	0,015	0,618	-25,63	-16,68	-25,88	-17,57
01/10/2026 08:27:42	V0.04	32	HORARIO	15000	5	32,488	0,869	28,595	0,0688	0,0192	0,9219	0,9246	2,221	1,275	1,969	-25,96	-16,26	-26,12	-18,69
01/10/2026 08:27:44	V0.04	32	HORARIO	15000	6	32,487	0,875	29,179	0,0852	0,0116	0,9221	0,9261	1,542	1,641	1,42	-24,72	-14,31	-25,55	-16,98
01/10/2026 08:27:46	V0.04	32	HORARIO	15000	7	32,49	0,863	28,401	0,059	0,0253	0,9292	0,9314	2,183	1,237	0,992	-24,57	-16,04	-24,45	-16,31
01/10/2026 08:27:48	V0.04	32	HORARIO	15000	8	32,486	0,868	28,401	0,0779	0,0215	0,9038	0,9074	2,618	0,901	1,267	-24,19	-14,7	-24,67	-16,04
01/10/2026 08:27:50	V0.04	32	HORARIO	15000	9	32,497	0,85	28,692	0,0758	0,0289	0,9161	0,9197	1,702	1,626	0,634	-25,3	-16,92	-25,78	-17,86
01/10/2026 08:27:52	V0.04	32	HORARIO	15000	10	32,49	0,875	28,887	0,0471	0,0225	0,9276	0,9291	1,931	0,298	1,107	-25,69	-17,28	-25,18	-16,09
01/10/2026 08:27:54	V0.04	32	HORARIO	15000	11	32,5	0,859	27,914	0,0444	0,0199	0,9115	0,9128	1,504	1,443	1,519	-25,89	-17,6	-25,99	-17,53
01/10/2026 08:27:56	V0.04	32	HORARIO	15000	12	32,511	0,814	27,623	0,0852	0,0144	0,9197	0,9237	1,794	0,786	0,359	-25,66	-17,19	-25,7	-17,04
01/10/2026 08:27:57	V0.04	32	HORARIO	15000	13	32,48	0,93	31,319	0,0624	0,0206	0,9147	0,917	2,29	0,168	0,878	-23,56	-14,29	-23,86	-13,74
01/10/2026 08:27:59	V0.04	32	HORARIO	15000	14	32,493	0,877	29,179	0,0625	0,0175	0,9178	0,9201	1,779	1,344	1,061	-25,88	-17,44	-25,8	-17,25
01/10/2026 08:28:01	V0.04	32	HORARIO	15000	15	32,52	0,813	26,844	0,0879	0,0266	0,9342	0,9387	2,221	1,397	1,672	-25,47	-16,92	-25,13	-16,6
01/10/2026 08:28:03	V0.04	32	HORARIO	15000	16	32,5	0,9	29,86	0,066	0,0157	0,0157	0,0696	1,969	1,969	1,969	-24,92	-15,1	-24,9	-16,86
01/10/2026 08:28:07	V0.04	32	HORARIO	15000	18	32,504	0,873	28,79	0,083	0,0182	0,9148	0,9187	1,84	0,183	1,351	-24,96	-15,7	-25,44	-16,4
01/10/2026 08:28:08	V0.04	32	HORARIO	15000	17	32,511	0,862	28,012	0,0546	0,0221	0,9133	0,9152	2,015	2,008	1,176	-25,52	-15,75	-25,69	-17,07
01/10/2026 08:28:08	V0.04	32	HORARIO	15000	19	32,5	0,867	28,109	0,0751	0,0282	0,9115	0,915	1,893	2,763	1,214	-24,89	-13,05	-25,42	-16,09
01/10/2026 08:28:11	V0.04	32	HORARIO	15000	20	32,517	0,824	27,914	0,0654	0,0188	0,9076	0,9101	1,962	1,695	1,26	-25,32	-17,01	-25,04	-16,74
01/10/2026 08:28:18	V0.04	32	ANTIHORARIO	15000	1	32,517	0,803	26,65	0,0804	0,0238	0,918	0,9219	3,426	6,589	6,475	-24,63	-14,05	-24,7	-14,49
01/10/2026 08:28:20	V0.04	32	ANTIHORARIO	15000	2	32,515	0,78	26,066	0,0564	0,0328	0,9521	0,9544	2,534	0,099	1,366	-24,45	-16,51	-23,93	-15,85
01/10/2026 08:28:21	V0.04	32	ANTIHORARIO	15000	3	32,526	0,781	26,358	0,0623	0,0298	0,9309	0,9335	1,817	0,427	1,931	-25,2	-15,88	-25,61	-17,66
01/10/2026 08:28:23	V0.04	32	ANTIHORARIO	15000	4	32,527	0,782	26,358	0,0336	0,0051	0,8978	0,8985	2,069	0,092	1,58	-25,81	-17,57	-25,34	-15,88
01/10/2026 08:28:25	V0.04	32	ANTIHORARIO	15000	5	32,51	0,84	27,914	0	0	0	0	0	0	0	-25,37	-17,16	-25,05	-15,78
01/10/2026 08:28:26	V0.04	32	ANTIHORARIO	15000	6	32,524	0,791	25,58	0,0873	0,0017	0,9135	0,9176	1,649	0,076	0,534	-25,86	-16,6	-26,06	-18,37
01/10/2026 08:28:28	V0.04	32	ANTIHORARIO	15000	7	32,52	0,821	27,233	0,1046	0,0089	0,9216	0,9276	1,328	0,71	1,183	-25,77	-17,53	-25,59	-17,16
01/10/2026 08:28:30	V0.04	32	ANTIHORARIO	15000	8	32,528	0,807	26,358	0,0682	0,0396	0,9513	0,9546	1,84	0,595	1,145	-26,39	-19,07	-27,04	-18,44
01/10/2026 08:28:33	V0.04	32	ANTIHORARIO	15000	9	32,519	0,795	26,066	0,059	0,0516	0,9441	0,9473	1,969	1,969	1,969	-26,22	-18,13	-26,52	-19,38
01/10/2026 08:28:34	V0.04	32	ANTIHORARIO	15000	10	32,522	0,827	27,623	0,1089	0,0051	0,9277	0,9341	1,763	1,092	0,634	-25,79	-17,69	-25,67	-16,57
01/10/2026 08:28:36	V0.04	32	ANTIHORARIO	15000	11	32,54	0,765	25,58	0,0493	0,0469	0,9409	0,9434	1,847	0,534	1,397	-26,17	-17,57	-26,02	-18,27
01/10/2026 08:28:38	V0.04	32	ANTIHORARIO	15000	12	32,527	0,783	26,066	0,0442	0,0215	0,9404	0,9417	1,267	2,206	1,26	-23,66	-15,17	-24,67	-16,86
01/10/2026 08:28:40	V0.04	32	ANTIHORARIO	15000	13	32,516	0,829	28,012	0,1368	0,0133	0,9402	0,9502	1,718	1,366	0,664	-23,91	-15,54	-24,43	-15,85
01/10/2026 08:28:42	V0.04	32	ANTIHORARIO	15000	14	32,526	0,813	26,747	0,0464	0,0089	0,8956	0,8969	1,458	0,863	1,267	-26,01	-18,16	-26,15	-17,93
01/10/2026 08:28:44	V0.04	32	ANTIHORARIO	15000	15	32,517	0,82	26,747	0,1074	0,0052	0,9012	0,9076	1,382	0,802	1,321	-26,39	-17,79	-26,26	-18,3
01/10/2026 08:28:46	V0.04	32	ANTIHORARIO	15000	16	32,538	0,765	25,288	0,077	0,0123	0,9303	0,9336	0,015	1,969	1,969	-25,96	-17,99	-26,16	-18,13
01/10/2026 08:28:48	V0.04	32	ANTIHORARIO	15000	17	32,526	0,818	27,428	0,0239	0,0347	0,9241	0,925	2,26	0,298	0,74	-26,3	-18,84	-26,93	-19,5
01/10/2026 08:28:50	V0.04	32	ANTIHORARIO	15000	18	32,525	0,81	27,623	0,0863	0,0096	0,9016	0,9058	1,969	1,634	1,076	-25,39	-15,78	-25,54	-18,13
01/10/2026 08:28:52	V0.04	32	ANTIHORARIO	15000	19	32,526	0,818	27,623	0,0563	0,0314	0,8972	0,8995	1,802	0,771	1,084	-25,08	-16,95	-25,49	-18,03
01/10/2026 08:28:53	V0.04	32	ANTIHORARIO	15000	20	32,531	0,79	25,969	0,0699	0,0085	0,9078	0,9106	1,847	0,84	1,252	-24,83	-17,04	-24,51	-16,04
01/10/2026 08:29:00	V0.04	32	HORARIO	20000	1	32,52	0,904	29,957	0,0575	0,0281	0,9123	0,9146	3,396	7,438	6,591	-25,81	-14,95	-25,9	-16,12
01/10/2026 08:29:02	V0.04	32	HORARIO	20000	2	32,51	0,891	28,692	0,0569	0,017	0,9097	0,9116	2,718	1,137	4,511	-25,88	-17,86	-26,01	-18,06
01/10/2026 08:29:04	V0.04	32	HORARIO	20000	3	32,527	0,859	28,303	0,0837	0,0155	0,9154	0,9194	1,031	0,924	0,74	-25,22	-16,77	-25,03	-16,92
01/10/2026 08:29:06	V0.04	32	HORARIO	20000	4	32,507	0,933	30,54	0,0549	0,0378	0,9435	0,9458	2,611	0,771	0,458	-25,24	-17,53	-25,46	-17,25
01/10/2026 08:29:08	V0.04	32	HORARIO	20000	5	32,528	0,852	28,79	0,0571	0,014	0,923	0,9248	1,679	0,603	1,832	-26,17	-17,31	-25,85	-18,3
01/10/2026 08:29:10	V0.04	32	HORARIO	20000	6	32,529	0,854	28,012	0,0781	0,0249	0,917	0,9207	1,702	1,496	0,931	-25,67	-17,01	-25,34	-17,16
01/10/2026 08:29:11	V0.04	32	HORARIO	20000	7	32,529	0,885	28,887	0,0708	0,0065	0,8966	0,8994	1,901	1,649	1,206	-25,17	-16,92	-25,32	-17,28
01/10/2026 08:29:13	V0.04	32	HORARIO	20000	8	32,531	0,86	29,373	0,0543	0,0111	0,8923	0,8941	1,504	1,122	1,344	-24,38	-14,34	-24,46	-14,21
01/10/2026 08:29:15	V0.04	32	HORARIO	20000	9	32,547	0,834	27,428	0,0928	0,0073	0,9307	0,9353	2,298	0,42	0,954	-24,1	-16,07	-23,44	-15,93
01/10/2026 08:29:17	V0.04	32	HORARIO	20000	10	32,511	0,918	30,151	0,0392	0,0455	0,9717	0,9735	1,137	1,756	0,992	-25,92	-18,3	-26,12	-17,07
01/10/2026 08:29:19	V0.04	32	HORARIO	20000	11	32,538	0,847	28,206	0,048	0,0405	0,9757	0,9777	1,405	3,45	0,87	-25,27	-16,65	-25,45	-17,47
01/10/2026 08:29:21	V0.04	32	HORARIO	20000	12	32,527	0,844	28,012	0,0502	0,0256	0,9324	0,9341	2,359	1,206	1,237	-25,48	-17,07	-25,87	-17,31
01/10/2026 08:29:23	V0.04	32	HORARIO	20000	13	32,531	0,856	28,498	0,0837	0,0166	0,9244	0,9284	2	1,702	0,962	-25,95	-17,79	-25,7	-16,29
01/10/2026 08:29:27	V0.04	32	HORARIO	20000	14	32,512	0,921	29,665	0,054	0,0186	0,9174	0,9191	1,664	1,344	0,855	-24,35	-15,2	-24,8	-16,45
01/10/2026 08:29:30	V0.04	32	HORARIO	20000	15	32,523	0,896	29,665	0,0599	0,0167	0,908	0,9101	1,588	1,244	0,87	-25,13	-16,31	-25,29	-16,65
01/10/2026 08:29:31	V0.04	32	HORARIO	20000	16	32,529	0,881	29,373	0	0	0	0	0	0	0	-25,46	-15,54	-25,5	-16,68
01/10/2026 08:29:33	V0.04	32	HORARIO	20000	17	32,542	0,852	28,303	0,0586	0,0201	0,9406	0,9426	2,031	0,244	1,519	-25,5	-16,92	-25,53	-17,73
01/10/2026 08:29:35	V0.04	32	HORARIO	20000	18	32,54	0,868	28,401	0,066	0,0148	0,9014	0,9039	2,366	3,183	1,534	-25,95	-17,99	-26,25	-17,86
01/10/2026 08:29:37	V0.04	32	HORARIO	20000	19	32,557	0,804	26,261	0,0712	0,0131	0,9092	0,9121	2,206	0,198	0,771	-25,91	-16,45	-25,82	-17,41
01/10/2026 08:29:38	V0.04	32	HORARIO	20000	20	32,53	0,905	29,081	0,088	0,0161	0,9083	0,9127	1,595	1,74	0,588	-25,08	-17,53	-26	-17,99
01/10/2026 08:29:52	V0.04	32	ANTIHORARIO	20000	2	32,539	0,792	26,553	0,1039	0,0133	0,9496	0,9553	2,527	1,13	2,382	-25,14	-17,25	-25,04	-16,12
01/10/2026 08:29:52	V0.04	32	ANTIHORARIO	20000	1	32,543	0,785	26,066	0,0816	0,0262	0,9148	0,9188	2,873	4,606	7,794	-24,96	-14,61	-24,96	-15
01/10/2026 08:29:53	V0.04	32	ANTIHORARIO	20000	3	32,543	0,782	26,455	0,0964	0,0162	0,9482	0,9533	1,366	0,42	2,427	-25,47	-17,1	-25,9	-18,06
01/10/2026 08:29:55	V0.04	32	ANTIHORARIO	20000	4	32,548	0,781	26,65	0,0586	0,0178	0,9142	0,9162	2,046	0,534	1,214	-25,87	-17,79	-25,31	-16,26
01/10/2026 08:29:55	V0.04	32	ANTIHORARIO	20000	5	32,569	0,716	23,732	0,0465	0,042	0,9468	0,9488	1,84	0,038	1,534	-25,2	-16,26	-25,4	-17,31
01/10/2026 08:29:56	V0.04	32	ANTIHORARIO	20000	6	32,546	0,792	27,039	0,0901	0,0338	0,9866	0,9913	1,924	1,679	1,137	-25,84	-17,93	-25,75	-18,06
01/10/2026 08:29:58	V0.04	32	ANTIHORARIO	20000	7	32,553	0,772	25,677	0,0809	0,0137	0,8878	0,8916	1,58	0,756	1,069	-26,16	-17,89	-25,79	-16,92
01/10/2026 08:30:00	V0.04	32	ANTIHORARIO	20000	8	32,558	0,733	23,927	0,1211	0,0085	0,9611	0,9687	2,031	0,321	0,763	-26,31	-17,99	-26,61	-18,34
01/10/2026 08:30:01	V0.04	32	ANTIHORARIO	20000	9	32,563	0,748	25,288	0,11	0,0104	0,8721	0,879	1,489	0,229	1,221	-25,86	-18,13	-26,07	-16,98
01/10/2026 08:30:03	V0.04	32	ANTIHORARIO	20000	10	32,548	0,815	27,331	0,0615	0,0348	0,9523	0,9549	1,939	0,847	1,092	-25,18	-17,13	-25,57	-18,2
01/10/2026 08:30:06	V0.04	32	ANTIHORARIO	20000	11	32,555	0,756	24,996	0	0	0	0	0	0	0	-25,83	-17,99	-25,8	-18,3
01/10/2026 08:30:08	V0.04	32	ANTIHORARIO	20000	12	32,542	0,812	28,012	0,0165	0,0067	0,9011	0,9013	1,756	1,237	0,664	-25,62	-17,16	-25,36	-17,63
01/10/2026 08:30:09	V0.04	32	ANTIHORARIO	20000	13	32,544	0,796	25,969	0,0746	0,053	0,9932	0,9974	1,656	0,198	1,344	-24,03	-16,04	-24,97	-16,07
01/10/2026 08:30:11	V0.04	32	ANTIHORARIO	20000	14	32,551	0,755	24,705	0,0961	0,0043	0,8767	0,882	1,985	0,015	1,969	-25,7	-17,28	-25,86	-17,99
01/10/2026 08:30:13	V0.04	32	ANTIHORARIO	20000	15	32,543	0,797	26,553	0,0271	0,0083	0,8691	0,8696	2,099	0,779	1,008	-25,5	-17,63	-25,01	-17,19
01/10/2026 08:30:15	V0.04	32	ANTIHORARIO	20000	16	32,545	0,809	26,261	0,0923	0,0164	0,9067	0,9116	1,901	0,481	1,74	-25,14	-16,37	-25,65	-17,04
01/10/2026 08:30:17	V0.04	32	ANTIHORARIO	20000	17	32,549	0,783	26,164	0,0601	0,0417	0,9663	0,9691	1,977	0,817	1,008	-25,19	-16,12	-25,83	-18,44
01/10/2026 08:30:19	V0.04	32	ANTIHORARIO	20000	18	32,551	0,792	25,969	0,1067	0,009	0,9634	0,9693	2,229	1,702	0,595	-26,2	-18,37	-26,61	-17,93
01/10/2026 08:30:21	V0.04	32	ANTIHORARIO	20000	19	32,559	0,755	25,385	0,1149	0,0092	0,9286	0,9357	1,901	0,496	1,069	-26,41	-17,76	-26,76	-18,88
01/10/2026 08:30:23	V0.04	32	ANTIHORARIO	20000	20	32,566	0,736	24,996	0,0865	0,0422	0,9747	0,9795	2,115	0,298	0,71	-26,06	-17,16	-25,7	-17,63
01/10/2026 08:33:18	V0.04	33	HORARIO	15000	1	32,504	0,72	23,635	0,262	0,1664	0,9813	1,0292	3,537	5,488	6,295	-23,35	-11,11	-21,58	-10,38
01/10/2026 08:33:21	V0.04	33	HORARIO	15000	2	32,495	0,783	25,385	0,2526	0,0084	0,9076	0,9421	1,099	1,153	0,069	-24,04	-16,09	-22,61	-13,43
01/10/2026 08:33:23	V0.04	33	HORARIO	15000	3	32,5	0,757	24,607	0,2506	0,0198	0,9253	0,9588	1,053	0,939	3,031	-22,95	-13,64	-22,19	-13,01
01/10/2026 08:33:24	V0.04	33	HORARIO	15000	4	32,504	0,766	24,316	0,1311	0,2699	1,2815	1,3162	1,42	0,015	1,969	-23,29	-13,8	-21,73	-13,43
01/10/2026 08:33:26	V0.04	33	HORARIO	15000	5	32,518	0,732	24,899	0,4058	0,0382	0,9175	1,0039	2,855	0,542	0,55	-24,5	-14,14	-20,95	-13,3
01/10/2026 08:33:28	V0.04	33	HORARIO	15000	6	32,508	0,753	24,218	0,2788	0,1769	0,5079	0,6058	2,458	0,191	1,221	-24,64	-15,47	-21,73	-13,45
01/10/2026 08:33:29	V0.04	33	HORARIO	15000	7	32,538	0,66	22,273	0,2994	0,1648	0,5017	0,6071	2,313	0,275	1,611	-23,68	-13,45	-21,61	-12,99
01/10/2026 08:33:31	V0.04	33	HORARIO	15000	8	32,505	0,76	25,483	0,156	0,2708	1,2294	1,2685	3,031	0,824	0,275	-22,95	-12,49	-20,95	-13,22
01/10/2026 08:33:33	V0.04	33	HORARIO	15000	9	32,538	0,723	24,121	0,1549	0,1564	0,0157	0,2207	1,969	1,969	1,969	-24,54	-13,88	-21,41	-13,2
01/10/2026 08:33:35	V0.04	33	HORARIO	15000	10	32,515	0,742	24,413	0,2352	0,1444	0,4396	0,5191	2,756	0,031	1,931	-23,6	-14,31	-21,54	-13,68
01/10/2026 08:33:37	V0.04	33	HORARIO	15000	11	32,533	0,658	21,69	0,2396	0,0089	1,0094	1,0375	0,427	1,183	1,427	-24,15	-13,28	-22,1	-13,45
01/10/2026 08:33:38	V0.04	33	HORARIO	15000	12	32,519	0,763	24,996	0,403	0,0583	0,7292	0,8352	3,779	0,84	0,702	-23,93	-15,42	-21,51	-12,11
01/10/2026 08:33:40	V0.04	33	HORARIO	15000	13	32,534	0,727	24,024	0,3102	0,1357	0,4675	0,5773	2,947	1,397	1,351	-25,01	-14,14	-22,28	-13,88
01/10/2026 08:33:42	V0.04	33	HORARIO	15000	14	32,545	0,686	22,954	0,1458	0,3085	1,1906	1,2385	0,916	0,069	0,817	-23,77	-13,51	-23,36	-15,37
01/10/2026 08:33:44	V0.04	33	HORARIO	15000	15	32,537	0,682	23,44	0,2208	0,0497	1,0496	1,0737	0,641	1,672	1,328	-23,56	-14,31	-22,08	-13,39
01/10/2026 08:33:46	V0.04	33	HORARIO	15000	16	32,525	0,731	24,316	0,1826	0,0857	0,7308	0,7582	1,87	2,038	1,473	-23,02	-14,31	-22,35	-13,26
01/10/2026 08:33:48	V0.04	33	HORARIO	15000	17	32,547	0,711	22,565	0,4011	0,0044	0,8606	0,9495	2,382	2,069	0,916	-23,36	-12,78	-22,85	-13,05
01/10/2026 08:33:49	V0.04	33	HORARIO	15000	18	32,555	0,656	22,662	0,2424	0,0023	0,9781	1,0077	0,359	0,916	1,733	-23,77	-14,25	-22,03	-13,08
01/10/2026 08:33:51	V0.04	33	HORARIO	15000	19	32,56	0,679	21,981	0,2189	0,1206	1,0724	1,1011	1,351	1,931	0,947	-24,18	-14,21	-21,76	-13,76
01/10/2026 08:33:53	V0.04	33	HORARIO	15000	20	32,553	0,689	23,635	0,2581	0,1865	1,2434	1,2835	2,191	1,519	0,557	-23,68	-14,67	-23,17	-14,01
01/10/2026 08:34:00	V0.04	33	ANTIHORARIO	15000	1	32,543	0,712	23,732	0,2506	0,171	0,9367	0,9846	3,39	7,193	6,367	-22,65	-11,53	-23,4	-11,59
01/10/2026 08:34:02	V0.04	33	ANTIHORARIO	15000	2	32,518	0,745	24,121	0,1007	0,0973	0,6345	0,6498	2,412	1,672	3,924	-23,42	-13,93	-23,92	-14,52
01/10/2026 08:34:04	V0.04	33	ANTIHORARIO	15000	3	32,562	0,603	19,842	0,0575	0,1271	0,579	0,5955	3,122	0,527	0,878	-22,96	-13,45	-23	-14,1
01/10/2026 08:34:06	V0.04	33	ANTIHORARIO	15000	4	32,549	0,655	21,981	0,2736	0,2268	1,229	1,2793	2,031	0,29	2,435	-22,81	-13,62	-24,04	-14,74
01/10/2026 08:34:08	V0.04	33	ANTIHORARIO	15000	5	32,549	0,674	22,273	0,2329	0,1608	1,1412	1,1758	2,679	0,954	1,42	-23,04	-12,99	-24,15	-13,82
01/10/2026 08:34:09	V0.04	33	ANTIHORARIO	15000	6	32,536	0,704	23,246	0,2045	0,2535	1,1523	1,1975	1,191	0,71	2,076	-22,85	-13,72	-23,58	-14,18
01/10/2026 08:34:12	V0.04	33	ANTIHORARIO	15000	7	32,544	0,689	23,246	0,376	0,0757	0,804	0,8907	1,542	0,412	0,336	-23,53	-14,21	-24,63	-15,99
01/10/2026 08:34:14	V0.04	33	ANTIHORARIO	15000	8	32,577	0,617	20,911	0	0	0	0	0	0	0	-22,69	-13,68	-23,72	-13,56
01/10/2026 08:34:16	V0.04	33	ANTIHORARIO	15000	9	32,574	0,584	19,939	0	0	0	0	0	0	0	-22,67	-14,54	-23,97	-15,52
01/10/2026 08:34:20	V0.04	33	ANTIHORARIO	15000	11	32,563	0,631	20,62	0,0621	0,3107	1,2621	1,3012	1,313	0,847	1,519	-23,21	-14,29	-23,93	-14,7
01/10/2026 08:34:22	V0.04	33	ANTIHORARIO	15000	12	32,564	0,645	20,133	0	0	0	0	0	0	0	-22,92	-14,45	-24,32	-15,49
01/10/2026 08:34:23	V0.04	33	ANTIHORARIO	15000	13	32,586	0,578	20,231	0	0	0	0	0	0	0	-23,24	-12,93	-25,28	-16,83
01/10/2026 08:34:25	V0.04	33	ANTIHORARIO	15000	14	32,536	0,724	24,316	0,0565	0,1306	0,5651	0,5827	2,229	1,473	0,924	-23,78	-14,36	-24,53	-14,14
01/10/2026 08:34:27	V0.04	33	ANTIHORARIO	15000	15	32,577	0,594	21,106	0,1919	0,0905	1,033	1,0545	2,443	0,069	1,74	-22,15	-11,71	-23,97	-15,27
01/10/2026 08:34:29	V0.04	33	ANTIHORARIO	15000	16	32,546	0,707	24,218	0	0	0	0	0	0	0	-23,92	-15,47	-24,12	-14,74
01/10/2026 08:34:30	V0.04	33	ANTIHORARIO	15000	17	32,563	0,635	20,814	0,3687	0,1138	0,7581	0,8506	1,611	0,87	0,397	-22,54	-12,93	-23,84	-14,88
01/10/2026 08:34:32	V0.04	33	ANTIHORARIO	15000	18	32,557	0,664	21,203	0,1222	0,3256	1,2878	1,334	0,015	1,969	1,969	-24,73	-16,74	-21,95	-13,16
01/10/2026 08:34:34	V0.04	33	ANTIHORARIO	15000	19	32,571	0,592	19,744	0,1157	0,3202	1,3206	1,3637	1,832	1,405	1,71	-23,01	-14,16	-24,5	-15,44
01/10/2026 08:34:36	V0.04	33	ANTIHORARIO	15000	20	32,542	0,711	22,759	0,2241	0,1526	0,67	0,7228	1,229	1,664	0,55	-23,68	-15,83	-24,66	-14,36
01/10/2026 08:34:44	V0.04	33	HORARIO	20000	1	32,551	0,73	24,51	0,2636	0,1956	1,0055	1,0578	4,24	9,724	6,828	-23,56	-11,28	-21,88	-10,33
01/10/2026 08:34:45	V0.04	33	HORARIO	20000	2	32,576	0,666	21,592	0,4205	0,063	0,6818	0,8035	3,679	0,679	0,847	-24,19	-14,29	-23,07	-13,7
01/10/2026 08:34:47	V0.04	33	HORARIO	20000	3	32,557	0,721	23,635	0,4022	0,1083	1,1421	1,2157	2,214	0,42	1,107	-24,37	-13,88	-22,1	-13,84
01/10/2026 08:34:48	V0.04	33	HORARIO	20000	4	32,549	0,714	23,927	0,3976	0,0775	1,0808	1,1542	3,42	0,611	0,824	-24,6	-15,39	-21,75	-14,31
01/10/2026 08:34:50	V0.04	33	HORARIO	20000	5	32,559	0,697	24,121	0,0463	0,3401	1,3354	1,3788	1,16	0,489	0,901	-24,27	-13,91	-22,66	-14,31
01/10/2026 08:34:53	V0.04	33	HORARIO	20000	6	32,56	0,708	23,44	0,0371	0,3234	1,3707	1,4088	1,198	1,168	0,481	-24,69	-14,74	-21,87	-13,47
01/10/2026 08:34:54	V0.04	33	HORARIO	20000	7	32,549	0,682	23,538	0,072	0,3403	1,3169	1,3621	0,763	1,076	0,931	-23,54	-13,95	-22,08	-13,3
01/10/2026 08:34:56	V0.04	33	HORARIO	20000	8	32,563	0,665	22,857	0,2495	0,0488	0,9948	1,0267	1,107	0,641	1,863	-23,77	-15,47	-22,69	-13,88
01/10/2026 08:34:58	V0.04	33	HORARIO	20000	9	32,579	0,667	22,273	0,4027	0,0958	0,5697	0,7042	3,45	0,893	1,053	-24,69	-15,62	-22,42	-13,62
01/10/2026 08:35:00	V0.04	33	HORARIO	20000	10	32,559	0,688	21,884	0,3854	0,085	0,5968	0,7155	3,519	0,489	1,267	-24,15	-15,57	-23,15	-14,05
01/10/2026 08:35:02	V0.04	33	HORARIO	20000	11	32,569	0,68	22,954	0,3016	0,158	0,4492	0,5637	2,817	1,29	1,061	-23,88	-13,97	-22,77	-14,86
01/10/2026 08:35:04	V0.04	33	HORARIO	20000	12	32,562	0,675	21,592	0,1143	0,1753	0,4352	0,4829	2,053	1,153	1,618	-24,27	-15,75	-21,98	-13,82
01/10/2026 08:35:05	V0.04	33	HORARIO	20000	13	32,586	0,616	21,3	0,4194	0,0382	0,6962	0,8137	3,252	0,115	1,221	-24,59	-15,37	-21,59	-12,42
01/10/2026 08:35:07	V0.04	33	HORARIO	20000	14	32,571	0,697	22,273	0,0503	0,1724	0,5391	0,5682	1,718	0,26	1,588	-24,03	-15,17	-22,5	-13,99
01/10/2026 08:35:10	V0.04	33	HORARIO	20000	16	32,562	0,723	24,024	0,0107	0,3186	1,3436	1,3809	1,969	1,969	1,969	-23,89	-15,57	-22,32	-12,64
01/10/2026 08:35:12	V0.04	33	HORARIO	20000	15	32,556	0,676	22,662	0,239	0,0402	0,9043	0,9362	0,656	0,366	1,466	-24,84	-15,17	-21,99	-13,18
01/10/2026 08:35:12	V0.04	33	HORARIO	20000	17	32,567	0,665	22,273	0,3362	0,1378	0,4769	0,5996	3,183	1,267	0,992	-23,71	-14,81	-22,52	-13,05
01/10/2026 08:35:14	V0.04	33	HORARIO	20000	18	32,559	0,742	23,732	0,314	0,1582	1,2242	1,2737	2,137	1,878	0,382	-23,54	-12,88	-20,92	-13,14
01/10/2026 08:35:16	V0.04	33	HORARIO	20000	19	32,563	0,667	22,857	0,1937	0,1274	0,7069	0,744	1,412	0,832	2,137	-24,72	-16,09	-21,96	-13,93
01/10/2026 08:35:18	V0.04	33	HORARIO	20000	20	32,569	0,686	23,246	0,0702	0,332	1,3381	1,3805	1,389	1,366	0,458	-24,29	-15,7	-22,47	-14,01
01/10/2026 08:35:24	V0.04	33	ANTIHORARIO	20000	1	32,559	0,676	22,565	0,2348	0,1942	0,9907	1,0365	2,822	7,764	7,17	-22,96	-11,37	-23,59	-12,42
01/10/2026 08:35:26	V0.04	33	ANTIHORARIO	20000	2	32,576	0,62	20,231	0,0375	0,1476	0,5383	0,5595	2,847	0,29	2,061	-22,84	-13,7	-24,7	-15,34
01/10/2026 08:35:28	V0.04	33	ANTIHORARIO	20000	3	32,551	0,701	23,732	0,2927	0,2102	1,2006	1,2535	2,122	0,45	3,084	-24,07	-14,65	-24,41	-13,97
01/10/2026 08:35:30	V0.04	33	ANTIHORARIO	20000	4	32,58	0,573	20,133	0,0483	0,3291	1,2876	1,3299	1,336	0,305	0,962	-22,92	-14,08	-24,68	-15,05
01/10/2026 08:35:32	V0.04	33	ANTIHORARIO	20000	5	32,588	0,625	20,814	0,2279	0,1348	1,0819	1,1138	2,145	2,191	2,046	-22,97	-14,54	-24,77	-14,34
01/10/2026 08:35:34	V0.04	33	ANTIHORARIO	20000	6	32,572	0,625	20,911	0,2167	0,3124	1,2982	1,3527	2,435	2,817	1,099	-23,3	-14,43	-23,97	-14,58
01/10/2026 08:35:36	V0.04	33	ANTIHORARIO	20000	7	32,556	0,707	23,246	0	0	0	0	0	0	0	-23,09	-14,34	-24,88	-16,23
01/10/2026 08:35:37	V0.04	33	ANTIHORARIO	20000	8	32,551	0,679	23,148	0,1379	0,0267	0,7931	0,8054	3,137	0,901	0,855	-23,95	-14,23	-24,21	-14,67
01/10/2026 08:35:40	V0.04	33	ANTIHORARIO	20000	9	32,555	0,689	23,051	0,2258	0,1536	0,6638	0,7178	1,969	1,969	1,969	-24,66	-15,59	-23,2	-13,12
01/10/2026 08:35:42	V0.04	33	ANTIHORARIO	20000	10	32,571	0,679	21,495	0,1998	0,3193	1,3125	1,3655	1,565	0,458	1,763	-24,18	-14,4	-24,2	-15,29
01/10/2026 08:35:44	V0.04	33	ANTIHORARIO	20000	11	32,577	0,67	23,051	0,3477	0,092	0,7668	0,847	1,466	0,573	0,695	-23,88	-15,52	-24,1	-15,1
01/10/2026 08:35:45	V0.04	33	ANTIHORARIO	20000	12	32,569	0,644	22,468	0,1622	0,0204	0,9236	0,9379	2,504	0,763	1,206	-24,38	-15,47	-24,31	-15,05
01/10/2026 08:35:47	V0.04	33	ANTIHORARIO	20000	13	32,57	0,637	21,981	0,3802	0,0756	0,7766	0,868	1,718	0,634	0,26	-24,13	-15,88	-23,72	-14,93
01/10/2026 08:35:49	V0.04	33	ANTIHORARIO	20000	14	32,547	0,721	23,732	0,2198	0,2494	1,2628	1,3058	1,664	0,695	1,939	-23,77	-14,84	-24,21	-14,12
01/10/2026 08:35:50	V0.04	33	ANTIHORARIO	20000	15	32,561	0,661	22,857	0,2825	0,1381	0,6995	0,7669	2,023	1,366	0,458	-23,46	-13,95	-24,66	-15,54
01/10/2026 08:35:52	V0.04	33	ANTIHORARIO	20000	16	32,576	0,664	21,009	0,0106	0,3187	1,2778	1,317	0,939	0,282	1,527	-23,35	-13,95	-24,21	-16,01
01/10/2026 08:35:54	V0.04	33	ANTIHORARIO	20000	17	32,549	0,715	22,37	0,0765	0,3145	1,2657	1,3065	1,176	0,641	1,435	-24,13	-14,43	-25,07	-16,37
01/10/2026 08:35:56	V0.04	33	ANTIHORARIO	20000	18	32,563	0,666	23,148	0,0937	0,3419	1,3516	1,3973	1,992	1,962	2,13	-23,37	-13,2	-24,7	-15,32
01/10/2026 08:35:58	V0.04	33	ANTIHORARIO	20000	19	32,597	0,623	20,133	0,2037	0,1726	0,6007	0,6574	1,328	1,267	0,649	-23,99	-15,99	-24,09	-14,31
01/10/2026 08:36:00	V0.04	33	ANTIHORARIO	20000	20	32,547	0,685	23,148	0,0261	0,1505	0,5498	0,5706	2,458	0,046	0,275	-24,16	-16,09	-23,88	-14,95
01/10/2026 08:38:28	V0.04	33	ANTIHORARIO	15000	10	32,549	0,689	22,662	0,2125	0,1681	0,6649	0,718	1,618	0,305	0,183	-23,4	-15,15	-23,88	-14,61
01/10/2026 08:52:11	V0.04	34	HORARIO	15000	1	32,392	1,191	39,099	0,0657	0,0336	0,9259	0,9288	3,765	5,593	9,327	-26,05	-15,49	-26,04	-15,8
01/10/2026 08:52:13	V0.04	34	HORARIO	15000	2	32,373	1,28	42,017	0,0125	0,027	0,9403	0,9408	2,527	0,405	4,214	-26,21	-17,37	-26,36	-17,89
01/10/2026 08:52:16	V0.04	34	HORARIO	15000	4	32,382	1,297	42,115	0,024	0,0161	0,9213	0,9217	1,473	0,153	1,092	-26,27	-17,6	-26,02	-19,22
01/10/2026 08:52:18	V0.04	34	HORARIO	15000	5	32,414	1,154	37,154	0	0,0295	0,9498	0,9503	1,267	0,832	2,565	-26,08	-18,41	-26,17	-17,63
01/10/2026 08:52:20	V0.04	34	HORARIO	15000	6	32,423	1,125	35,987	0,0056	0,0277	0,9536	0,954	2,557	1,618	1,45	-26,42	-17,89	-26,72	-18,99
01/10/2026 08:52:21	V0.04	34	HORARIO	15000	7	32,371	1,346	44,06	0,0322	0,0043	0,9221	0,9227	2,328	0,099	0,115	-26,05	-18,27	-25,96	-16,74
01/10/2026 08:52:23	V0.04	34	HORARIO	15000	8	32,428	1,134	36,96	0,0707	0,032	0,8737	0,8771	2,427	2,489	2,534	-26,54	-17,89	-26,05	-18,27
01/10/2026 08:52:25	V0.04	34	HORARIO	15000	9	32,396	1,293	42,309	0,0413	0,0149	0,9061	0,9072	1,366	0,802	0,412	-26,32	-18,2	-25,8	-17,53
01/10/2026 08:52:27	V0.04	34	HORARIO	15000	10	32,416	1,183	38,321	0,0759	0,012	0,9388	0,942	1,473	1,366	0,824	-26,22	-18,91	-26,06	-16,57
01/10/2026 08:52:28	V0.04	34	HORARIO	15000	11	32,431	1,123	36,862	0,0804	0,0261	0,9174	0,9212	1,832	0,924	2,427	-26,53	-18,16	-26,32	-18,66
01/10/2026 08:52:30	V0.04	34	HORARIO	15000	12	32,423	1,214	39,197	0,0339	0,0056	0,9537	0,9544	1,351	0,069	0,443	-26,33	-17,63	-26,08	-16,15
01/10/2026 08:52:32	V0.04	34	HORARIO	15000	13	32,428	1,199	39,586	0,088	0,0188	0,9377	0,9421	1,817	0,443	0,634	-26,23	-16,6	-26,22	-18,23
01/10/2026 08:52:34	V0.04	34	HORARIO	15000	14	32,46	1,078	35,112	0,0201	0,0168	0,9186	0,919	1,366	0,695	1,588	-26,16	-17,86	-26,34	-17,66
01/10/2026 08:52:36	V0.04	34	HORARIO	15000	15	32,429	1,194	39,586	0,0569	0,0017	0,9348	0,9365	2,061	0,634	0,87	-26,28	-18,09	-26,06	-16,92
01/10/2026 08:52:37	V0.04	34	HORARIO	15000	16	32,47	1,018	32,972	0,0625	0,0084	0,9752	0,9773	1,046	0,29	1,832	-26,34	-18,34	-26,11	-17,79
01/10/2026 08:52:39	V0.04	34	HORARIO	15000	17	32,443	1,097	36,279	0,0254	0,0172	0,9425	0,943	2,023	0,191	0,443	-25,85	-17,6	-25,87	-17,89
01/10/2026 08:52:41	V0.04	34	HORARIO	15000	18	32,429	1,224	40,072	0,0955	0,0221	0,9128	0,9181	1,611	1,687	0,237	-26,23	-17,99	-25,91	-17,16
01/10/2026 08:52:42	V0.04	34	HORARIO	15000	19	32,454	1,07	35,598	0,0662	0,0266	0,8882	0,891	1,985	0,58	2,29	-26,46	-18,99	-26,39	-18,69
01/10/2026 08:52:44	V0.04	34	HORARIO	15000	20	32,421	1,271	41,434	0,001	0,0448	0,9547	0,9558	1,534	1,405	0,443	-25,7	-16,8	-25,48	-18,37
01/10/2026 08:52:51	V0.04	34	ANTIHORARIO	15000	1	32,411	1,251	41,628	0,0768	0,0307	0,9114	0,9151	3,067	4,346	8,962	-26,11	-14,88	-26,07	-15,8
01/10/2026 08:52:53	V0.04	34	ANTIHORARIO	15000	2	32,455	1,073	35,404	0,0599	0,0244	0,9175	0,9198	2,328	2,794	0,374	-26,5	-18,51	-25,93	-17,83
01/10/2026 08:52:55	V0.04	34	ANTIHORARIO	15000	3	32,426	1,239	40,558	0,093	0,0542	0,9325	0,9387	2,069	1,802	0,252	-26,1	-18,41	-26,36	-17,63
01/10/2026 08:52:56	V0.04	34	ANTIHORARIO	15000	4	32,449	1,121	36,473	0,0597	0,028	0,9369	0,9392	1,656	0,641	0,901	-26,12	-17,57	-25,78	-18,06
01/10/2026 08:52:58	V0.04	34	ANTIHORARIO	15000	5	32,428	1,245	40,753	0,1467	0,061	0,9323	0,9457	2,542	3,924	2,817	-26,32	-18,84	-26,68	-18,55
01/10/2026 08:53:00	V0.04	34	ANTIHORARIO	15000	6	32,452	1,098	36,182	0,0881	0,0474	0,9041	0,9096	1,473	0,511	1,046	-26,55	-19,3	-26,42	-18,2
01/10/2026 08:53:02	V0.04	34	ANTIHORARIO	15000	7	32,441	1,184	39,294	0,0392	0,0024	0,9105	0,9114	2,168	1,557	1,916	-26,44	-17,76	-26,54	-18,51
01/10/2026 08:53:03	V0.04	34	ANTIHORARIO	15000	8	32,461	1,106	36,182	0,0037	0,0012	0,9036	0,9036	1,87	0,542	1,115	-26,4	-18,84	-26,38	-17,96
01/10/2026 08:53:05	V0.04	34	ANTIHORARIO	15000	9	32,46	1,107	36,862	0,0205	0,0524	0,938	0,9397	2,137	0,55	0,351	-26,08	-17,47	-26,38	-16,95
01/10/2026 08:53:07	V0.04	34	ANTIHORARIO	15000	10	32,428	1,306	42,698	0,072	0,0194	0,9142	0,9172	1,855	0,511	1,168	-26,5	-18,8	-26,47	-17,96
01/10/2026 08:53:11	V0.04	34	ANTIHORARIO	15000	12	32,469	1,104	36,473	0,1154	0,0122	0,9088	0,9162	2,092	0,344	1,214	-26,19	-17,73	-26,08	-18,3
01/10/2026 08:53:11	V0.04	34	ANTIHORARIO	15000	11	32,473	1,069	34,82	0,0791	0,0215	0,8983	0,902	2,397	0,237	0,794	-26,1	-17,22	-26,18	-17,1
01/10/2026 08:53:12	V0.04	34	ANTIHORARIO	15000	13	32,441	1,233	40,558	0,0664	0,0035	0,8958	0,8982	1,878	1,405	1,733	-26,35	-18,27	-26,55	-18,03
01/10/2026 08:53:14	V0.04	34	ANTIHORARIO	15000	14	32,479	1,065	34,042	0,0619	0,0321	0,9061	0,9088	2,252	0,481	0,947	-26,88	-19,07	-26,39	-17,44
01/10/2026 08:53:18	V0.04	34	ANTIHORARIO	15000	16	32,467	1,072	35,404	0,137	0,031	0,9429	0,9533	1,679	0,229	0,115	-26,17	-17,99	-25,79	-17,37
01/10/2026 08:53:18	V0.04	34	ANTIHORARIO	15000	15	32,431	1,288	41,823	0,0681	0,0471	0,9297	0,9334	2,618	2,206	1,664	-26,22	-17,41	-26,17	-18,09
01/10/2026 08:53:20	V0.04	34	ANTIHORARIO	15000	17	32,449	1,219	39,878	0,1206	0,0016	0,9176	0,9255	1,664	0,786	2,542	-26,46	-18,73	-26,32	-17,6
01/10/2026 08:53:21	V0.04	34	ANTIHORARIO	15000	18	32,492	1,04	33,847	0,0325	0,0037	0,9392	0,9398	1,321	0,221	1,282	-25,78	-17,04	-26,35	-18,91
01/10/2026 08:53:24	V0.04	34	ANTIHORARIO	15000	19	32,477	1,109	36,473	0,067	0,0083	0,8975	0,9	1,229	2,198	1,489	-26,48	-18,48	-26,29	-17,93
01/10/2026 08:53:25	V0.04	34	ANTIHORARIO	15000	20	32,459	1,181	39,099	0,1189	0,0232	0,9089	0,917	1,656	0,122	1,779	-26,12	-19,1	-26,5	-17,19
01/10/2026 08:53:32	V0.04	34	HORARIO	20000	1	32,477	1,119	36,862	0,082	0,0273	0,9161	0,9202	3,879	8,106	7,489	-24,63	-11,28	-24,42	-10,55
01/10/2026 08:53:35	V0.04	34	HORARIO	20000	2	32,465	1,174	38,321	0,0952	0,0264	0,9509	0,956	2,649	1,435	2,481	-26,12	-18,13	-25,87	-17,16
01/10/2026 08:53:36	V0.04	34	HORARIO	20000	3	32,466	1,162	37,835	0,0974	0,0305	0,9579	0,9633	1,962	0,298	2,031	-26,15	-18,27	-25,75	-17,34
01/10/2026 08:53:37	V0.04	34	HORARIO	20000	4	32,498	1,035	34,139	0,0712	0,001	0,9445	0,9471	3	2,733	2,336	-25,58	-16,95	-25,62	-17,19
01/10/2026 08:53:39	V0.04	34	HORARIO	20000	5	32,469	1,152	38,224	0,0217	0,0381	0,9852	0,9862	1,443	0,176	0,595	-26,35	-18,16	-26,21	-17,34
01/10/2026 08:53:41	V0.04	34	HORARIO	20000	6	32,46	1,197	39,391	0,0999	0,0322	0,9614	0,9671	2,237	1,244	0,244	-26,04	-16,6	-25,81	-17,16
01/10/2026 08:53:43	V0.04	34	HORARIO	20000	7	32,475	1,153	37,641	0,0695	0,0125	0,8676	0,8704	1,382	0,206	1,969	-26,23	-18,8	-26,13	-17,34
01/10/2026 08:53:47	V0.04	34	HORARIO	20000	8	32,506	1,049	34,431	0,0659	0,0283	0,8466	0,8496	2,397	0,458	2,16	-25,6	-17,86	-25,54	-17,19
01/10/2026 08:53:47	V0.04	34	HORARIO	20000	9	32,465	1,253	40,753	0,0962	0,0294	0,9187	0,9242	1,321	1,427	0,374	-25,97	-18,34	-25,3	-16,12
01/10/2026 08:53:50	V0.04	34	HORARIO	20000	10	32,477	1,183	39,002	0,0753	0,0137	0,9207	0,9238	0,939	2,55	0,824	-26,39	-19,74	-26,22	-18,91
01/10/2026 08:53:51	V0.04	34	HORARIO	20000	11	32,451	1,269	42,017	0,0245	0,0227	0,9757	0,9763	2,122	0,282	0,13	-26,17	-17,16	-25,85	-16,29
01/10/2026 08:53:53	V0.04	34	HORARIO	20000	12	32,496	1,087	37,057	0,047	0,0012	0,912	0,9132	1,74	0,626	1,366	-25,91	-16,48	-25,82	-16,92
01/10/2026 08:53:55	V0.04	34	HORARIO	20000	13	32,461	1,257	40,947	0,0535	0,0112	0,9707	0,9722	2,344	0,206	0,183	-26,25	-18,37	-26,22	-17,69
01/10/2026 08:53:57	V0.04	34	HORARIO	20000	14	32,494	1,071	35,501	0,0688	0,0044	0,9407	0,9432	1,237	0,687	2,344	-26,39	-19,7	-26,06	-17,41
01/10/2026 08:54:00	V0.04	34	HORARIO	20000	15	32,502	1,094	35,306	0,0815	0,01	0,9235	0,9271	2,809	3,237	0,275	-25,96	-16,98	-25,77	-16,86
01/10/2026 08:54:01	V0.04	34	HORARIO	20000	16	32,48	1,186	38,808	0,0096	0,0146	0,9203	0,9205	1,847	0,58	0,344	-26,26	-18,77	-26,35	-18,03
01/10/2026 08:54:02	V0.04	34	HORARIO	20000	17	32,473	1,192	38,613	0,0282	0,0007	0,8854	0,8858	1,733	2,237	0,557	-26,58	-19,14	-26,13	-18,66
01/10/2026 08:54:04	V0.04	34	HORARIO	20000	18	32,5	1,045	34,82	0,1138	0,0338	0,9509	0,9583	1,382	1,191	2,046	-26,15	-18,03	-26,16	-18,13
01/10/2026 08:54:06	V0.04	34	HORARIO	20000	19	32,498	1,08	35,89	0,0389	0,0239	0,8572	0,8584	2,649	2,198	0,679	-26,46	-18,55	-26,21	-17,41
01/10/2026 08:54:08	V0.04	34	HORARIO	20000	20	32,502	1,124	37,932	0,0656	0,0101	0,9277	0,9301	1,786	0,878	0,435	-25,96	-17,37	-25,76	-17,31
01/10/2026 08:54:15	V0.04	34	ANTIHORARIO	20000	1	32,487	1,082	35,404	0,0716	0,0283	0,9172	0,9204	2,344	6,26	9,431	-26,13	-15,8	-25,97	-16,07
01/10/2026 08:54:17	V0.04	34	ANTIHORARIO	20000	2	32,501	1,017	33,847	0,0217	0,043	0,9539	0,9551	1,863	1,58	4,763	-26,29	-18,3	-26,28	-18,99
01/10/2026 08:54:18	V0.04	34	ANTIHORARIO	20000	3	32,463	1,2	39,683	0,001	0,027	0,9275	0,9279	1,87	3,374	3,664	-26,57	-19,3	-26,11	-17,76
01/10/2026 08:54:20	V0.04	34	ANTIHORARIO	20000	4	32,482	1,107	36,279	0,0472	0,0293	0,9347	0,9363	1,763	0,084	0,878	-26,25	-17,79	-26,48	-18,66
01/10/2026 08:54:22	V0.04	34	ANTIHORARIO	20000	5	32,501	1,068	35,209	0	0	0	0	0	0	0	-26,27	-18,41	-26,02	-17,53
01/10/2026 08:54:24	V0.04	34	ANTIHORARIO	20000	6	32,459	1,238	40,364	0,0001	0,0157	0,0157	0,0223	1,969	1,969	1,969	-26,46	-18,34	-26,31	-17,63
01/10/2026 08:54:26	V0.04	34	ANTIHORARIO	20000	7	32,5	1,055	35,014	0,1243	0,0403	0,9081	0,9174	2,221	1,496	0,221	-25,97	-17,07	-26,16	-18,48
01/10/2026 08:54:27	V0.04	34	ANTIHORARIO	20000	8	32,497	1,056	35,112	0,0774	0,005	0,9349	0,9381	1,58	0,351	0,527	-26,27	-18,44	-26,16	-18,51
01/10/2026 08:54:29	V0.04	34	ANTIHORARIO	20000	9	32,459	1,251	41,239	0,0244	0,0045	0,9335	0,9338	1,939	0,702	2,053	-26,44	-18,8	-26,22	-17,73
01/10/2026 08:54:31	V0.04	34	ANTIHORARIO	20000	10	32,503	1,036	34,042	0,1361	0,0541	0,9274	0,9389	1,931	0,794	0,244	-26,5	-18,91	-26,36	-18,13
01/10/2026 08:54:33	V0.04	34	ANTIHORARIO	20000	11	32,477	1,179	38,71	0,1127	0,0238	0,9078	0,9151	1,45	1,107	2,435	-26,29	-17,66	-26,29	-18,41
01/10/2026 08:54:35	V0.04	34	ANTIHORARIO	20000	12	32,48	1,164	38,224	0,0007	0,0231	0,9089	0,9092	1,405	1,038	1,595	-26,44	-18,34	-25,98	-18,44
01/10/2026 08:54:36	V0.04	34	ANTIHORARIO	20000	13	32,494	1,066	34,917	0,0361	0,0377	0,9652	0,9666	2,031	0,015	1,969	-26,84	-19,74	-26,51	-18,88
01/10/2026 08:54:38	V0.04	34	ANTIHORARIO	20000	14	32,483	1,157	38,03	0,0233	0,0372	0,9497	0,9507	1,962	1,023	2,519	-26,43	-17,89	-26,45	-18,51
01/10/2026 08:54:40	V0.04	34	ANTIHORARIO	20000	15	32,472	1,197	38,808	0,0105	0,0157	0,9021	0,9023	1,557	0,42	1,817	-26,55	-18,09	-26,57	-19,14
01/10/2026 08:54:42	V0.04	34	ANTIHORARIO	20000	16	32,497	1,083	35,89	0,1174	0,0088	0,9177	0,9252	1,855	1,344	0,511	-26,28	-19,03	-25,91	-17,57
01/10/2026 08:54:44	V0.04	34	ANTIHORARIO	20000	17	32,46	1,246	41,726	0,0831	0,0176	0,9059	0,9099	2,237	2,176	1,802	-26,57	-17,47	-26,2	-17,63
01/10/2026 08:54:46	V0.04	34	ANTIHORARIO	20000	18	32,487	1,1	36,862	0,0114	0,0093	0,9126	0,9127	1,687	0,038	0,71	-26,35	-18,51	-26,01	-17,04
01/10/2026 08:54:48	V0.04	34	ANTIHORARIO	20000	19	32,497	1,096	36,084	0,1007	0,0294	0,9313	0,9372	1,366	0,305	1,008	-26,48	-19,07	-26,42	-18,84
01/10/2026 08:54:49	V0.04	34	ANTIHORARIO	20000	20	32,483	1,174	38,516	0,073	0,0234	0,9003	0,9035	1,885	0,252	2,122	-26,35	-17,37	-26,35	-17,47
01/10/2026 08:56:03	V0.04	34	HORARIO	15000	3	32,408	1,125	36,668	0,0023	0,0112	0,8989	0,899	1,641	0,031	4,031	-26,05	-18,55	-26,11	-16,95
01/10/2026 09:16:57	V0.04	35	HORARIO	15000	1	32,437	0,907	29,957	0,0842	0,0604	0,9182	0,924	2,649	6,937	7,821	-23,86	-12,69	-23,55	-11,06
01/10/2026 09:16:59	V0.04	35	HORARIO	15000	2	32,485	0,769	24,802	0,0092	0,0743	0,9569	0,9598	1,13	0,786	0,809	-24,01	-12,99	-23,68	-14,23
01/10/2026 09:17:00	V0.04	35	HORARIO	15000	3	32,482	0,83	27,136	0,104	0,0199	0,967	0,9728	1,908	0,267	1,427	-23,66	-14,7	-23,19	-15,17
01/10/2026 09:17:03	V0.04	35	HORARIO	15000	4	32,442	0,894	29,957	0,0321	0,0758	0,9335	0,9371	1,573	0,58	0,947	-23,74	-13,76	-23,91	-15,59
01/10/2026 09:17:04	V0.04	35	HORARIO	15000	5	32,449	0,91	29,568	0,0436	0,0378	0,8873	0,8892	1,855	1,229	0,802	-24,51	-13,38	-24,03	-14,1
01/10/2026 09:17:06	V0.04	35	HORARIO	15000	6	32,492	0,801	26,553	0,0791	0,0225	0,8768	0,8807	2,092	0,252	1,947	-24,26	-15,29	-24,35	-14,27
01/10/2026 09:17:07	V0.04	35	HORARIO	15000	7	32,477	0,813	27,039	0,0024	0,0754	0,9387	0,9418	1,45	0,252	0,611	-24,46	-15,78	-23,68	-14,16
01/10/2026 09:17:10	V0.04	35	HORARIO	15000	8	32,499	0,786	25,58	0,0426	0,0422	0,8831	0,8851	1,87	0,267	1,145	-24,57	-14,56	-23,94	-13,66
01/10/2026 09:17:11	V0.04	35	HORARIO	15000	9	32,5	0,75	25,58	0,1215	0,0038	0,9155	0,9236	2,458	1,87	1,55	-24,19	-16,34	-23,85	-15,44
01/10/2026 09:17:13	V0.04	35	HORARIO	15000	10	32,46	0,888	28,984	0,1051	0,0004	0,8982	0,9043	1,618	0,023	0,458	-23,74	-13,86	-23,21	-13,72
01/10/2026 09:17:15	V0.04	35	HORARIO	15000	11	32,459	0,919	29,568	0,0392	0,0201	0,9287	0,9298	2,237	1,832	0,87	-24,06	-14,52	-23,75	-14,47
01/10/2026 09:17:16	V0.04	35	HORARIO	15000	12	32,493	0,803	26,844	0,0226	0,027	0,9261	0,9268	2,137	1,557	0,878	-23,91	-14,88	-23,66	-14,31
01/10/2026 09:17:18	V0.04	35	HORARIO	15000	13	32,504	0,785	25,775	0	0	0	0	0	0	0	-23,21	-12,53	-23,44	-13,12
01/10/2026 09:17:21	V0.04	35	HORARIO	15000	14	32,512	0,771	26,553	0,0043	0,0465	0,8934	0,8947	1,496	1,282	1,16	-23,91	-14,31	-23,49	-14,81
01/10/2026 09:17:22	V0.04	35	HORARIO	15000	15	32,517	0,761	25,872	0,1274	0,007	0,9041	0,913	1,557	1,076	1,664	-24,31	-15,99	-23,63	-13,32
01/10/2026 09:17:23	V0.04	35	HORARIO	15000	16	32,491	0,86	28,303	0,0236	0,0314	0,0314	0,0503	3,931	3,931	3,931	-24,39	-13,95	-23,44	-13,06
01/10/2026 09:17:25	V0.04	35	HORARIO	15000	17	32,48	0,852	29,081	0,0426	0,0223	0,928	0,9292	1,374	0,13	0,863	-23,7	-14,47	-23,37	-11,64
01/10/2026 09:17:27	V0.04	35	HORARIO	15000	18	32,494	0,834	26,553	0,0507	0,0659	0,9562	0,9598	2	1,107	0,809	-24,39	-14,29	-23,59	-14,12
01/10/2026 09:17:29	V0.04	35	HORARIO	15000	19	32,479	0,893	29,276	0,03	0,0391	0,8729	0,8743	1,519	1,29	1,313	-24,32	-13,58	-23,45	-14,54
01/10/2026 09:17:31	V0.04	35	HORARIO	15000	20	32,481	0,861	28,303	0,0038	0,0652	0,9332	0,9355	1,74	0,366	1,336	-23,77	-15	-23,65	-14,43
01/10/2026 09:17:38	V0.04	35	ANTIHORARIO	15000	1	32,49	0,819	27,331	0,0952	0,0546	0,9228	0,9293	2,166	9,564	8,154	-24,57	-13,22	-24,53	-13,68
01/10/2026 09:17:39	V0.04	35	ANTIHORARIO	15000	2	32,49	0,844	28,303	0,1078	0,0138	0,8967	0,9033	2,718	2,069	4,473	-24,86	-16,43	-24,58	-14,45
01/10/2026 09:17:41	V0.04	35	ANTIHORARIO	15000	3	32,499	0,8	24,996	0,0339	0,0277	0,911	0,9121	1,145	2,427	1,221	-24,75	-14,52	-25	-16,62
01/10/2026 09:17:43	V0.04	35	ANTIHORARIO	15000	4	32,481	0,852	27,331	0,0686	0,0043	0,8929	0,8956	1,87	1,527	2,466	-25,28	-16,31	-25,14	-15,05
01/10/2026 09:17:45	V0.04	35	ANTIHORARIO	15000	5	32,502	0,793	27,817	0	0	0	0	0	0	0	-25,07	-16,54	-25,05	-15,15
01/10/2026 09:17:47	V0.04	35	ANTIHORARIO	15000	6	32,499	0,791	26,261	0,1442	0,0198	0,8866	0,8985	1,908	1,847	0,198	-24,81	-14,34	-24,68	-14,88
01/10/2026 09:17:48	V0.04	35	ANTIHORARIO	15000	7	32,499	0,836	26,942	0,0267	0,0812	0,921	0,925	1,489	0,832	1,511	-25,31	-17,16	-25,08	-17,28
01/10/2026 09:17:50	V0.04	35	ANTIHORARIO	15000	8	32,493	0,823	27,72	0,093	0,0215	0,8784	0,8836	2,168	0,695	0,519	-25,11	-15,83	-24,96	-14,61
01/10/2026 09:17:52	V0.04	35	ANTIHORARIO	15000	9	32,51	0,787	26,65	0,0173	0,0651	0,9442	0,9466	2,076	1,916	0,893	-24,69	-14,31	-24,75	-14,16
01/10/2026 09:17:54	V0.04	35	ANTIHORARIO	15000	10	32,493	0,844	28,012	0,0726	0,0599	0,988	0,9925	2,344	1,092	1,351	-25,3	-15,88	-24,52	-13,66
01/10/2026 09:17:56	V0.04	35	ANTIHORARIO	15000	11	32,507	0,804	26,844	0,0063	0,0702	0,9293	0,932	1,55	0,718	1,321	-25,54	-16,09	-25,05	-14,7
01/10/2026 09:17:57	V0.04	35	ANTIHORARIO	15000	12	32,518	0,78	26,261	0,0062	0,0328	0,9255	0,9261	1,282	0,359	1,099	-25,04	-16,86	-24,69	-14,91
01/10/2026 09:18:00	V0.04	35	ANTIHORARIO	15000	13	32,505	0,825	27,72	0,0425	0,0459	0,9063	0,9084	1,382	2,092	1,641	-25,21	-16,77	-24,94	-15,22
01/10/2026 09:18:01	V0.04	35	ANTIHORARIO	15000	14	32,492	0,85	28,984	0,0217	0,0144	0,8979	0,8983	3,466	3,16	0,756	-24,42	-14,79	-24,72	-14,93
01/10/2026 09:18:03	V0.04	35	ANTIHORARIO	15000	15	32,509	0,796	26,164	0,0834	0,0227	0,9885	0,9923	1,275	0,924	3,053	-24,44	-13,78	-24,9	-15,03
01/10/2026 09:18:05	V0.04	35	ANTIHORARIO	15000	16	32,495	0,861	28,595	0,0817	0,0421	0,9777	0,982	3,282	1,336	1,069	-32,1	-24,43	-33,22	-25,09
01/10/2026 09:18:06	V0.04	35	ANTIHORARIO	15000	17	32,509	0,805	27,233	0,0031	0,0605	0,9678	0,9697	1,947	0,687	1,122	-24,77	-16,07	-24,94	-14,84
01/10/2026 09:18:08	V0.04	35	ANTIHORARIO	15000	18	32,501	0,827	27,72	0,0276	0,0585	0,9635	0,9657	1,702	0,115	0,832	-24,62	-15,57	-25,5	-16,09
01/10/2026 09:18:10	V0.04	35	ANTIHORARIO	15000	19	32,504	0,847	27,817	0,1155	0,0176	0,8844	0,8921	2,344	2,053	0,298	-24,9	-13,32	-24,77	-15,37
01/10/2026 09:18:12	V0.04	35	ANTIHORARIO	15000	20	32,508	0,839	28,206	0,0659	0,0039	0,8813	0,8838	1,641	0,023	1,382	-24,97	-16,23	-25,25	-15,05
01/10/2026 09:18:19	V0.04	35	HORARIO	20000	1	32,544	0,753	24,802	0,0589	0,0544	0,9242	0,9276	3,382	8,904	8,903	-24,32	-13,28	-24,01	-12,86
01/10/2026 09:18:21	V0.04	35	HORARIO	20000	2	32,539	0,748	25,288	0,0044	0,0907	0,9495	0,9538	1,244	1,611	0,687	-24,55	-16,48	-24,14	-15,32
01/10/2026 09:18:23	V0.04	35	HORARIO	20000	3	32,544	0,736	24,316	0,0107	0,0486	0,9141	0,9154	2,168	3,099	2,374	-24,78	-15,72	-24,1	-14,61
01/10/2026 09:18:24	V0.04	35	HORARIO	20000	4	32,514	0,853	28,692	0,0714	0,0823	0,9679	0,974	1,511	1,573	0,527	-24,32	-13,82	-23,47	-15,47
01/10/2026 09:18:26	V0.04	35	HORARIO	20000	5	32,548	0,7	24,121	0,0177	0,0282	0,89	0,8906	2,122	0,847	0,855	-24,13	-15,65	-23,94	-14,84
01/10/2026 09:18:28	V0.04	35	HORARIO	20000	6	32,541	0,77	25,385	0,0495	0,0157	0,0157	0,0543	1,969	1,969	1,969	-24,36	-15,05	-23,87	-15,39
01/10/2026 09:18:31	V0.04	35	HORARIO	20000	7	32,545	0,755	24,705	0,0948	0,0851	0,9607	0,9691	2,099	1,504	0,893	-24,31	-15,1	-23,53	-12,84
01/10/2026 09:18:31	V0.04	35	HORARIO	20000	8	32,499	0,889	28,79	0,0718	0,0146	0,8943	0,8973	2,046	0,901	1,282	-24,62	-15,42	-24,04	-14,54
01/10/2026 09:18:33	V0.04	35	HORARIO	20000	9	32,529	0,86	28,303	0,0857	0,0127	0,9164	0,9205	1,092	1,626	0,687	-24,38	-15,83	-24,14	-14,03
01/10/2026 09:18:35	V0.04	35	HORARIO	20000	10	32,517	0,887	29,86	0,0775	0,0148	0,9287	0,9321	1,634	0,687	1,298	-23,75	-14,95	-23,61	-12,93
01/10/2026 09:18:37	V0.04	35	HORARIO	20000	11	32,517	0,874	28,887	0,0077	0,033	0,8612	0,8619	2,29	1,84	1,42	-24,65	-16,18	-24,2	-14,14
01/10/2026 09:18:41	V0.04	35	HORARIO	20000	12	32,501	0,916	29,373	0,0504	0,0222	0,912	0,9136	1,656	0,176	0,336	-24,31	-15,39	-24,05	-15,07
01/10/2026 09:18:41	V0.04	35	HORARIO	20000	13	32,518	0,897	30,54	0,093	0,0138	0,9752	0,9797	1,618	0,153	1,145	-25,01	-16,07	-23,98	-14,54
01/10/2026 09:18:42	V0.04	35	HORARIO	20000	14	32,508	0,9	28,692	0,0042	0,0945	0,97	0,9746	1,565	0,237	1,359	-24,54	-15,65	-24,22	-15,39
01/10/2026 09:18:44	V0.04	35	HORARIO	20000	15	32,504	0,912	29,081	0,033	0,0316	0,8542	0,8555	2,313	2,557	0,351	-24,95	-15,37	-23,95	-14,93
01/10/2026 09:18:46	V0.04	35	HORARIO	20000	16	32,537	0,827	27,039	0,1079	0,0049	0,9373	0,9435	2,092	0,74	0,84	-24,63	-16,34	-24,14	-14,14
01/10/2026 09:18:47	V0.04	35	HORARIO	20000	17	32,559	0,769	25,385	0,0735	0,087	0,9542	0,961	1,702	0,107	1,534	-24,5	-15,15	-24,33	-14,61
01/10/2026 09:18:49	V0.04	35	HORARIO	20000	18	32,548	0,768	27,039	0,0438	0,0608	0,9652	0,9681	1,26	0,786	0,58	-24,55	-15,57	-24,55	-14,91
01/10/2026 09:18:51	V0.04	35	HORARIO	20000	19	32,552	0,781	26,164	0,0919	0,0179	0,9493	0,9539	1,076	2,328	1,26	-24,64	-15,8	-23,97	-15,03
01/10/2026 09:18:53	V0.04	35	HORARIO	20000	20	32,516	0,838	27,72	0,0483	0,0729	0,96	0,9639	1,328	0,855	1,16	-24,35	-15,78	-23,59	-13,97
01/10/2026 09:19:00	V0.04	35	ANTIHORARIO	20000	1	32,529	0,794	27,039	0,0667	0,0593	0,9228	0,9271	2,489	9,019	10,054	-24,52	-12,55	-24,71	-13,16
01/10/2026 09:19:02	V0.04	35	ANTIHORARIO	20000	2	32,515	0,814	27,428	0,0347	0,0481	0,9524	0,9542	2,305	0,71	4,397	-24,5	-16,29	-24,96	-16,26
01/10/2026 09:19:04	V0.04	35	ANTIHORARIO	20000	3	32,527	0,812	27,039	0,0927	0,0446	0,9709	0,9764	1,885	1,634	2,672	-25,23	-16,98	-24,6	-14,31
01/10/2026 09:19:05	V0.04	35	ANTIHORARIO	20000	4	32,534	0,76	25,775	0,0457	0,0253	0,8973	0,8989	1,939	0,847	1,947	-24,7	-14,88	-24,79	-15,96
01/10/2026 09:19:07	V0.04	35	ANTIHORARIO	20000	5	32,516	0,835	27,914	0,0199	0,0331	0,882	0,8828	1,244	0,107	1,122	-24,85	-16,92	-25,12	-15,2
01/10/2026 09:19:09	V0.04	35	ANTIHORARIO	20000	6	32,507	0,852	28,109	0,1476	0,0116	0,9004	0,9125	3,924	1,969	1,969	-24,59	-15,52	-24,38	-15,75
01/10/2026 09:19:12	V0.04	35	ANTIHORARIO	20000	7	32,518	0,849	27,72	0,0219	0,0597	0,9656	0,9677	1,893	0,557	1,748	-24,4	-15,99	-24,5	-14,4
01/10/2026 09:19:13	V0.04	35	ANTIHORARIO	20000	8	32,519	0,837	28,303	0,0825	0,0303	0,9629	0,9669	1,71	0,328	0,626	-24,82	-14,67	-24,45	-15,39
01/10/2026 09:19:15	V0.04	35	ANTIHORARIO	20000	9	32,51	0,857	27,817	0,0012	0,0665	0,964	0,9663	1,878	1,267	1,382	-24,87	-14,47	-24,64	-16,26
01/10/2026 09:19:16	V0.04	35	ANTIHORARIO	20000	10	32,507	0,885	29,86	0,0596	0,0991	0,9257	0,9329	2,092	1,191	1,336	-24,9	-15,83	-24,67	-13,74
01/10/2026 09:19:18	V0.04	35	ANTIHORARIO	20000	11	32,518	0,857	28,79	0,0927	0,0375	0,9569	0,9621	1,458	0,122	0,718	-24,85	-15,24	-24,97	-15,07
01/10/2026 09:19:20	V0.04	35	ANTIHORARIO	20000	12	32,533	0,84	26,942	0,1045	0,0669	0,9869	0,9947	2,26	0,267	0,954	-24,89	-15,22	-24,75	-16,4
01/10/2026 09:19:22	V0.04	35	ANTIHORARIO	20000	13	32,508	0,884	28,887	0	0	0	0	0	0	0	-24,77	-16,31	-25,27	-16,86
01/10/2026 09:19:24	V0.04	35	ANTIHORARIO	20000	14	32,514	0,89	28,984	0,1853	0,0159	0,9115	0,9303	1,794	0,679	1,267	-24,84	-17,16	-24,86	-15,47
01/10/2026 09:19:25	V0.04	35	ANTIHORARIO	20000	15	32,517	0,87	29,568	0,0729	0,0597	0,969	0,9736	1,237	0,496	0,756	-24,55	-16,04	-25,05	-16,83
01/10/2026 09:19:27	V0.04	35	ANTIHORARIO	20000	16	32,526	0,859	28,206	0,006	0,0363	0,8981	0,8988	2,015	1,153	0,565	-24,68	-15,15	-24,88	-15,8
01/10/2026 09:19:29	V0.04	35	ANTIHORARIO	20000	17	32,519	0,861	28,012	0,0911	0,0355	0,9672	0,9721	1,412	0,298	1,351	-24,86	-16,68	-25,25	-17,34
01/10/2026 09:19:31	V0.04	35	ANTIHORARIO	20000	18	32,519	0,849	28,109	0,0172	0,0393	0,8978	0,8989	1,473	0,74	1,092	-24,35	-15,62	-24,79	-14,79
01/10/2026 09:19:32	V0.04	35	ANTIHORARIO	20000	19	32,539	0,816	28,012	0,0542	0,0428	0,9548	0,9573	2,359	1,542	0,359	-24,28	-15,85	-24,95	-15,83
01/10/2026 09:19:34	V0.04	35	ANTIHORARIO	20000	20	32,523	0,851	27,914	0,0819	0,0939	0,9291	0,9374	1,954	0,779	1,405	-24,82	-16,23	-24,82	-14,65
01/10/2026 09:37:13	V0.04	36	HORARIO	15000	1	32,443	0,944	31,416	0,0824	0,0634	0,9307	0,9365	3,072	5,525	10,619	-25,81	-15,59	-24,98	-14,63
01/10/2026 09:37:15	V0.04	36	HORARIO	15000	2	32,464	0,832	27,428	0,0072	0,0476	0,7842	0,7857	2,473	3,588	1,237	-25,88	-17,89	-25,71	-17,47
01/10/2026 09:37:16	V0.04	36	HORARIO	15000	3	32,451	0,915	29,762	0,0004	0,0582	0,8104	0,8125	1,435	1,115	2,954	-26,03	-18,2	-25,18	-17,25
01/10/2026 09:37:18	V0.04	36	HORARIO	15000	4	32,468	0,864	28,79	0,1816	0,0443	0,8971	0,9164	2,16	1,557	0,611	-25,99	-17,83	-25,47	-17,53
01/10/2026 09:37:20	V0.04	36	HORARIO	15000	5	32,441	0,94	30,929	0,1389	0,0062	0,8239	0,8355	1,977	0,939	0,191	-26,39	-18,84	-25,5	-15,85
01/10/2026 09:37:22	V0.04	36	HORARIO	15000	6	32,474	0,84	27,914	0,1038	0,0066	0,8197	0,8263	1,252	1,252	1,267	-26,25	-17,63	-25,15	-17,57
01/10/2026 09:37:24	V0.04	36	HORARIO	15000	7	32,471	0,854	28,303	0,0327	0,0544	0,792	0,7945	1,87	0,947	1,695	-26,26	-17,93	-25	-16,45
01/10/2026 09:37:27	V0.04	36	HORARIO	15000	9	32,482	0,845	28,595	0,1232	0,0087	0,8018	0,8112	2,244	0,939	1,405	-25,87	-17,63	-25,59	-16,83
01/10/2026 09:37:28	V0.04	36	HORARIO	15000	8	32,465	0,904	29,179	0,0002	0,0398	1,0398	1,0406	1,191	0,053	0,542	-25,88	-18,73	-25,82	-17,83
01/10/2026 09:37:29	V0.04	36	HORARIO	15000	10	32,489	0,8	27,039	0,0341	0,1019	1,1167	1,1219	1,038	0,405	1,84	-26,06	-18,09	-25,85	-18,84
01/10/2026 09:37:31	V0.04	36	HORARIO	15000	11	32,481	0,839	27,428	0,0253	0,0123	0,9987	0,9991	1,176	0,458	1,122	-26	-18,09	-25,45	-16,54
01/10/2026 09:37:33	V0.04	36	HORARIO	15000	12	32,457	0,944	31,319	0	0	0	0	0	0	0	-26,39	-18,34	-25,3	-16,26
01/10/2026 09:37:35	V0.04	36	HORARIO	15000	13	32,505	0,815	27,525	0,0947	0,0955	0,9828	0,9919	1,832	0,282	1,824	-25,9	-17,73	-24,88	-17,01
01/10/2026 09:37:36	V0.04	36	HORARIO	15000	14	32,501	0,825	27,72	0,0486	0,011	0,8009	0,8025	1,641	0,214	0,481	-25,93	-17,53	-25,39	-17,93
01/10/2026 09:37:38	V0.04	36	HORARIO	15000	15	32,487	0,851	28,303	0,1266	0,0281	0,868	0,8777	1,832	0,832	0,748	-26,21	-18,16	-25,1	-17,1
01/10/2026 09:37:40	V0.04	36	HORARIO	15000	16	32,508	0,796	26,747	0,0344	0,0529	0,7438	0,7464	3,924	1,969	1,969	-26,46	-18,62	-25,04	-16,04
01/10/2026 09:37:42	V0.04	36	HORARIO	15000	17	32,499	0,829	28,012	0,097	0,0941	1,0079	1,017	2,153	1,756	0,588	-25,97	-16,26	-25,07	-17,04
01/10/2026 09:37:44	V0.04	36	HORARIO	15000	18	32,487	0,876	28,887	0,0038	0,0511	0,7565	0,7582	1,779	0,534	0,519	-26,36	-18,41	-25,78	-17,53
01/10/2026 09:37:45	V0.04	36	HORARIO	15000	19	32,507	0,811	26,747	0,0299	0,0276	0,7327	0,7338	1,763	0,58	1,282	-26,43	-18,62	-25,43	-16,71
01/10/2026 09:37:48	V0.04	36	HORARIO	15000	20	32,487	0,884	28,109	0,0937	0,0184	0,7725	0,7783	2,107	1,031	2,031	-26,39	-17,31	-25,19	-16,6
01/10/2026 09:37:56	V0.04	36	ANTIHORARIO	15000	1	32,487	0,874	28,692	0,074	0,0806	0,9293	0,9358	2,137	4,821	12,3	-25,24	-14,23	-25,36	-14,86
01/10/2026 09:37:59	V0.04	36	ANTIHORARIO	15000	2	32,453	0,946	30,346	0,0656	0,1287	1,0919	1,1014	0,908	0,344	1,565	-25,38	-16,83	-26,09	-16,31
01/10/2026 09:38:00	V0.04	36	ANTIHORARIO	15000	3	32,51	0,772	26,942	0,0614	0,0375	0,8693	0,8722	1,962	0,015	1,969	-24,97	-15,47	-25,88	-17,79
01/10/2026 09:38:03	V0.04	36	ANTIHORARIO	15000	4	32,493	0,856	27,914	0,0358	0,0157	0,7932	0,7942	1,939	0,977	1,145	-25,35	-15,49	-26,08	-18,37
01/10/2026 09:38:06	V0.04	36	ANTIHORARIO	15000	5	32,489	0,886	29,568	0,0632	0,1609	1,1771	1,1897	1,588	0,786	2,168	-25,95	-17,47	-25,77	-16,92
01/10/2026 09:38:09	V0.04	36	ANTIHORARIO	15000	6	32,46	0,981	32,486	0,0586	0,0303	0,9081	0,9105	2,328	1,595	1,702	-25,4	-15,62	-25,87	-17,16
01/10/2026 09:38:14	V0.04	36	ANTIHORARIO	15000	7	32,458	1,005	32,972	0,0326	0,0319	0,8708	0,872	1,611	0,26	2,015	-25,43	-17,6	-25,41	-17,47
01/10/2026 09:38:17	V0.04	36	ANTIHORARIO	15000	9	32,515	0,809	26,164	0,0253	0,0579	0,8511	0,8534	2,031	0,107	0,58	-25,48	-17,1	-25,67	-17,99
01/10/2026 09:38:20	V0.04	36	ANTIHORARIO	15000	10	32,496	0,905	30,346	0,0532	0,0297	0,8416	0,8438	1,947	0,916	1,763	-25,05	-16,54	-25,32	-16,15
01/10/2026 09:38:26	V0.04	36	ANTIHORARIO	15000	11	32,514	0,769	25,094	0,0746	0,1484	1,1614	1,1732	1,328	1,435	0,053	-25,32	-16,8	-26,03	-15,93
01/10/2026 09:38:28	V0.04	36	ANTIHORARIO	15000	12	32,487	0,92	30,735	0,0918	0,1416	1,172	1,1841	1,069	0,763	2,29	-25,89	-15,59	-25,41	-17,6
01/10/2026 09:38:30	V0.04	36	ANTIHORARIO	15000	13	32,528	0,801	26,164	0,0868	0,0326	0,8795	0,8844	1,794	0,168	1,221	-25,48	-17,13	-25,76	-17,41
01/10/2026 09:38:32	V0.04	36	ANTIHORARIO	15000	14	32,501	0,898	30,443	0,0732	0,1262	1,0979	1,1076	1,87	2,237	1,504	-25,44	-15,57	-25,51	-15,57
01/10/2026 09:38:33	V0.04	36	ANTIHORARIO	15000	15	32,519	0,812	27,136	0,1173	0,0581	0,989	0,9976	0,992	1,389	0,046	-25,26	-16,12	-24,91	-16,18
01/10/2026 09:38:35	V0.04	36	ANTIHORARIO	15000	16	32,537	0,774	25,969	0,0353	0,0627	1,001	1,0036	2,023	0,466	0,656	-25,65	-15,47	-25,55	-16,65
01/10/2026 09:38:37	V0.04	36	ANTIHORARIO	15000	17	32,512	0,885	28,595	0	0	0	0	0	0	0	-25,63	-16,31	-25,31	-16,4
01/10/2026 09:38:39	V0.04	36	ANTIHORARIO	15000	18	32,501	0,875	29,179	0,0923	0,1472	1,1824	1,1951	0,695	1,359	0,832	-25,74	-17,25	-25,69	-16,57
01/10/2026 09:38:41	V0.04	36	ANTIHORARIO	15000	19	32,506	0,834	27,72	0,1121	0,0585	0,9792	0,9874	1,344	0,473	0,397	-25,25	-16,23	-25,75	-18,3
01/10/2026 09:38:50	V0.04	36	HORARIO	20000	1	32,539	0,761	25,969	0,0848	0,0661	0,9188	0,925	2,553	5,514	10,001	-25,83	-15,57	-24,95	-14,45
01/10/2026 09:38:51	V0.04	36	HORARIO	20000	2	32,528	0,826	27,039	0,0286	0,0984	1,1188	1,1235	1,954	1,183	4,626	-25,94	-17,63	-24,48	-15,59
01/10/2026 09:38:53	V0.04	36	HORARIO	20000	3	32,497	0,979	31,805	0,0184	0,0835	1,1505	1,1537	1,092	0,42	1,618	-26,14	-17,66	-24,91	-16,48
01/10/2026 09:38:55	V0.04	36	HORARIO	20000	4	32,491	0,932	30,929	0,0063	0,0618	0,6868	0,6896	2,084	1,969	1,969	-26,22	-16,95	-25,32	-16,95
01/10/2026 09:38:57	V0.04	36	HORARIO	20000	5	32,539	0,785	26,358	0,0109	0,0791	1,082	1,085	1,16	0,977	2,244	-25,6	-16,83	-25,91	-17,86
01/10/2026 09:38:59	V0.04	36	HORARIO	20000	6	32,525	0,891	28,887	0,0828	0,0966	1,0153	1,0232	2,26	0,42	1,656	-26,43	-18,58	-24,81	-15,75
01/10/2026 09:39:01	V0.04	36	HORARIO	20000	7	32,53	0,836	27,428	0,1044	0,0079	0,8309	0,8375	1,908	0,328	0,771	-25,88	-17,5	-25,68	-17,28
01/10/2026 09:39:03	V0.04	36	HORARIO	20000	8	32,503	0,957	30,832	0,001	0,0719	0,8409	0,844	1,42	0,313	0,702	-26,24	-17,99	-24,87	-16,71
01/10/2026 09:39:04	V0.04	36	HORARIO	20000	9	32,475	1,027	34,236	0,0038	0,0137	0,9675	0,9676	1,206	0,779	0,542	-25,5	-17,99	-25,32	-15,67
01/10/2026 09:39:06	V0.04	36	HORARIO	20000	10	32,522	0,832	27,525	0,0134	0,0374	0,7384	0,7395	1,718	0,321	2,252	-25,36	-15,99	-24,43	-16,23
01/10/2026 09:39:08	V0.04	36	HORARIO	20000	11	32,526	0,882	28,692	0,1704	0,0248	0,8746	0,8914	1,84	0,672	0,504	-25,4	-15,72	-23,98	-13,91
01/10/2026 09:39:11	V0.04	36	HORARIO	20000	12	32,505	0,951	31,416	0,1375	0,0378	0,8906	0,902	2,458	1,221	0,298	-25,61	-16,83	-24,62	-16,6
01/10/2026 09:39:12	V0.04	36	HORARIO	20000	13	32,522	0,889	29,373	0,1637	0,0432	0,918	0,9335	2,252	1,969	0,725	-25,46	-16,71	-24,21	-15,91
01/10/2026 09:39:13	V0.04	36	HORARIO	20000	14	32,509	0,899	30,054	0,062	0,0096	0,7516	0,7542	2,198	1,069	2	-24,61	-15,62	-23,75	-14,98
01/10/2026 09:39:15	V0.04	36	HORARIO	20000	15	32,511	0,942	31,805	0,016	0,0695	0,7202	0,7237	1,931	0,313	0,366	-24,43	-14,95	-23,62	-15,15
01/10/2026 09:39:17	V0.04	36	HORARIO	20000	16	32,522	0,874	28,595	0,0314	0,0028	0,9869	0,9874	1,031	0,191	1,26	-25,7	-17,83	-24,62	-15,99
01/10/2026 09:39:19	V0.04	36	HORARIO	20000	17	32,53	0,849	27,525	0,007	0,0427	1,0419	1,0428	1,053	0,023	2,237	-24,87	-16,04	-24,02	-14,93
01/10/2026 09:39:21	V0.04	36	HORARIO	20000	18	32,503	0,948	31,221	0,0288	0,0649	0,8287	0,8318	1,382	0,298	0,45	-24,58	-15,67	-23,96	-15,15
01/10/2026 09:39:22	V0.04	36	HORARIO	20000	19	32,526	0,889	29,665	0,0442	0,0045	0,7549	0,7562	1,733	0,794	0,702	-25,89	-16,51	-24,33	-15,42
01/10/2026 09:39:24	V0.04	36	HORARIO	20000	20	32,533	0,843	27,428	0,0193	0,0704	0,7692	0,7726	2,153	2,061	2,168	-24,5	-15,52	-23,33	-14,56
01/10/2026 09:39:31	V0.04	36	ANTIHORARIO	20000	1	32,524	0,84	28,109	0,07	0,0724	0,9136	0,9192	1,872	5,992	9,761	-24,77	-13,68	-24,56	-13,68
01/10/2026 09:39:33	V0.04	36	ANTIHORARIO	20000	2	32,509	0,904	30,249	0,0378	0,0045	0,7618	0,7628	2,275	0,107	4,092	-24,62	-16,92	-24,87	-16,48
01/10/2026 09:39:35	V0.04	36	ANTIHORARIO	20000	3	32,531	0,814	27,233	0,0558	0,0388	0,9069	0,9094	1,336	1,153	0,511	-24,95	-14,43	-24,94	-16,01
01/10/2026 09:39:36	V0.04	36	ANTIHORARIO	20000	4	32,543	0,756	25,775	0,1505	0,0936	1,085	1,0993	1,237	0,229	2,664	-25,33	-16,26	-24,81	-16,07
01/10/2026 09:39:38	V0.04	36	ANTIHORARIO	20000	5	32,493	0,928	29,373	0,0649	0,0802	1,0093	1,0145	0,962	0,458	2,244	-25,05	-15,78	-24,48	-16,29
01/10/2026 09:39:40	V0.04	36	ANTIHORARIO	20000	6	32,5	0,898	29,665	0,1339	0,124	1,1548	1,1691	1,42	1,779	0,595	-25,61	-16,8	-25,42	-16,26
01/10/2026 09:39:42	V0.04	36	ANTIHORARIO	20000	7	32,54	0,823	28,206	0,0273	0,0416	0,8451	0,8466	2,015	0,115	1,45	-24,83	-17,34	-25,21	-16,68
01/10/2026 09:39:44	V0.04	36	ANTIHORARIO	20000	8	32,504	0,936	30,735	0,0723	0,1373	0,0157	0,1559	1,969	1,977	3,931	-25,17	-14,05	-25,56	-17,13
01/10/2026 09:39:45	V0.04	36	ANTIHORARIO	20000	9	32,542	0,799	27,428	0,0072	0,0308	0,8871	0,8876	2,038	0,611	0,389	-25,42	-16,48	-25,13	-16,2
01/10/2026 09:39:47	V0.04	36	ANTIHORARIO	20000	10	32,539	0,803	26,261	0,0273	0,0154	0,7317	0,7324	1,832	1,038	1,115	-24,35	-15	-24,54	-16,12
01/10/2026 09:39:49	V0.04	36	ANTIHORARIO	20000	11	32,518	0,906	30,346	0,0665	0,127	1,1158	1,125	2,092	1,076	1,832	-25,07	-15,85	-24,95	-17,25
01/10/2026 09:39:51	V0.04	36	ANTIHORARIO	20000	12	32,544	0,803	27,039	0,0291	0,0145	0,7983	0,799	1,626	1,45	0,336	-25,4	-16,95	-24,76	-15,22
01/10/2026 09:39:55	V0.04	36	ANTIHORARIO	20000	13	32,549	0,771	26,553	0	0	0	0	0	0	0	-24,78	-15,57	-24,43	-16,01
01/10/2026 09:39:57	V0.04	36	ANTIHORARIO	20000	14	32,526	0,863	28,012	0,03	0,0872	1,0228	1,027	1,763	1,588	2,29	-24,48	-15,8	-24,64	-15,96
01/10/2026 09:39:58	V0.04	36	ANTIHORARIO	20000	15	32,508	0,899	29,762	0	0	0	0	0	0	0	-25,39	-16,83	-25,4	-16,31
01/10/2026 09:40:00	V0.04	36	ANTIHORARIO	20000	16	32,54	0,785	26,164	0,0464	0,0199	0,7333	0,735	0,679	1,573	0,344	-23,8	-14,63	-24,78	-16,92
01/10/2026 09:40:02	V0.04	36	ANTIHORARIO	20000	17	32,537	0,838	28,109	0,0731	0,028	0,9098	0,9132	1,947	0,176	0,962	-24,65	-15,27	-24,86	-16,6
01/10/2026 09:40:04	V0.04	36	ANTIHORARIO	20000	18	32,519	0,915	29,762	0,0685	0,1288	1,1154	1,1249	1,832	0,282	1,885	-25,53	-17,07	-25,55	-15,65
01/10/2026 09:40:07	V0.04	36	ANTIHORARIO	20000	20	32,507	0,9	29,665	0,0575	0,0354	0,8679	0,8705	1,183	0,435	1,435	-24,51	-14,74	-24	-14,43
01/10/2026 09:40:07	V0.04	36	ANTIHORARIO	20000	19	32,514	0,866	28,498	0,1201	0,1053	1,114	1,1254	1,573	1,817	0,504	-25,72	-17,34	-25,68	-17,34
01/10/2026 09:42:06	V0.04	36	ANTIHORARIO	15000	20	32,517	0,838	28,498	0,0415	0,0155	0,89	0,8911	2,382	0,023	1,382	-25,51	-17,37	-25,51	-17,37
01/10/2026 13:48:35	V0.04	37	HORARIO	15000	1	32,451	1,193	38,808	0,1115	0,0568	0,8984	0,9071	5,22	12,225	5,556	-25,27	-14,84	-25,32	-14,25
01/10/2026 13:48:36	V0.04	37	HORARIO	15000	2	32,461	1,161	38,613	0,0496	0,0388	0,8444	0,8467	7,832	1,969	1,969	-24,93	-16,34	-24,94	-16,12
01/10/2026 13:48:38	V0.04	37	HORARIO	15000	3	32,44	1,22	40,169	0,032	0,0104	0,9091	0,9097	3,679	0,824	0,29	-25,57	-16,89	-26,27	-18,16
01/10/2026 13:48:40	V0.04	37	HORARIO	15000	4	32,457	1,217	40,169	0,0262	0,0306	0,8212	0,8222	1,229	2,443	0,664	-25,71	-17,57	-25,46	-16,77
01/10/2026 13:48:42	V0.04	37	HORARIO	15000	5	32,45	1,227	40,267	0,1106	0,0493	0,9336	0,9414	1,26	0,206	1,634	-25,8	-17,89	-26,1	-18,27
01/10/2026 13:48:44	V0.04	37	HORARIO	15000	6	32,454	1,226	40,072	0,0684	0,0281	0,8683	0,8714	3,924	1,969	1,969	-25,8	-16,07	-25,97	-17,96
01/10/2026 13:48:46	V0.04	37	HORARIO	15000	7	32,471	1,15	37,641	0,0831	0,0337	0,8363	0,8411	1,191	3,107	1,679	-25,92	-17,1	-26,28	-18,06
01/10/2026 13:48:48	V0.04	37	HORARIO	15000	8	32,467	1,212	39,586	0,0797	0,0406	0,9144	0,9188	0,359	7,366	1,878	-25,81	-17,07	-25,96	-16,65
01/10/2026 13:48:49	V0.04	37	HORARIO	15000	9	32,475	1,17	38,516	0,0059	0,0258	0,9042	0,9046	0,58	8,573	3,672	-26,23	-18,44	-25,94	-18,69
01/10/2026 13:48:51	V0.04	37	HORARIO	15000	10	32,48	1,205	39,683	0,0382	0,0433	0,9167	0,9186	1,015	4,351	0,916	-25,93	-17,31	-25,97	-17,6
01/10/2026 13:48:53	V0.04	37	HORARIO	15000	11	32,474	1,214	40,072	0,0688	0,0469	0,9077	0,9115	0,947	0,244	0,214	-25,28	-16,74	-25,62	-16,45
01/10/2026 13:48:54	V0.04	37	HORARIO	15000	12	32,493	1,124	36,473	0,0127	0,0128	0,9429	0,943	3,115	3,84	2,992	-26	-18,09	-26,24	-17,76
01/10/2026 13:48:56	V0.04	37	HORARIO	15000	13	32,497	1,148	38,321	0,0078	0,0029	0,8816	0,8816	2,412	1,137	0,26	-26,09	-17,69	-25,82	-17,53
01/10/2026 13:48:58	V0.04	37	HORARIO	15000	14	32,483	1,194	39,197	0	0	0	0	0	0	0	-25,94	-17,63	-25,73	-16,77
01/10/2026 13:49:00	V0.04	37	HORARIO	15000	15	32,498	1,136	38,03	0,0791	0,0372	0,9407	0,9447	3,115	5,321	2,382	-26,11	-17,63	-25,9	-17,99
01/10/2026 13:49:02	V0.04	37	HORARIO	15000	16	32,49	1,183	38,905	0,1102	0,0183	0,947	0,9536	3,389	2,718	0,534	-25,77	-16,74	-25,68	-16,74
01/10/2026 13:49:03	V0.04	37	HORARIO	15000	17	32,5	1,136	37,154	0,0955	0,045	0,9504	0,9563	2,863	4,206	1,023	-25,88	-18,3	-26	-17,34
01/10/2026 13:49:15	V0.04	37	HORARIO	15000	18	32,495	1,186	38,71	0,015	0,0419	0,8933	0,8944	3,603	5,817	0,901	-25,91	-17,6	-25,95	-18,41
01/10/2026 13:49:15	V0.04	37	HORARIO	15000	19	32,491	1,172	38,321	0,0321	0,0149	0,9634	0,964	2,962	6,443	0,611	-26,25	-16,83	-26,24	-17,66
01/10/2026 13:49:16	V0.04	37	ANTIHORARIO	15000	1	32,509	1,067	35,112	0,0623	0,0392	0,9042	0,9072	5,939	5,908	7,407	-25,94	-16,15	-26,09	-15,15
01/10/2026 13:49:15	V0.04	37	HORARIO	15000	20	32,5	1,161	38,419	0,0016	0,0138	0,9504	0,9505	1,847	1,084	2,603	-26,25	-17,5	-25,79	-16,74
01/10/2026 13:49:19	V0.04	37	ANTIHORARIO	15000	2	32,517	1,034	34,334	0,0555	0,0538	0,9148	0,9181	1,206	11,71	1,969	-25,74	-17,5	-25,45	-15,03
01/10/2026 13:49:22	V0.04	37	ANTIHORARIO	15000	3	32,501	1,092	35,501	0,13	0,063	0,8768	0,8887	0,672	8,656	2,817	-25,94	-16,86	-26,36	-17,79
01/10/2026 13:49:22	V0.04	37	ANTIHORARIO	15000	4	32,503	1,093	36,376	0,0341	0,0156	0,9498	0,9506	0,573	4,397	1,466	-26,11	-17,96	-26,14	-17,53
01/10/2026 13:49:24	V0.04	37	ANTIHORARIO	15000	5	32,505	1,107	36,182	0,0575	0,0101	0,9337	0,9355	0,626	3,397	1,176	-25,74	-17,37	-25,8	-17,37
01/10/2026 13:49:25	V0.04	37	ANTIHORARIO	15000	6	32,523	1,02	34,431	0	0	0	0	0	0	0	-26,03	-16,4	-26,2	-17,37
01/10/2026 13:49:27	V0.04	37	ANTIHORARIO	15000	7	32,49	1,163	37,932	0,0359	0,0162	0,9495	0,9503	1,252	2,58	2,527	-26,28	-18,69	-26,59	-19,1
01/10/2026 13:49:29	V0.04	37	ANTIHORARIO	15000	8	32,518	1,093	36,376	0,0211	0,0369	0,8774	0,8785	1	0,55	0,176	-26,41	-19,18	-26,38	-18,06
01/10/2026 13:49:31	V0.04	37	ANTIHORARIO	15000	9	32,538	1,006	33,458	0,0182	0,0145	0,9363	0,9366	4,015	5,366	0,313	-26,05	-17,73	-26,54	-18,37
01/10/2026 13:49:33	V0.04	37	ANTIHORARIO	15000	10	32,495	1,168	38,613	0,0183	0,0095	0,9342	0,9344	0,176	6,336	2,748	-25,53	-16,2	-25,97	-17,86
01/10/2026 13:49:35	V0.04	37	ANTIHORARIO	15000	11	32,513	1,087	35,695	0,1211	0,0623	0,9067	0,9169	0,015	1,969	1,969	-26,52	-18,34	-26,65	-18,99
01/10/2026 13:49:36	V0.04	37	ANTIHORARIO	15000	12	32,527	1,025	34,334	0,0024	0,0013	0,9387	0,9387	0,26	6,244	0,962	-25,96	-18,13	-26,42	-18,41
01/10/2026 13:49:40	V0.04	37	ANTIHORARIO	15000	13	32,51	1,116	36,862	0,0775	0,0178	0,9409	0,9443	1,344	0,229	2,466	-25,71	-17,25	-26	-16,86
01/10/2026 13:49:40	V0.04	37	ANTIHORARIO	15000	14	32,508	1,125	37,252	0,0262	0,0172	0,9431	0,9436	1	1,275	1,053	-25,66	-17,79	-25,64	-17,79
01/10/2026 13:49:42	V0.04	37	ANTIHORARIO	15000	15	32,519	1,112	36,473	0,0201	0,0331	0,926	0,9268	0,214	7,298	1,595	-25,61	-18,48	-25,58	-16,95
01/10/2026 13:49:44	V0.04	37	ANTIHORARIO	15000	16	32,53	1,06	35,014	0,0074	0,0049	0,9534	0,9534	0,237	5,992	2,137	-26,18	-17,69	-26,03	-18,66
01/10/2026 13:49:46	V0.04	37	ANTIHORARIO	15000	17	32,524	1,054	35,598	0,0516	0,0068	0,9521	0,9536	4,053	7,542	0,351	-26,05	-15,7	-26,52	-19,26
01/10/2026 13:49:47	V0.04	37	ANTIHORARIO	15000	18	32,517	1,119	36,668	0,0244	0,0422	0,895	0,8963	0,534	3,565	0,87	-26,1	-17,28	-26,69	-18,66
01/10/2026 13:49:50	V0.04	37	ANTIHORARIO	15000	19	32,52	1,082	36,182	0	0	0	0	0	0	0	-26,04	-17,34	-26,52	-17,76
01/10/2026 13:49:52	V0.04	37	ANTIHORARIO	15000	20	32,536	1,053	35,404	0,0214	0,0416	0,8865	0,8877	0,824	4,748	2,466	-26,58	-18,77	-26,27	-18,58
01/10/2026 13:50:08	V0.04	37	HORARIO	20000	1	32,545	1,041	33,945	0,0595	0,0337	0,9074	0,9099	5,293	8,195	6,108	-25,92	-16,09	-25,93	-14,79
01/10/2026 13:50:09	V0.04	37	HORARIO	20000	5	32,53	1,096	35,89	0,0164	0,0333	0,9355	0,9363	1,626	2,099	0,267	-26,34	-17,76	-26,44	-17,6
01/10/2026 13:50:09	V0.04	37	HORARIO	20000	4	32,559	1,016	34,431	0	0	0	0	0	0	0	-26,36	-17,57	-26,46	-18,44
01/10/2026 13:50:09	V0.04	37	HORARIO	20000	3	32,521	1,106	36,765	0,0352	0,0374	0,8708	0,8724	3,137	1,092	1,282	-25,93	-17,96	-25,83	-17,66
01/10/2026 13:50:09	V0.04	37	HORARIO	20000	6	32,531	1,125	37,057	0,0002	0,0361	0,8679	0,8687	1,969	1,969	1,969	-26,5	-16,86	-26,63	-18,55
01/10/2026 13:50:09	V0.04	37	HORARIO	20000	2	32,552	1,004	33,264	0,0868	0,0459	0,8961	0,9015	1,969	1,969	1,969	-25,99	-16,48	-25,98	-18,27
01/10/2026 13:50:10	V0.04	37	HORARIO	20000	7	32,52	1,14	37,349	0,071	0,0295	0,9176	0,9208	0,992	3,26	1,061	-26,22	-18,2	-26,38	-17,69
01/10/2026 13:50:12	V0.04	37	HORARIO	20000	8	32,516	1,182	38,613	0,0291	0,0217	0,9355	0,9363	1,885	1,756	0,679	-25,96	-17,69	-26,25	-17,41
01/10/2026 13:50:17	V0.04	37	HORARIO	20000	9	32,532	1,11	37,349	0	0	0	0	0	0	0	-25,85	-17,01	-25,77	-16,43
01/10/2026 13:50:18	V0.04	37	HORARIO	20000	10	32,531	1,114	36,279	0,0486	0,0195	0,952	0,9535	0,916	5,122	1,969	-25,8	-16,62	-25,62	-16,65
01/10/2026 13:50:18	V0.04	37	HORARIO	20000	11	32,535	1,139	38,03	0,1173	0,0708	0,8892	0,8997	1,595	0,107	0,511	-25,64	-17,96	-25,81	-17,28
01/10/2026 13:50:20	V0.04	37	HORARIO	20000	12	32,553	1,058	33,653	0,005	0,0171	0,9005	0,9007	2,771	3,344	2,237	-26,21	-17,86	-26,09	-17,86
01/10/2026 13:50:21	V0.04	37	HORARIO	20000	13	32,531	1,152	37,738	0,0647	0,0302	0,9125	0,9153	3,397	6,252	0,557	-25,94	-16,18	-26,18	-18,16
01/10/2026 13:50:23	V0.04	37	HORARIO	20000	14	32,549	1,064	35,598	0,1014	0,0619	0,8828	0,8908	3,328	5,046	0,595	-25,93	-18,06	-25,67	-15,75
01/10/2026 13:50:24	V0.04	37	HORARIO	20000	15	32,546	1,082	35,501	0,0756	0,021	0,8978	0,9012	2,061	2,176	0,412	-25,96	-18,06	-26,13	-18,99
01/10/2026 13:50:27	V0.04	37	HORARIO	20000	16	32,549	1,052	35,209	0,0095	0,0225	0,9067	0,9071	0,458	2,649	2,107	-26,33	-17,19	-26,59	-17,28
01/10/2026 13:50:28	V0.04	37	HORARIO	20000	17	32,542	1,095	36,376	0,0068	0,0237	0,9832	0,9835	1,969	1,969	1,969	-26,02	-17,57	-26,01	-17,1
01/10/2026 13:50:31	V0.04	37	HORARIO	20000	18	32,529	1,135	37,057	0,0065	0,0131	0,9009	0,901	2,763	4,374	0,427	-25,78	-17,5	-26,14	-17,89
01/10/2026 13:50:32	V0.04	37	HORARIO	20000	19	32,569	1,016	32,972	0,0021	0,0229	0,0157	0,0279	1,969	1,969	1,969	-26,04	-17,28	-25,85	-17,5
01/10/2026 13:50:34	V0.04	37	HORARIO	20000	20	32,542	1,074	35,987	0,0494	0,0205	0,8536	0,8553	1,313	3,595	0,16	-25,38	-17,19	-25,01	-17,13
01/10/2026 13:50:41	V0.04	37	ANTIHORARIO	20000	1	32,534	1,062	34,431	0,0856	0,0425	0,9154	0,9203	5,224	8,798	6,665	-25,94	-15,99	-26,09	-15,44
01/10/2026 13:50:44	V0.04	37	ANTIHORARIO	20000	2	32,535	1,061	34,139	0,0558	0,0463	0,8899	0,8928	1,901	2,687	1,031	-25,82	-18,03	-26,52	-17,79
01/10/2026 13:50:45	V0.04	37	ANTIHORARIO	20000	3	32,553	0,978	32,486	0	0	0	0	0	0	0	-26	-16,86	-26,15	-18,03
01/10/2026 13:50:47	V0.04	37	ANTIHORARIO	20000	4	32,534	1,05	34,236	0,093	0,021	0,9418	0,9466	1,634	0,053	2,847	-25,81	-15,8	-26,31	-16,65
01/10/2026 13:50:48	V0.04	37	ANTIHORARIO	20000	5	32,531	1,049	34,334	0,0436	0,0144	0,9408	0,9419	2,252	2,427	1,656	-25,93	-18,16	-26,39	-18,99
01/10/2026 13:50:50	V0.04	37	ANTIHORARIO	20000	6	32,547	1,034	33,166	0,0504	0,0096	0,9459	0,9473	2,313	2,366	0,664	-25,77	-17,93	-25,92	-18,41
01/10/2026 13:50:52	V0.04	37	ANTIHORARIO	20000	7	32,545	1,058	34,528	0,0443	0,0179	0,946	0,9473	3,924	7,046	0,008	-25,82	-16,77	-25,73	-16,68
01/10/2026 13:51:03	V0.04	37	ANTIHORARIO	20000	8	32,569	0,958	31,999	0,0571	0,0522	0,8646	0,8681	0,565	5,214	2,13	-26,49	-19,26	-26,71	-19,18
01/10/2026 13:51:05	V0.04	37	ANTIHORARIO	20000	11	32,538	1,061	35,695	0,0963	0,0204	0,9562	0,9612	1,992	2,382	2,046	-26,14	-18,13	-26,32	-18,16
01/10/2026 13:51:05	V0.04	37	ANTIHORARIO	20000	9	32,569	0,953	32,486	0,1935	0,0834	0,8751	0,9001	3,534	4,87	0,939	-26,3	-18,03	-26,51	-18,48
01/10/2026 13:51:05	V0.04	37	ANTIHORARIO	20000	10	32,536	1,075	35,501	0,0077	0,0011	0,9561	0,9561	0,382	5,763	2,58	-26,31	-19,03	-26,48	-17,57
01/10/2026 13:51:05	V0.04	37	ANTIHORARIO	20000	13	32,568	0,962	31,416	0,0951	0,0231	0,9447	0,9498	2,191	0,45	0,603	-26,13	-18,06	-26,15	-18,55
01/10/2026 13:51:05	V0.04	37	ANTIHORARIO	20000	12	32,53	1,095	35,404	0,0151	0,0089	0,9314	0,9316	1,137	7,992	1,496	-25,98	-16,57	-25,85	-16,77
01/10/2026 13:51:05	V0.04	37	ANTIHORARIO	20000	14	32,531	1,091	36,279	0,0289	0,0157	0,0157	0,0365	1,969	1,969	1,969	-26,4	-18,66	-26,53	-18,66
01/10/2026 13:51:07	V0.04	37	ANTIHORARIO	20000	15	32,534	1,084	35,501	0,0214	0,0033	0,9497	0,95	0,252	6,092	1,519	-26,05	-16,95	-26,25	-18,13
01/10/2026 13:51:10	V0.04	37	ANTIHORARIO	20000	16	32,544	1,077	34,625	0	0	0	0	0	0	0	-25,73	-16,37	-26,09	-18,06
01/10/2026 13:51:11	V0.04	37	ANTIHORARIO	20000	17	32,569	0,981	32,486	0,1156	0,0361	0,9208	0,9287	1,855	1,557	0,71	-26,64	-18,73	-26,66	-18,66
01/10/2026 13:51:13	V0.04	37	ANTIHORARIO	20000	18	32,533	1,086	35,598	0,0535	0,0135	0,9558	0,9574	2,427	4,626	1,634	-26,41	-19,03	-26,51	-18,55
01/10/2026 13:51:14	V0.04	37	ANTIHORARIO	20000	19	32,566	0,999	33,361	0	0	0	0	0	0	0	-26,49	-19,1	-26,59	-19,54
01/10/2026 13:51:16	V0.04	37	ANTIHORARIO	20000	20	32,555	1,02	33,847	0,0355	0,0314	0,0157	0,0499	1,969	1,969	1,969	-25,32	-16,65	-25,5	-16,95
01/10/2026 13:55:12	V0.04	38	HORARIO	15000	1	32,541	0,713	23,927	0,0965	0,0256	0,9015	0,907	3,252	6,028	8,256	-26,16	-15,42	-26,11	-14,03
01/10/2026 13:55:13	V0.04	38	HORARIO	15000	2	32,525	0,734	23,829	0,0795	0,0352	0,9397	0,9437	1,969	1,969	1,969	-25,96	-17,13	-26,17	-17,22
01/10/2026 13:55:16	V0.04	38	HORARIO	15000	3	32,531	0,719	23,246	0	0	0	0	0	0	0	-26,5	-17,5	-26,44	-18,34
01/10/2026 13:55:17	V0.04	38	HORARIO	15000	4	32,546	0,699	21,884	0,0721	0,0287	0,9026	0,9059	2,092	1,519	0,046	-26,34	-17,1	-26,31	-17,31
01/10/2026 13:55:19	V0.04	38	HORARIO	15000	5	32,559	0,689	22,176	0,0861	0,0045	0,9196	0,9236	1,756	0,45	1,718	-26,02	-16,4	-25,67	-17,41
01/10/2026 13:55:21	V0.04	38	HORARIO	15000	6	32,534	0,744	24,316	0,0875	0,0061	0,894	0,8983	1,634	0,267	1,473	-25,61	-17,19	-25,92	-16,51
01/10/2026 13:55:22	V0.04	38	HORARIO	15000	7	32,535	0,765	24,705	0,062	0,0181	0,9027	0,905	2,008	0,214	1,374	-25,82	-15,72	-25,86	-17,5
01/10/2026 13:55:25	V0.04	38	HORARIO	15000	8	32,56	0,659	22,759	0,0663	0,0229	0,8715	0,8743	1,695	1,061	1	-26,42	-17,79	-26,18	-18,34
01/10/2026 13:55:26	V0.04	38	HORARIO	15000	9	32,558	0,686	22,468	0,0934	0,005	0,9005	0,9054	1,817	2,115	0,977	-26,32	-16,34	-25,9	-17,31
01/10/2026 13:55:28	V0.04	38	HORARIO	15000	10	32,549	0,75	24,024	0,0687	0,0239	0,9272	0,9301	2,061	0,779	1,435	-26,22	-17,66	-26,29	-18,03
01/10/2026 13:55:30	V0.04	38	HORARIO	15000	11	32,559	0,704	23,246	0,0419	0,0876	0,9594	0,9643	2,015	2,359	1,16	-26	-16,86	-25,5	-17,07
01/10/2026 13:55:31	V0.04	38	HORARIO	15000	12	32,564	0,686	22,759	0	0	0	0	0	0	0	-26,12	-17,16	-25,28	-14,61
01/10/2026 13:55:34	V0.04	38	HORARIO	15000	13	32,549	0,711	24,316	0,0701	0,015	0,9636	0,9663	1,26	1,893	0,855	-26,21	-18,62	-25,22	-17,25
01/10/2026 13:55:35	V0.04	38	HORARIO	15000	14	32,57	0,675	22,662	0,0803	0,0316	0,8679	0,8722	1,756	0,626	1,42	-25,24	-16,31	-25,67	-16,04
01/10/2026 13:55:37	V0.04	38	HORARIO	15000	15	32,572	0,671	22,079	0,0425	0,0745	0,9525	0,9564	1,985	0,389	1,786	-26,26	-17,99	-25,86	-16,8
01/10/2026 13:55:39	V0.04	38	HORARIO	15000	16	32,577	0,662	22,565	0,0955	0,0024	0,9109	0,9159	1,603	0,061	0,908	-26,63	-18,34	-25,59	-17,63
01/10/2026 13:55:41	V0.04	38	HORARIO	15000	17	32,569	0,643	20,911	0,0909	0,0074	0,886	0,8907	2,206	1,374	0,435	-26,69	-18,91	-26,5	-18,48
01/10/2026 13:55:43	V0.04	38	HORARIO	15000	18	32,57	0,665	21,981	0,0809	0,0016	0,9088	0,9124	2	0,489	1,641	-25,89	-16,43	-25,69	-16,37
01/10/2026 13:55:45	V0.04	38	HORARIO	15000	19	32,566	0,705	23,927	0,1152	0,0045	0,8856	0,8931	2,282	0,748	1,565	-25,85	-16,83	-25,61	-14,74
01/10/2026 13:55:46	V0.04	38	HORARIO	15000	20	32,559	0,705	22,954	0,0613	0,0308	0,9291	0,9316	1,756	1,16	1,443	-26,28	-17,37	-25,81	-15,42
01/10/2026 13:55:53	V0.04	38	ANTIHORARIO	15000	1	32,539	0,712	23,343	0,0862	0,026	0,8985	0,903	3,733	8,548	6,472	-26,31	-16,71	-26,38	-17,04
01/10/2026 13:55:55	V0.04	38	ANTIHORARIO	15000	2	32,55	0,68	22,662	0,0691	0,0104	0,9087	0,9114	2,84	1,168	2,824	-26,58	-18,69	-26,4	-17,41
01/10/2026 13:55:57	V0.04	38	ANTIHORARIO	15000	3	32,551	0,711	23,829	0,064	0,0393	0,9523	0,9552	2,565	2,55	0,908	-26,74	-18,23	-26,66	-18,37
01/10/2026 13:55:58	V0.04	38	ANTIHORARIO	15000	4	32,56	0,694	24,024	0,0897	0,028	0,8936	0,8985	1,718	0,221	1,595	-26,35	-18,41	-26,86	-18,66
01/10/2026 13:56:00	V0.04	38	ANTIHORARIO	15000	5	32,549	0,728	22,759	0,0892	0,0106	0,9204	0,9248	1,771	0,115	0,672	-26,26	-18,66	-26,36	-17,79
01/10/2026 13:56:03	V0.04	38	ANTIHORARIO	15000	6	32,554	0,717	24,413	0,0963	0,0432	0,9611	0,9668	1,855	0,527	0,618	-26,77	-19,42	-26,56	-18,99
01/10/2026 13:56:04	V0.04	38	ANTIHORARIO	15000	7	32,554	0,738	23,927	0,0917	0,0126	0,8889	0,8937	1,366	1,733	1,092	-26,6	-18,51	-26,27	-18,34
01/10/2026 13:56:06	V0.04	38	ANTIHORARIO	15000	8	32,559	0,694	22,273	0,0575	0,0242	0,9341	0,9362	1,916	1,595	1,458	-26,86	-18,51	-26,9	-19,1
01/10/2026 13:56:08	V0.04	38	ANTIHORARIO	15000	9	32,575	0,657	21,69	0,068	0,0331	0,9458	0,9488	1,939	1,191	1,198	-26,76	-19,58	-26,75	-19,38
01/10/2026 13:56:10	V0.04	38	ANTIHORARIO	15000	10	32,575	0,695	22,565	0	0	0	0	0	0	0	-26,54	-19,18	-26,75	-18,84
01/10/2026 13:56:12	V0.04	38	ANTIHORARIO	15000	11	32,546	0,791	26,261	0,0552	0,031	0,9486	0,9507	1,809	1,84	1,168	-26,39	-18,73	-26,36	-18,84
01/10/2026 13:56:13	V0.04	38	ANTIHORARIO	15000	12	32,563	0,724	23,44	0,0909	0,0432	0,9209	0,9264	1,679	0,802	0,962	-26,55	-18,84	-25,74	-18,51
01/10/2026 13:56:15	V0.04	38	ANTIHORARIO	15000	13	32,57	0,691	22,662	0,0876	0,0315	0,9479	0,9524	1,87	1,511	1,305	-26,78	-19,18	-26,66	-19,14
01/10/2026 13:56:17	V0.04	38	ANTIHORARIO	15000	14	32,54	0,761	26,164	0,0798	0,0056	0,8988	0,9024	2,13	0,29	0,878	-26,72	-17,66	-26,61	-19,34
01/10/2026 13:56:19	V0.04	38	ANTIHORARIO	15000	15	32,56	0,716	23,829	0,1125	0,0111	0,8998	0,9069	1,893	1,053	0,885	-26,44	-16,95	-26,69	-18,3
01/10/2026 13:56:20	V0.04	38	ANTIHORARIO	15000	16	32,574	0,662	22,857	0	0	0	0	0	0	0	-26,58	-17,79	-26,17	-18,44
01/10/2026 13:56:22	V0.04	38	ANTIHORARIO	15000	17	32,556	0,734	24,121	0,0646	0,0211	0,913	0,9155	2,153	0,443	0,542	-26,24	-17,69	-26,25	-16,65
01/10/2026 13:56:24	V0.04	38	ANTIHORARIO	15000	18	32,562	0,747	24,607	0,0914	0,0391	0,9174	0,9227	2,221	1,13	1,015	-24,11	-15,8	-23,73	-16,4
01/10/2026 13:56:26	V0.04	38	ANTIHORARIO	15000	19	32,554	0,757	26,164	0,0638	0,0258	0,8436	0,8464	1,969	1,969	1,969	-26,13	-18,16	-25,78	-17,28
01/10/2026 13:56:28	V0.04	38	ANTIHORARIO	15000	20	32,568	0,724	24,899	0	0	0	0	0	0	0	-26,22	-17,89	-25,84	-17,76
01/10/2026 13:56:35	V0.04	38	HORARIO	20000	1	32,574	0,74	24,802	0,0932	0,0307	0,9074	0,9127	3,538	6,007	8,677	-25,77	-14,34	-25,74	-13,72
01/10/2026 13:56:37	V0.04	38	HORARIO	20000	2	32,593	0,674	21,69	0,1038	0,0171	0,8829	0,8892	2,672	0,626	1,237	-25,86	-16,83	-25,92	-16,98
01/10/2026 13:56:38	V0.04	38	HORARIO	20000	3	32,579	0,7	22,079	0,0695	0,0282	0,9673	0,9702	2,282	2,962	0,893	-26,13	-17,76	-26,43	-18,77
01/10/2026 13:56:40	V0.04	38	HORARIO	20000	4	32,581	0,667	22,37	0,0876	0,0096	0,8893	0,8936	1,748	1,435	1,046	-25,96	-17,19	-26,04	-16,83
01/10/2026 13:56:42	V0.04	38	HORARIO	20000	5	32,575	0,719	24,51	0,0588	0,0719	0,9745	0,9789	1,542	2,038	2,481	-26,15	-17,1	-26,38	-17,22
01/10/2026 13:56:43	V0.04	38	HORARIO	20000	6	32,587	0,685	22,079	0,1034	0,0143	0,8722	0,8784	2,214	1,313	0,473	-26,46	-18,23	-26,23	-16,68
01/10/2026 13:56:45	V0.04	38	HORARIO	20000	7	32,588	0,695	22,662	0,0736	0,0153	0,8662	0,8695	1,557	1,947	0,557	-25,55	-17,99	-25,46	-16,77
01/10/2026 13:56:47	V0.04	38	HORARIO	20000	8	32,576	0,752	24,121	0,0637	0,0334	0,9398	0,9426	1,481	0	1,786	-25,8	-15,91	-26,52	-17,01
01/10/2026 13:56:49	V0.04	38	HORARIO	20000	9	32,597	0,689	23,051	0,0422	0,0667	0,9728	0,976	1,588	0,695	1,221	-26,04	-17,37	-26,29	-18,95
01/10/2026 13:56:51	V0.04	38	HORARIO	20000	10	32,603	0,624	21,3	0,0555	0,0599	0,9329	0,9364	1,924	2,313	0,649	-26,52	-18,55	-25,98	-18,13
01/10/2026 13:56:53	V0.04	38	HORARIO	20000	11	32,595	0,66	21,787	0,0807	0,058	0,955	0,9601	1,382	0,008	1,481	-26,02	-16,98	-25,61	-16,07
01/10/2026 13:56:55	V0.04	38	HORARIO	20000	12	32,58	0,682	22,37	0,1488	0,0182	0,8864	0,8989	2,26	0,168	1,328	-25,68	-16,48	-25,53	-17,04
01/10/2026 13:56:57	V0.04	38	HORARIO	20000	13	32,591	0,703	22,954	0	0	0	0	0	0	0	-26,11	-19,07	-25,57	-16,48
01/10/2026 13:56:58	V0.04	38	HORARIO	20000	14	32,586	0,672	22,468	0,0701	0,0182	0,9178	0,9207	1,305	1,824	1,115	-25,99	-16,89	-25,86	-17,1
01/10/2026 13:57:00	V0.04	38	HORARIO	20000	15	32,592	0,653	21,69	0,067	0,0115	0,8954	0,898	1,771	1,893	0,954	-26,34	-17,89	-26,22	-17,31
01/10/2026 13:57:02	V0.04	38	HORARIO	20000	16	32,598	0,657	21,981	0,0972	0,0042	0,9509	0,9559	1,863	0,473	1,099	-25,82	-16,23	-25,54	-15,12
01/10/2026 13:57:04	V0.04	38	HORARIO	20000	17	32,597	0,679	23,051	0,0685	0,0399	0,9795	0,9827	1,481	0,214	1,168	-26,44	-17,1	-26,31	-17,44
01/10/2026 13:57:06	V0.04	38	HORARIO	20000	18	32,588	0,684	22,662	0,0884	0,0408	0,9624	0,9673	2,092	1,321	0,679	-25,19	-15,78	-25,58	-15,72
01/10/2026 13:57:07	V0.04	38	HORARIO	20000	19	32,588	0,703	22,565	0,1115	0,021	0,9098	0,9168	1,954	1,176	1,427	-25,53	-17,25	-25,9	-17,57
01/10/2026 13:57:09	V0.04	38	HORARIO	20000	20	32,6	0,67	21,592	0,0402	0,0262	0,9371	0,9384	1,565	0,756	1,191	-25,72	-17,37	-25,75	-15,85
01/10/2026 13:57:16	V0.04	38	ANTIHORARIO	20000	1	32,573	0,688	23,246	0,0792	0,0292	0,9122	0,9161	4,081	9,97	6,499	-24,55	-14,14	-24,52	-14,67
01/10/2026 13:57:18	V0.04	38	ANTIHORARIO	20000	2	32,562	0,721	22,857	0,0651	0,0137	0,8945	0,897	2,015	0,634	1,962	-25,76	-17,13	-25,74	-17,86
01/10/2026 13:57:20	V0.04	38	ANTIHORARIO	20000	3	32,586	0,623	21,787	0,0878	0,0227	0,9015	0,906	1,679	2,115	3,183	-24,84	-16,12	-24,38	-16,07
01/10/2026 13:57:22	V0.04	38	ANTIHORARIO	20000	4	32,59	0,669	21,787	0,0476	0,0363	0,9424	0,9443	2,137	0,237	0,435	-24,61	-16,74	-24,8	-15,88
01/10/2026 13:57:24	V0.04	38	ANTIHORARIO	20000	5	32,559	0,776	25,385	0,1125	0,015	0,8928	0,9	2,084	0,267	1,275	-24,7	-15,83	-25,02	-16,45
01/10/2026 13:57:26	V0.04	38	ANTIHORARIO	20000	6	32,563	0,703	24,121	0,0953	0,0427	0,9348	0,9406	1,832	1,42	0,252	-26,48	-19,03	-26,67	-18,88
01/10/2026 13:57:28	V0.04	38	ANTIHORARIO	20000	7	32,573	0,692	23,927	0,0946	0,0065	0,9078	0,9128	1,779	0,107	0,649	-25,71	-16,65	-25,63	-16,89
01/10/2026 13:57:30	V0.04	38	ANTIHORARIO	20000	8	32,582	0,676	23,343	0,0402	0,0104	0,9147	0,9156	1,511	2,26	1,061	-26,34	-16,83	-26,1	-17,07
01/10/2026 13:57:31	V0.04	38	ANTIHORARIO	20000	9	32,568	0,697	24,51	0,0986	0,0146	0,8962	0,9018	1,481	3,496	1,076	-25,76	-17,34	-25,55	-16,6
01/10/2026 13:57:33	V0.04	38	ANTIHORARIO	20000	10	32,586	0,714	22,857	0,0869	0,038	0,9481	0,9529	1,603	0,389	1,076	-26,18	-17,66	-26,39	-18,77
01/10/2026 13:57:35	V0.04	38	ANTIHORARIO	20000	11	32,564	0,726	23,343	0,075	0,0094	0,9116	0,9147	2,305	3,099	1,481	-26,01	-17,99	-26,16	-18,44
01/10/2026 13:57:37	V0.04	38	ANTIHORARIO	20000	12	32,579	0,696	23,927	0,0559	0,0201	0,9032	0,9052	2,473	2,16	0,55	-26,45	-18,3	-26,33	-18,84
01/10/2026 13:57:39	V0.04	38	ANTIHORARIO	20000	13	32,566	0,726	23,538	0,0848	0,0441	0,9456	0,9504	1,374	1,71	1,069	-25,93	-17,1	-25,84	-17,19
01/10/2026 13:57:40	V0.04	38	ANTIHORARIO	20000	14	32,586	0,68	22,662	0,0547	0,0146	0,8984	0,9002	2,115	1,053	1,198	-26,05	-17,47	-25,93	-17,41
01/10/2026 13:57:42	V0.04	38	ANTIHORARIO	20000	15	32,59	0,648	23,148	0,0913	0,0024	0,9165	0,921	1,496	1,718	1,084	-26,33	-17,76	-26,66	-18,13
01/10/2026 13:57:44	V0.04	38	ANTIHORARIO	20000	16	32,557	0,788	25,191	0,0914	0,0211	0,9347	0,9394	1,947	1,55	1,046	-25,77	-17,53	-25,88	-17,28
01/10/2026 13:57:46	V0.04	38	ANTIHORARIO	20000	17	32,579	0,686	23,732	0,1064	0,0109	0,9205	0,9267	2,031	3,962	0,611	-26,2	-18,37	-26,36	-18,37
01/10/2026 13:57:48	V0.04	38	ANTIHORARIO	20000	18	32,592	0,681	21,981	0,0476	0,0189	0,9237	0,9251	1,519	1,824	1,718	-26,8	-19,26	-26,75	-19,22
01/10/2026 13:57:49	V0.04	38	ANTIHORARIO	20000	19	32,588	0,712	22,468	0	0	0	0	0	0	0	-25,56	-17,53	-25,31	-17,16
01/10/2026 13:57:51	V0.04	38	ANTIHORARIO	20000	20	32,569	0,709	24,413	0,0743	0,0404	0,9465	0,9503	2,588	3,84	0,412	-25,98	-17,93	-25,97	-18,2
01/10/2026 15:02:58	V0.04	39	HORARIO	15000	1	32,341	1,393	45,033	0,065	0,0262	0,9186	0,9213	3,757	6,356	9,172	-24,02	-10,5	-24,03	-9,59
01/10/2026 15:02:59	V0.04	39	HORARIO	15000	2	32,362	1,317	42,893	0	0	0	0	0	0	0	-26,05	-18,62	-26,32	-17,5
01/10/2026 15:03:02	V0.04	39	HORARIO	15000	3	32,361	1,355	44,254	0,0818	0,0138	0,938	0,9416	1,969	1,969	1,969	-26,13	-16,89	-26,2	-18,06
01/10/2026 15:03:03	V0.04	39	HORARIO	15000	4	32,395	1,227	40,947	0,079	0,0082	0,9176	0,921	1,435	1,573	0,435	-25,86	-16,89	-26,21	-17,31
01/10/2026 15:03:05	V0.04	39	HORARIO	15000	5	32,353	1,4	46,102	0,0688	0,0217	0,9097	0,9125	0,931	2,992	0,176	-25,86	-17,16	-25,66	-16,6
01/10/2026 15:03:06	V0.04	39	HORARIO	15000	6	32,392	1,296	42,893	0,0886	0,0006	0,925	0,9293	1,771	0,137	1,931	-25,88	-17,76	-26,72	-18,8
01/10/2026 15:03:08	V0.04	39	HORARIO	15000	7	32,363	1,398	45,422	0,0734	0,0027	0,915	0,918	1,679	1,328	0,817	-26,13	-18,3	-25,93	-16,65
01/10/2026 15:03:12	V0.04	39	HORARIO	15000	8	32,361	1,423	46,589	0	0	0	0	0	0	0	-26	-16,98	-25,92	-18,16
01/10/2026 15:03:12	V0.04	39	HORARIO	15000	9	32,392	1,31	42,698	0,0831	0,0039	0,9191	0,9228	1,733	0,756	2,137	-26,38	-18,03	-26,29	-17,79
01/10/2026 15:03:14	V0.04	39	HORARIO	15000	10	32,37	1,421	46,102	0,0557	0,0184	0,8992	0,9011	2,145	0,313	0,305	-26,14	-17,47	-26,1	-18,58
01/10/2026 15:03:16	V0.04	39	HORARIO	15000	11	32,394	1,325	42,99	0,0547	0,0438	0,9614	0,964	2,137	0,832	1,702	-25,98	-17,47	-26,15	-18,44
01/10/2026 15:03:17	V0.04	39	HORARIO	15000	12	32,421	1,216	39,099	0,0499	0,0525	0,9056	0,9085	1,092	0,412	1,71	-26,08	-18,48	-26,32	-17,93
01/10/2026 15:03:20	V0.04	39	HORARIO	15000	13	32,392	1,362	44,449	0,0474	0,0208	0,9803	0,9817	1,634	0,244	0,206	-25,93	-17,76	-25,66	-17,28
01/10/2026 15:03:21	V0.04	39	HORARIO	15000	14	32,394	1,355	44,546	0,0482	0,016	0,884	0,8855	1,237	0,962	0,061	-26,21	-17,69	-25,91	-16,34
01/10/2026 15:03:23	V0.04	39	HORARIO	15000	15	32,419	1,247	41,628	0,0557	0,0234	0,9789	0,9807	1,763	0,595	2,695	-25,86	-18,3	-25,98	-17,37
01/10/2026 15:03:25	V0.04	39	HORARIO	15000	16	32,405	1,297	43,282	0,0372	0,0251	0,8767	0,8779	2,962	1,916	0,855	-25,71	-17,76	-26,01	-17,99
01/10/2026 15:03:27	V0.04	39	HORARIO	15000	17	32,414	1,309	42,601	0,1047	0,0145	0,9459	0,9518	1,695	0,099	0,679	-26,1	-18,34	-26,08	-17,41
01/10/2026 15:03:29	V0.04	39	HORARIO	15000	18	32,448	1,153	38,419	0,0442	0,0206	0,8739	0,8753	1,221	0,481	0,916	-25,98	-17,96	-26,17	-17,28
01/10/2026 15:03:30	V0.04	39	HORARIO	15000	19	32,432	1,232	40,169	0,0907	0,0032	0,8947	0,8992	2,046	0,878	0,595	-26,18	-18,23	-26,29	-17,16
01/10/2026 15:03:32	V0.04	39	HORARIO	15000	20	32,415	1,265	41,726	0,0696	0,0193	0,9098	0,9127	1,412	0,473	0,191	-26,19	-18,09	-26,3	-17,53
01/10/2026 15:03:39	V0.04	39	ANTIHORARIO	15000	1	32,392	1,375	45,422	0,0686	0,0222	0,9229	0,9257	3,929	5,236	7,034	-26,19	-16,43	-26,44	-16,51
01/10/2026 15:03:40	V0.04	39	ANTIHORARIO	15000	2	32,435	1,165	37,932	0,0431	0,0248	0,8746	0,876	0,29	0,802	2,916	-26,52	-18,3	-26,83	-19,54
01/10/2026 15:03:42	V0.04	39	ANTIHORARIO	15000	3	32,411	1,297	42,115	0,0532	0,0215	0,9224	0,9241	0,893	1,084	4,313	-26,68	-18,84	-26,96	-20,07
01/10/2026 15:03:45	V0.04	39	ANTIHORARIO	15000	4	32,423	1,246	41,142	0,056	0,0146	0,905	0,9069	0,74	3,244	1,282	-26,68	-19,18	-26,93	-19,46
01/10/2026 15:03:47	V0.04	39	ANTIHORARIO	15000	5	32,434	1,208	39,391	0,0653	0,0236	0,9608	0,9633	0,908	3,489	0,137	-26,68	-18,41	-26,62	-19,22
01/10/2026 15:03:49	V0.04	39	ANTIHORARIO	15000	6	32,423	1,283	42,601	0,0753	0,0046	0,9443	0,9473	2,725	3,611	2,046	-25,72	-17,76	-26,39	-17,93
01/10/2026 15:03:52	V0.04	39	ANTIHORARIO	15000	8	32,442	1,178	38,71	0,0762	0,0159	0,9176	0,9209	0,87	2,649	0,924	-26,37	-18,55	-26,69	-18,99
01/10/2026 15:03:51	V0.04	39	ANTIHORARIO	15000	7	32,425	1,259	40,85	0,068	0,0239	0,9384	0,9411	2,099	0,695	1,824	-26,61	-19,46	-26,88	-19,42
01/10/2026 15:03:53	V0.04	39	ANTIHORARIO	15000	9	32,447	1,153	37,932	0,0485	0,0223	0,8845	0,8861	1,885	0,458	0,305	-26,87	-18,03	-26,43	-18,62
01/10/2026 15:03:55	V0.04	39	ANTIHORARIO	15000	10	32,439	1,26	41,142	0,0465	0,0238	0,8917	0,8933	1,954	0,351	2,206	-26,76	-17,93	-26,68	-19,22
01/10/2026 15:03:57	V0.04	39	ANTIHORARIO	15000	11	32,451	1,167	38,516	0,05	0,0061	0,9176	0,919	2,191	0,542	0,008	-26,51	-19,03	-26,32	-19,14
01/10/2026 15:03:59	V0.04	39	ANTIHORARIO	15000	12	32,441	1,235	40,656	0,0442	0,0355	0,934	0,9357	0,832	3,687	1,924	-26,43	-19,7	-26,78	-19,54
01/10/2026 15:04:01	V0.04	39	ANTIHORARIO	15000	13	32,434	1,296	42,698	0,0289	0,0082	0,9585	0,959	1,885	0,649	2,084	-26,44	-18,88	-26,52	-19,78
01/10/2026 15:04:02	V0.04	39	ANTIHORARIO	15000	14	32,454	1,144	37,641	0,041	0,0044	0,9493	0,9502	2,496	1,924	0,137	-26,8	-18,69	-26,4	-18,88
01/10/2026 15:04:05	V0.04	39	ANTIHORARIO	15000	15	32,431	1,291	42,115	0,0332	0,0337	0,9349	0,9361	1,458	0,153	1,687	-26,5	-18,77	-26,67	-18,8
01/10/2026 15:04:06	V0.04	39	ANTIHORARIO	15000	16	32,444	1,231	40,85	0,0609	0,0059	0,9474	0,9494	1,389	2,076	1,412	-26,53	-18,73	-26,62	-19,3
01/10/2026 15:04:08	V0.04	39	ANTIHORARIO	15000	17	32,479	1,109	37,349	0,0487	0,0006	0,9254	0,9267	2,099	0,748	0,328	-26,39	-19,22	-26,81	-18,88
01/10/2026 15:04:10	V0.04	39	ANTIHORARIO	15000	18	32,452	1,22	40,169	0,0496	0,019	0,9133	0,9149	1,344	0,672	1,153	-26,47	-18,66	-26,65	-17,93
01/10/2026 15:04:12	V0.04	39	ANTIHORARIO	15000	19	32,456	1,204	40,072	0,0096	0,0154	0,9437	0,9439	0,153	4,687	1,061	-26,75	-19,03	-26,22	-19,5
01/10/2026 15:04:13	V0.04	39	ANTIHORARIO	15000	20	32,458	1,196	39,294	0,0697	0,0148	0,894	0,8969	1,145	2,496	0,137	-26,72	-18,88	-26,93	-19,58
01/10/2026 15:04:20	V0.04	39	HORARIO	20000	1	32,463	1,198	39,099	0,0713	0,0267	0,9205	0,9237	4,809	7,918	6,627	-25,93	-15,22	-26	-15,99
01/10/2026 15:04:22	V0.04	39	HORARIO	20000	2	32,464	1,137	38,03	0,0278	0,0294	0,9303	0,9312	2,321	1,328	2,374	-25,81	-18,09	-25,99	-17,83
01/10/2026 15:04:25	V0.04	39	HORARIO	20000	3	32,46	1,192	38,905	0	0	0	0	0	0	0	-26,08	-17,25	-26,03	-18,34
01/10/2026 15:04:26	V0.04	39	HORARIO	20000	4	32,455	1,289	42,309	0,0426	0,036	0,9744	0,976	1,366	0,519	1,038	-26,37	-17,89	-26,2	-16,48
01/10/2026 15:04:29	V0.04	39	HORARIO	20000	5	32,456	1,212	39,78	0,063	0,0026	0,8827	0,8849	1,916	0,153	1,748	-26,47	-18,41	-26,32	-18,27
01/10/2026 15:04:30	V0.04	39	HORARIO	20000	6	32,459	1,232	40,753	0,049	0,0072	0,8986	0,8999	0,947	2,092	0,504	-26,14	-16,54	-26,35	-17,44
01/10/2026 15:04:32	V0.04	39	HORARIO	20000	7	32,447	1,268	42,893	0	0	0	0	0	0	0	-26,17	-17,28	-25,99	-17,1
01/10/2026 15:04:36	V0.04	39	HORARIO	20000	8	32,44	1,299	42,601	0,0984	0,0027	0,951	0,9561	1,389	1,542	0,427	-26	-16,74	-25,34	-16,6
01/10/2026 15:04:37	V0.04	39	HORARIO	20000	9	32,457	1,236	40,947	0,0554	0,0043	0,9344	0,9361	1,191	0,29	0,214	-25,57	-17,83	-25,87	-16,62
01/10/2026 15:04:39	V0.04	39	HORARIO	20000	10	32,482	1,15	38,516	0,074	0,0082	0,8951	0,8982	1,618	1,29	0,939	-26,27	-18,06	-26,34	-16,86
01/10/2026 15:04:42	V0.04	39	HORARIO	20000	11	32,47	1,182	39,002	0	0	0	0	0	0	0	-26,26	-17,41	-26,43	-18,48
01/10/2026 15:04:43	V0.04	39	HORARIO	20000	12	32,472	1,184	39,391	0,0236	0,022	0,9146	0,9151	2,153	1,229	1,718	-26,39	-17,96	-25,97	-18,34
01/10/2026 15:04:46	V0.04	39	HORARIO	20000	13	32,464	1,234	41,045	0,0764	0,0042	0,9336	0,9367	1,969	1,969	1,969	-25,68	-18,03	-25,74	-17,41
01/10/2026 15:04:48	V0.04	39	HORARIO	20000	14	32,464	1,201	40,656	0,0862	0,0034	0,9155	0,9196	1,382	0,901	1,115	-25,72	-16,62	-25,74	-17,34
01/10/2026 15:04:50	V0.04	39	HORARIO	20000	15	32,478	1,171	38,516	0,0918	0,0112	0,8682	0,8731	2,672	2,496	0,107	-25,93	-17,86	-25,29	-16,8
01/10/2026 15:04:52	V0.04	39	HORARIO	20000	16	32,47	1,199	39,975	0,0603	0,0029	0,8888	0,8908	1,672	1	0,366	-26,32	-18,2	-26,31	-18,8
01/10/2026 15:04:56	V0.04	39	HORARIO	20000	18	32,465	1,231	40,072	0,0464	0,0101	0,9321	0,9333	1,84	1,55	0,473	-26,43	-18,62	-26,32	-17,37
01/10/2026 15:04:58	V0.04	39	HORARIO	20000	17	32,472	1,231	40,364	0,0533	0,0111	0,9232	0,9248	2,122	1,626	0,687	-26,63	-18,41	-26,05	-17,96
01/10/2026 15:04:58	V0.04	39	HORARIO	20000	19	32,491	1,138	37,154	0,0659	0,0159	0,853	0,8557	2,038	1,786	0,496	-25,93	-17,1	-25,98	-17,93
01/10/2026 15:05:00	V0.04	39	HORARIO	20000	20	32,478	1,198	39,878	0,1001	0,0026	0,8822	0,8879	1,565	0,298	0,763	-26,24	-16,57	-26,08	-17,83
01/10/2026 15:05:11	V0.04	39	ANTIHORARIO	20000	1	32,454	1,266	41,142	0,0752	0,0222	0,9201	0,9235	2,743	7,23	6,369	-26,31	-16,31	-26,46	-16,4
01/10/2026 15:05:12	V0.04	39	ANTIHORARIO	20000	2	32,448	1,241	41,045	0,0734	0,0181	0,9515	0,9545	1,29	1,084	0,328	-26,48	-18,55	-26,54	-18,23
01/10/2026 15:05:14	V0.04	39	ANTIHORARIO	20000	3	32,457	1,262	41,628	0,0708	0,037	0,8826	0,8862	2,29	0,977	0,992	-26,74	-19,66	-26,45	-18,69
01/10/2026 15:05:15	V0.04	39	ANTIHORARIO	20000	4	32,48	1,207	39,586	0	0	0	0	0	0	0	-26,62	-19,3	-26,89	-19,18
01/10/2026 15:05:17	V0.04	39	ANTIHORARIO	20000	5	32,487	1,151	38,516	0,0715	0,0107	0,9291	0,9319	2,153	1,695	0,153	-27	-20,47	-26,79	-19,22
01/10/2026 15:05:19	V0.04	39	ANTIHORARIO	20000	6	32,475	1,194	39,197	0,0461	0,027	0,9685	0,97	3,931	3,931	3,931	-26,18	-18,88	-26,63	-18,51
01/10/2026 15:05:20	V0.04	39	ANTIHORARIO	20000	7	32,473	1,18	38,905	0,0044	0,0266	0,8774	0,8779	0,878	1,733	1,198	-26,65	-19,46	-26,64	-18,8
01/10/2026 15:05:22	V0.04	39	ANTIHORARIO	20000	8	32,48	1,159	38,127	0,0751	0,0022	0,9412	0,9442	2,282	0,908	0,42	-26,65	-19,14	-26,86	-18,88
01/10/2026 15:05:24	V0.04	39	ANTIHORARIO	20000	9	32,475	1,152	37,252	0,0228	0,0024	0,946	0,9463	0,374	4,466	1,176	-26,66	-19,22	-26,46	-18,2
01/10/2026 15:05:26	V0.04	39	ANTIHORARIO	20000	10	32,453	1,281	41,92	0,064	0,0157	0,0157	0,0678	1,969	1,969	3,931	-25,6	-17,96	-26,16	-18,13
01/10/2026 15:05:31	V0.04	39	ANTIHORARIO	20000	12	32,46	1,259	41,045	0,058	0,025	0,9545	0,9566	1,344	0,756	1,931	-26,23	-18,77	-26,53	-18,77
01/10/2026 15:05:34	V0.04	39	ANTIHORARIO	20000	13	32,466	1,238	40,461	0,0789	0,019	0,9363	0,9398	2,45	2,305	0,603	-26,3	-18,66	-26,26	-18,41
01/10/2026 15:05:36	V0.04	39	ANTIHORARIO	20000	14	32,479	1,197	40,072	0,0336	0,0068	0,9359	0,9365	1,252	1,191	0,29	-26,68	-18,09	-26,45	-18,88
01/10/2026 15:05:37	V0.04	39	ANTIHORARIO	20000	15	32,452	1,318	43,087	0,0557	0,0312	0,9471	0,9493	2,237	1,42	1,84	-26,65	-18,13	-26,85	-19,62
01/10/2026 15:05:40	V0.04	39	ANTIHORARIO	20000	16	32,463	1,251	40,656	0,0392	0,0054	0,9436	0,9444	1,328	2,267	1,237	-26,48	-18,73	-26,4	-18,88
01/10/2026 15:05:42	V0.04	39	ANTIHORARIO	20000	17	32,454	1,287	42,115	0,0775	0,0156	0,9301	0,9334	1,763	1,672	1,588	-26,6	-17,86	-26,5	-19,03
01/10/2026 15:05:43	V0.04	39	ANTIHORARIO	20000	11	32,457	1,279	42,406	0,0808	0,0223	0,9353	0,9391	1,366	0,458	1,336	-26,58	-19,62	-26,53	-17,79
01/10/2026 15:05:43	V0.04	39	ANTIHORARIO	20000	18	32,491	1,117	37,057	0,0829	0,0049	0,9408	0,9445	1,924	0,832	0,023	-26,6	-19,46	-26,43	-18,62
01/10/2026 15:05:45	V0.04	39	ANTIHORARIO	20000	19	32,491	1,142	37,835	0,0393	0,0142	0,9353	0,9362	0,878	3,435	0,977	-26,52	-19,46	-26,75	-18,8
01/10/2026 15:05:47	V0.04	39	ANTIHORARIO	20000	20	32,488	1,175	38,613	0,0607	0,0068	0,9089	0,911	2,198	1,763	0,008	-26,84	-20,2	-26,8	-19,42
01/10/2026 15:10:12	V0.04	40	HORARIO	15000	1	32,42	1,052	35,014	0,0874	0,0592	0,9193	0,9253	4,588	10,223	6,131	-26,35	-17,1	-26,44	-16,86
01/10/2026 15:10:14	V0.04	40	HORARIO	15000	2	32,424	1,062	34,431	0,1184	0,0261	1,0044	1,0117	1,458	2,427	3,771	-26,38	-18,73	-26,52	-18,84
01/10/2026 15:10:16	V0.04	40	HORARIO	15000	3	32,409	1,122	37,154	0,0068	0,0363	0,9185	0,9192	2,198	0,42	2,634	-26,46	-18,95	-26,41	-17,66
01/10/2026 15:10:18	V0.04	40	HORARIO	15000	4	32,443	0,963	30,929	0,0507	0,0436	0,8995	0,902	1,626	0,374	3,237	-26,4	-18,27	-26,32	-18,48
01/10/2026 15:10:21	V0.04	40	HORARIO	15000	5	32,453	0,995	32,291	0,0684	0,0397	1,0875	1,0904	1,221	0,656	1,977	-26,62	-17,83	-26,45	-19,1
01/10/2026 15:10:23	V0.04	40	HORARIO	15000	6	32,447	1,023	33,361	0,1106	0,0468	0,9558	0,9633	1,13	2,786	0,901	-26,69	-19,74	-26,75	-19,34
01/10/2026 15:10:25	V0.04	40	HORARIO	15000	7	32,423	1,11	36,473	0,0229	0,099	0,7805	0,7871	1,534	0,802	1,305	-26,63	-18,8	-26,48	-18,37
01/10/2026 15:10:27	V0.04	40	HORARIO	15000	8	32,471	0,946	31,61	0,0281	0,0605	0,8286	0,8313	2,519	1,794	0,985	-26,6	-18,91	-26,68	-19,46
01/10/2026 15:10:30	V0.04	40	HORARIO	15000	9	32,483	0,873	29,276	0,037	0,0402	0,9441	0,9457	1,878	1,099	2,87	-26,86	-20,56	-26,56	-19,18
01/10/2026 15:10:32	V0.04	40	HORARIO	15000	10	32,43	1,137	36,96	0,0374	0,0845	0,5844	0,5916	2,252	0,015	1,969	-26,61	-19,34	-26,45	-19,1
01/10/2026 15:10:34	V0.04	40	HORARIO	15000	11	32,468	0,992	32,68	0,021	0,0793	0,825	0,829	2,573	0,328	0,038	-26,1	-17,44	-25,8	-17,69
01/10/2026 15:10:37	V0.04	40	HORARIO	15000	12	32,483	0,92	30,54	0,0261	0,0604	0,6909	0,694	2,321	1,618	2,672	-26,75	-20,2	-26,7	-19,26
01/10/2026 15:10:39	V0.04	40	HORARIO	15000	13	32,446	1,136	37,543	0,0129	0,0625	0,8341	0,8365	3,084	1,527	0,969	-26,36	-18,91	-26,64	-18,62
01/10/2026 15:10:41	V0.04	40	HORARIO	15000	14	32,491	0,888	29,665	0,0442	0,0089	0,7649	0,7662	2,985	0,13	3,183	-25,11	-16,89	-25,48	-17,53
01/10/2026 15:10:43	V0.04	40	HORARIO	15000	15	32,47	0,996	32,777	0,0972	0,0839	1,1619	1,1689	1,649	0,466	1,618	-26,29	-18,62	-26,42	-18,55
01/10/2026 15:10:48	V0.04	40	HORARIO	15000	17	32,502	0,881	28,692	0,1042	0,0675	0,9814	0,9893	2,252	0,061	2,313	-26,48	-18,66	-26,23	-18,99
01/10/2026 15:10:50	V0.04	40	HORARIO	15000	16	32,463	1,028	34,042	0,0372	0,0811	0,6134	0,6199	2,374	1,298	0,985	-26,04	-16,71	-25,83	-17,53
01/10/2026 15:10:50	V0.04	40	HORARIO	15000	18	32,468	1,048	33,75	0,0499	0,1284	0,65	0,6645	1,977	1,725	0,183	-26,51	-19,22	-26,42	-18,27
01/10/2026 15:10:52	V0.04	40	HORARIO	15000	19	32,453	1,076	35,014	0,0072	0,0837	0,6852	0,6903	2,473	0,885	0,031	-26,19	-18,23	-25,95	-18,48
01/10/2026 15:10:54	V0.04	40	HORARIO	15000	20	32,477	1,042	34,528	0,0187	0,0681	0,7522	0,7555	0,901	3,313	0,038	-26,22	-18,73	-25,65	-17,66
01/10/2026 15:11:01	V0.04	40	ANTIHORARIO	15000	1	32,491	0,883	29,179	0,0819	0,0185	0,9109	0,9148	2,889	7,784	8,598	-26,27	-16,48	-26,3	-16,65
01/10/2026 15:11:04	V0.04	40	ANTIHORARIO	15000	2	32,473	0,973	32,486	0,0952	0,0208	0,9141	0,9192	4,351	3,069	0,573	-26,4	-18,73	-26,49	-19,26
01/10/2026 15:11:05	V0.04	40	ANTIHORARIO	15000	3	32,51	0,811	26,942	0,093	0,0061	0,9298	0,9345	2,267	0,359	2,603	-26,3	-19,14	-26,56	-18,51
01/10/2026 15:11:08	V0.04	40	ANTIHORARIO	15000	4	32,514	0,826	27,428	0,0239	0,0033	0,9274	0,9277	1,115	1,374	0,588	-26,63	-19,46	-26,46	-19,1
01/10/2026 15:11:10	V0.04	40	ANTIHORARIO	15000	5	32,51	0,806	26,455	0,0239	0,0211	0,9436	0,9441	2,092	0,794	0,618	-26,39	-18,99	-26,82	-19,7
01/10/2026 15:11:12	V0.04	40	ANTIHORARIO	15000	6	32,485	0,945	31,902	0,0339	0,02	0,953	0,9538	0,656	2,115	1,901	-26,27	-18,3	-26,61	-18,48
01/10/2026 15:11:14	V0.04	40	ANTIHORARIO	15000	7	32,47	1,046	34,139	0,0271	0,0048	0,9296	0,93	1,969	1,969	1,969	-26,63	-17,83	-26,83	-19,14
01/10/2026 15:11:16	V0.04	40	ANTIHORARIO	15000	8	32,477	0,989	32,875	0,0215	0,0116	0,951	0,9514	1,076	2,008	1,435	-26,37	-17,22	-26,54	-18,99
01/10/2026 15:11:18	V0.04	40	ANTIHORARIO	15000	9	32,482	0,95	31,027	0,094	0,0122	0,9084	0,9134	1,893	0,26	1,382	-26,66	-19,1	-26,41	-17,83
01/10/2026 15:11:21	V0.04	40	ANTIHORARIO	15000	10	32,524	0,823	27,428	0,0146	0,0006	0,9041	0,9042	1,573	1,863	0,634	-26,57	-18,51	-26,79	-19,1
01/10/2026 15:11:22	V0.04	40	ANTIHORARIO	15000	11	32,504	0,881	29,373	0	0	0	0	0	0	0	-26,41	-19,03	-26,43	-18,06
01/10/2026 15:11:25	V0.04	40	ANTIHORARIO	15000	12	32,521	0,854	28,109	0,0989	0,0022	0,9275	0,9327	0,931	2,267	0,252	-26,65	-19,46	-26,59	-18,69
01/10/2026 15:11:27	V0.04	40	ANTIHORARIO	15000	13	32,505	0,89	29,568	0,0951	0,0072	0,9462	0,951	1,542	0,527	0,344	-26,54	-19,1	-26,81	-19,5
01/10/2026 15:11:29	V0.04	40	ANTIHORARIO	15000	14	32,519	0,863	28,79	0	0	0	0	0	0	0	-26,1	-18,3	-26,45	-18,88
01/10/2026 15:11:31	V0.04	40	ANTIHORARIO	15000	15	32,482	0,989	32,777	0,0378	0,0007	0,905	0,9058	2,412	2,145	2,191	-26,57	-20,07	-26,58	-18,44
01/10/2026 15:11:33	V0.04	40	ANTIHORARIO	15000	16	32,482	1,007	33,556	0,0771	0,0056	0,9114	0,9147	1,496	2,397	1,336	-26,3	-18,91	-26,36	-18,41
01/10/2026 15:11:35	V0.04	40	ANTIHORARIO	15000	17	32,481	1,004	33,556	0,0243	0,0061	0,9031	0,9034	1,191	1,038	1,481	-26,27	-18,77	-26,58	-18,99
01/10/2026 15:11:36	V0.04	40	ANTIHORARIO	15000	18	32,514	0,887	29,471	0,0483	0,0123	0,8989	0,9003	1,382	1,382	1,664	-26,11	-18,55	-26,22	-17,19
01/10/2026 15:11:39	V0.04	40	ANTIHORARIO	15000	19	32,535	0,777	26,844	0,0831	0,0071	0,9169	0,9207	1,794	1,443	0,16	-26,43	-18,66	-26,45	-17,57
01/10/2026 15:11:40	V0.04	40	ANTIHORARIO	15000	20	32,53	0,815	26,747	0,1295	0,0127	0,948	0,9569	1,824	1,382	0,092	-26,35	-19,03	-26,33	-18,73
01/10/2026 15:11:48	V0.04	40	HORARIO	20000	1	32,508	0,912	30,151	0,0784	0,0418	0,9223	0,9265	5,265	6,359	8,835	-26,37	-16,8	-26,33	-16,48
01/10/2026 15:11:51	V0.04	40	HORARIO	20000	2	32,517	0,923	30,735	0,0425	0,0076	0,787	0,7882	1,84	0,733	2,817	-26,32	-18,91	-26,39	-18,99
01/10/2026 15:11:53	V0.04	40	HORARIO	20000	3	32,529	0,848	28,206	0,0897	0,0165	1,0514	1,0553	1,321	0,221	1,794	-26,16	-18,34	-26,49	-19,38
01/10/2026 15:11:55	V0.04	40	HORARIO	20000	4	32,503	0,949	32,291	0,0685	0,0181	0,7954	0,7986	0,015	1,969	1,969	-26,05	-17,99	-26,05	-18,99
01/10/2026 15:11:57	V0.04	40	HORARIO	20000	5	32,511	0,943	30,735	0,0831	0,0255	1,0663	1,0698	1,603	0,214	0,435	-26,14	-18,62	-26,25	-17,47
01/10/2026 15:12:00	V0.04	40	HORARIO	20000	6	32,485	1,038	34,334	0,0964	0,0261	1,0823	1,0869	0,947	2,206	0,038	-26,57	-19,26	-26,29	-19,1
01/10/2026 15:12:01	V0.04	40	HORARIO	20000	7	32,493	1,032	34,723	0,1012	0,0795	1,0773	1,0849	1,466	2,229	0,015	-26,55	-19,1	-26,68	-19,03
01/10/2026 15:12:03	V0.04	40	HORARIO	20000	8	32,513	0,934	30,443	0	0	0	0	0	0	0	-26,28	-19,22	-26,11	-17,99
01/10/2026 15:12:06	V0.04	40	HORARIO	20000	9	32,538	0,84	28,109	0,0867	0,024	0,8737	0,8783	2,382	0,947	2,718	-26,78	-19,46	-26,46	-18,66
01/10/2026 15:12:08	V0.04	40	HORARIO	20000	10	32,496	1,003	34,139	0,0828	0,0284	1,0618	1,0654	3,924	1,969	1,969	-26,25	-18,41	-26,4	-18,58
01/10/2026 15:12:11	V0.04	40	HORARIO	20000	11	32,501	0,988	33,069	0,0228	0,0245	0,8469	0,8476	0,916	3,534	0,023	-26,28	-18,51	-26,27	-18,09
01/10/2026 15:12:14	V0.04	40	HORARIO	20000	12	32,488	1,033	33,945	0,0105	0,0756	0,7653	0,7691	1,588	1,053	1,031	-26,4	-18,95	-25,99	-18,37
01/10/2026 15:12:16	V0.04	40	HORARIO	20000	13	32,527	0,884	28,984	0,104	0,0165	0,843	0,8496	2,275	2,099	2,634	-26,82	-18,99	-26,49	-19,3
01/10/2026 15:12:18	V0.04	40	HORARIO	20000	14	32,51	0,98	32,68	0,1007	0,0643	1,1025	1,109	1,916	0,427	0,015	-26,22	-18,58	-26,05	-18,27
01/10/2026 15:12:21	V0.04	40	HORARIO	20000	15	32,51	0,96	32,194	0,0699	0,0094	1,0448	1,0472	0,412	2,687	1,885	-24,92	-16,6	-24,95	-17,25
01/10/2026 15:12:22	V0.04	40	HORARIO	20000	16	32,501	0,981	32,972	0,0964	0,0328	1,0422	1,0472	1,542	1,496	1,137	-26,34	-19,66	-26,11	-18,03
01/10/2026 15:12:25	V0.04	40	HORARIO	20000	17	32,502	1	32,972	0,0803	0,0088	1,0332	1,0364	2,023	1,985	0,321	-26,91	-19,07	-26,15	-18,88
01/10/2026 15:12:26	V0.04	40	HORARIO	20000	18	32,542	0,819	27,914	0,0505	0,0109	0,7996	0,8012	1,504	0,573	2,267	-26,53	-18,73	-26,61	-18,51
01/10/2026 15:12:29	V0.04	40	HORARIO	20000	19	32,534	0,866	28,984	0	0	0	0	0	0	0	-26,31	-19,07	-26,69	-18,58
01/10/2026 15:12:31	V0.04	40	HORARIO	20000	20	32,54	0,915	30,249	0,0089	0,0383	0,778	0,7789	0,359	5,168	1,427	-26,45	-19,38	-26,37	-17,96
01/10/2026 15:12:38	V0.04	40	ANTIHORARIO	20000	1	32,505	0,919	30,443	0,0791	0,0174	0,9174	0,9209	3,08	6,518	10,55	-26,37	-16,8	-26,48	-17,37
01/10/2026 15:12:41	V0.04	40	ANTIHORARIO	20000	2	32,528	0,867	28,79	0,1398	0,0005	0,9564	0,9666	0,84	0	3,527	-26,47	-17,99	-26,63	-18,88
01/10/2026 15:12:43	V0.04	40	ANTIHORARIO	20000	3	32,529	0,816	27,136	0,1105	0,0161	0,9152	0,9219	2,267	1,443	0,672	-26,3	-19,18	-26,54	-19,99
01/10/2026 15:12:44	V0.04	40	ANTIHORARIO	20000	4	32,522	0,867	28,109	0,0276	0,0017	0,9427	0,9432	1,565	0,977	1,038	-26,32	-18,99	-26,55	-19,54
01/10/2026 15:12:46	V0.04	40	ANTIHORARIO	20000	5	32,51	0,919	30,249	0,0582	0,0001	0,0157	0,0603	1,969	1,969	1,969	-26,34	-19,1	-26,64	-18,8
01/10/2026 15:12:49	V0.04	40	ANTIHORARIO	20000	6	32,498	0,991	32,972	0,1077	0,0022	0,9436	0,9497	2,427	1,626	1,954	-26,44	-17,63	-26,76	-19,7
01/10/2026 15:12:51	V0.04	40	ANTIHORARIO	20000	7	32,51	0,919	29,665	0,0604	0,0049	0,9148	0,9168	2,099	0,244	1,885	-26,56	-19,26	-26,63	-18,48
01/10/2026 15:12:52	V0.04	40	ANTIHORARIO	20000	8	32,505	0,938	31,124	0,0892	0,019	0,9126	0,9171	2,679	2,229	1,626	-26,66	-19,38	-26,6	-19,18
01/10/2026 15:12:55	V0.04	40	ANTIHORARIO	20000	9	32,493	1,01	33,458	0,0255	0,0013	0,9341	0,9344	1,435	0,038	2,321	-26,56	-17,93	-26,69	-19,42
01/10/2026 15:12:59	V0.04	40	ANTIHORARIO	20000	10	32,549	0,791	26,553	0,0066	0,0044	0,8949	0,8949	1,779	0,397	0,45	-25,98	-17,66	-25,98	-17,47
01/10/2026 15:12:59	V0.04	40	ANTIHORARIO	20000	11	32,536	0,793	26,747	0,0948	0,0065	0,9213	0,9262	1,298	2,634	0,336	-26,53	-19,42	-26,77	-18,51
01/10/2026 15:13:01	V0.04	40	ANTIHORARIO	20000	12	32,532	0,835	27,331	0,0515	0,0028	0,9021	0,9036	0,962	1,962	0,244	-26,49	-18,62	-26,66	-19,18
01/10/2026 15:13:03	V0.04	40	ANTIHORARIO	20000	13	32,531	0,845	28,401	0,0865	0,02	0,902	0,9063	0,908	1,901	0,504	-26,25	-18,03	-26,44	-19,07
01/10/2026 15:13:05	V0.04	40	ANTIHORARIO	20000	14	32,536	0,833	27,233	0,0623	0,001	0,9054	0,9075	1,962	0,473	0,573	-26,08	-17,93	-25,69	-17,63
01/10/2026 15:13:07	V0.04	40	ANTIHORARIO	20000	15	32,522	0,885	28,984	0,0463	0,001	0,8817	0,8829	2,206	1,725	0,191	-26,36	-19,7	-26,65	-18,99
01/10/2026 15:13:10	V0.04	40	ANTIHORARIO	20000	16	32,492	1,047	34,334	0,0438	0,0187	0,8997	0,9009	2,076	0,733	2,542	-26,41	-19,34	-26,52	-17,86
01/10/2026 15:13:12	V0.04	40	ANTIHORARIO	20000	17	32,539	0,81	27,136	0,063	0,0088	0,9019	0,9041	1,26	3,45	0,412	-26,22	-18,41	-26,2	-18,13
01/10/2026 15:13:14	V0.04	40	ANTIHORARIO	20000	18	32,511	0,935	31,124	0,0281	0,0082	0,948	0,9484	1,84	1,191	1,656	-26,56	-18,16	-26,57	-18,77
01/10/2026 15:13:16	V0.04	40	ANTIHORARIO	20000	19	32,533	0,862	28,595	0,0345	0,016	0,9574	0,9582	0,511	3,153	0,695	-26,69	-18,23	-26,87	-18,3
01/10/2026 15:13:18	V0.04	40	ANTIHORARIO	20000	20	32,492	1,038	34,042	0,0339	0,0066	0,9197	0,9203	2,45	3,015	1,962	-25,62	-17,96	-26,04	-16,48
01/10/2026 15:23:25	V0.04	41	HORARIO	15000	1	32,386	1,175	38,808	0,0563	0,0482	0,9207	0,9236	4,482	6,092	7,842	-25,59	-14,56	-25,71	-14,56
01/10/2026 15:23:27	V0.04	41	HORARIO	15000	2	32,398	1,116	36,279	0,0386	0,0071	0,9609	0,9617	1,076	1,053	0,267	-25,58	-16,83	-25,25	-16,8
01/10/2026 15:23:29	V0.04	41	HORARIO	15000	3	32,392	1,172	38,71	0,0023	0,0149	0,9658	0,9659	2,366	0,351	1,771	-25,67	-17,63	-25,36	-16,34
01/10/2026 15:23:31	V0.04	41	HORARIO	15000	4	32,41	1,142	37,349	0,0537	0,0356	0,9658	0,968	1,519	1,153	1,321	-25,87	-18,3	-25,32	-15,37
01/10/2026 15:23:34	V0.04	41	HORARIO	15000	5	32,372	1,28	41,434	0,0586	0,0388	0,955	0,9575	2,481	3,603	0,221	-25,77	-17,16	-25,61	-15,88
01/10/2026 15:23:36	V0.04	41	HORARIO	15000	6	32,382	1,306	42,601	0,0114	0,0167	0,9432	0,9435	1,969	1,969	1,969	-25,84	-17,25	-25,51	-17,13
01/10/2026 15:23:38	V0.04	41	HORARIO	15000	7	32,392	1,267	41,92	0,0321	0,0231	0,9679	0,9687	0,275	1,924	0,359	-25,64	-17,01	-25,95	-16,29
01/10/2026 15:23:40	V0.04	41	HORARIO	15000	8	32,406	1,239	40,364	0,0577	0,0621	0,8773	0,8814	1,733	0,092	0,282	-25,82	-17,31	-25,87	-17,13
01/10/2026 15:23:42	V0.04	41	HORARIO	15000	9	32,412	1,166	38,419	0,0247	0,0323	0,9424	0,9433	2,389	0,557	3,16	-25,54	-16,92	-25,88	-16,45
01/10/2026 15:23:44	V0.04	41	HORARIO	15000	10	32,425	1,118	37,154	0,0117	0,0277	0,9521	0,9526	1,29	1,893	1,359	-25,64	-16,51	-26,11	-18,09
01/10/2026 15:23:46	V0.04	41	HORARIO	15000	11	32,422	1,165	38,613	0,0508	0,0604	0,9099	0,9133	1,42	1,809	0,351	-25,83	-17,73	-25,55	-17,76
01/10/2026 15:23:48	V0.04	41	HORARIO	15000	12	32,423	1,164	38,321	0,0038	0,0814	0,8632	0,867	1,702	1,015	1,71	-25,29	-16,77	-25,41	-17,34
01/10/2026 15:23:50	V0.04	41	HORARIO	15000	13	32,411	1,235	39,975	0,0361	0,0197	0,9486	0,9495	2,053	0,832	0,832	-25,79	-17,34	-25,51	-17,34
01/10/2026 15:23:53	V0.04	41	HORARIO	15000	14	32,413	1,222	40,072	0,037	0,0063	0,9568	0,9575	2,496	0,809	0,214	-26,07	-18,41	-25,93	-18,06
01/10/2026 15:23:55	V0.04	41	HORARIO	15000	15	32,43	1,154	37,543	0,031	0,0031	0,9199	0,9204	1,962	0,26	1,557	-25,67	-16,89	-25,79	-17,63
01/10/2026 15:23:56	V0.04	41	HORARIO	15000	16	32,423	1,211	39,78	0,0067	0,0607	0,8727	0,8748	0,786	2,458	1,198	-25,99	-17,57	-25,82	-17,1
01/10/2026 15:23:58	V0.04	41	HORARIO	15000	17	32,445	1,141	38,127	0,0502	0,0421	0,9534	0,9556	1,962	2,45	1,702	-25,98	-17,66	-26,16	-18,66
01/10/2026 15:24:00	V0.04	41	HORARIO	15000	18	32,431	1,197	39,002	0,0322	0,0099	0,9503	0,9509	0,924	0,031	0,13	-26,14	-17,63	-25,95	-18,2
01/10/2026 15:24:03	V0.04	41	HORARIO	15000	19	32,441	1,148	37,738	0,0436	0,0377	0,939	0,9407	1,168	0,038	1,939	-25,63	-16,62	-25,47	-17,19
01/10/2026 15:24:05	V0.04	41	HORARIO	15000	20	32,444	1,151	37,835	0,0552	0,0217	0,9806	0,9824	1,916	0,802	2,198	-26,06	-17,1	-25,79	-16,74
01/10/2026 15:24:11	V0.04	41	ANTIHORARIO	15000	1	32,454	1,05	34,139	0,0718	0,0419	0,9154	0,9192	3,58	6,773	10,707	-25,16	-14,45	-25,47	-15,17
01/10/2026 15:24:13	V0.04	41	ANTIHORARIO	15000	2	32,431	1,157	37,446	0,0088	0,0063	0,8994	0,8995	3,695	1,832	2,038	-25,51	-16,29	-26,12	-17,44
01/10/2026 15:24:15	V0.04	41	ANTIHORARIO	15000	3	32,473	1,008	33,264	0,069	0,0691	0,9241	0,9292	1,076	2,275	0,542	-25,36	-15,7	-26,03	-16,77
01/10/2026 15:24:17	V0.04	41	ANTIHORARIO	15000	4	32,466	1,03	34,139	0,0707	0,0162	0,9319	0,9347	1,191	0,908	3,061	-25,72	-17,13	-26,21	-18,3
01/10/2026 15:24:19	V0.04	41	ANTIHORARIO	15000	5	32,456	1,062	34,917	0,0084	0,0256	0,9023	0,9027	0,015	1,969	1,969	-25,4	-17,79	-25,81	-16,98
01/10/2026 15:24:22	V0.04	41	ANTIHORARIO	15000	6	32,448	1,096	36,571	0,0598	0,0161	0,9424	0,9444	1,817	0,802	0	-25,64	-16,09	-25,83	-16,92
01/10/2026 15:24:24	V0.04	41	ANTIHORARIO	15000	7	32,459	1,066	35,306	0,0541	0,0217	0,9297	0,9315	1,412	1,298	0,092	-25,62	-16,26	-25,84	-17,99
01/10/2026 15:24:25	V0.04	41	ANTIHORARIO	15000	8	32,451	1,105	36,279	0,0797	0,0029	0,9233	0,9268	2,573	0,649	1,992	-25,61	-16,23	-25,77	-17,01
01/10/2026 15:24:27	V0.04	41	ANTIHORARIO	15000	9	32,449	1,138	36,96	0,0494	0,0236	0,905	0,9067	2,557	0,863	1,336	-25,65	-17,31	-26,36	-16,65
01/10/2026 15:24:29	V0.04	41	ANTIHORARIO	15000	10	32,441	1,148	38,03	0,0082	0,006	0,952	0,9521	1,565	0,046	0,58	-26,05	-17,34	-26,43	-18,37
01/10/2026 15:24:31	V0.04	41	ANTIHORARIO	15000	11	32,469	1,064	34,82	0,0397	0,0511	0,9275	0,9297	0,916	0,954	0,435	-25,44	-16,6	-26,11	-17,96
01/10/2026 15:24:33	V0.04	41	ANTIHORARIO	15000	12	32,446	1,203	39,002	0,0504	0,0049	0,9152	0,9166	1,305	1,183	0,939	-25,73	-18,2	-25,91	-17,28
01/10/2026 15:24:35	V0.04	41	ANTIHORARIO	15000	13	32,452	1,148	37,349	0,0856	0,095	0,9286	0,9373	2,519	2,985	0,824	-25,79	-17,69	-26,22	-17,79
01/10/2026 15:24:37	V0.04	41	ANTIHORARIO	15000	14	32,46	1,133	36,765	0,007	0,0032	0,8895	0,8896	2,466	0,038	1,069	-25,95	-18,3	-26,01	-17,6
01/10/2026 15:24:39	V0.04	41	ANTIHORARIO	15000	15	32,456	1,157	38,321	0,1212	0,0092	0,9019	0,91	0,656	0,382	1,191	-25,7	-16,26	-26,02	-16,8
01/10/2026 15:24:42	V0.04	41	ANTIHORARIO	15000	16	32,462	1,154	38,127	0,0115	0,0245	0,9064	0,9068	2,115	1,809	1,13	-25,76	-16,83	-25,65	-17,76
01/10/2026 15:24:43	V0.04	41	ANTIHORARIO	15000	17	32,46	1,147	38,321	0,0704	0,0391	0,9218	0,9253	1,443	0,756	1,511	-25,36	-17,37	-25,44	-16,92
01/10/2026 15:24:45	V0.04	41	ANTIHORARIO	15000	18	32,461	1,132	37,252	0,0311	0,0127	0,8888	0,8894	0,939	0,954	1,214	-26,13	-18,23	-26,12	-18,91
01/10/2026 15:24:47	V0.04	41	ANTIHORARIO	15000	19	32,473	1,092	36,473	0,0629	0,0227	0,9424	0,9448	2,641	1,756	1,321	-26,05	-17,76	-25,8	-17,76
01/10/2026 15:24:49	V0.04	41	ANTIHORARIO	15000	20	32,475	1,066	35,112	0	0	0	0	0	0	0	-25,16	-17,86	-25,32	-17,66
01/10/2026 15:24:56	V0.04	41	HORARIO	20000	1	32,468	1,145	37,738	0,0842	0,0411	0,9184	0,9232	5,471	10,738	8,66	-25,88	-16,09	-25,77	-15,32
01/10/2026 15:24:58	V0.04	41	HORARIO	20000	2	32,48	1,132	35,793	0,0594	0,0326	0,9932	0,9955	1,603	3,542	4,763	-26,08	-17,16	-25,87	-17,76
01/10/2026 15:25:00	V0.04	41	HORARIO	20000	3	32,46	1,137	37,543	0,0576	0,0189	0,9968	0,9987	0,74	4,038	0,26	-25,84	-17,22	-25,72	-15,59
01/10/2026 15:25:02	V0.04	41	HORARIO	20000	4	32,489	1,099	35,793	0,0371	0,0413	0,9971	0,9986	1,527	0,405	2,023	-26,07	-17,31	-25,77	-16,29
01/10/2026 15:25:04	V0.04	41	HORARIO	20000	5	32,472	1,153	37,932	0,0698	0,0464	0,9397	0,9434	2,397	2,137	1,092	-25,84	-18,27	-25,97	-17,22
01/10/2026 15:25:06	V0.04	41	HORARIO	20000	6	32,47	1,158	38,613	0,0284	0,0079	0,9421	0,9426	2,282	0,206	0,183	-26,05	-18,3	-25,99	-16,07
01/10/2026 15:25:09	V0.04	41	HORARIO	20000	7	32,471	1,129	37,738	0,026	0,0389	0,9139	0,9151	2,076	1,656	1,275	-25,85	-16,51	-25,56	-15,83
01/10/2026 15:25:11	V0.04	41	HORARIO	20000	8	32,478	1,177	37,835	0,028	0,0424	0,8767	0,8782	3,924	1,969	1,969	-25,96	-15,99	-25,8	-17,16
01/10/2026 15:25:12	V0.04	41	HORARIO	20000	9	32,472	1,165	37,349	0,0286	0,0414	0,9404	0,9418	2,359	2,466	0,466	-25,92	-17,16	-25,97	-17,28
01/10/2026 15:25:15	V0.04	41	HORARIO	20000	10	32,465	1,203	40,656	0,0618	0,0145	0,9349	0,9371	0,817	3,214	1,031	-26,09	-17,19	-25,74	-17,13
01/10/2026 15:25:16	V0.04	41	HORARIO	20000	11	32,459	1,199	38,808	0,0691	0,0071	0,9384	0,9409	2,786	2,153	0,092	-26	-17,5	-25,98	-17,41
01/10/2026 15:25:19	V0.04	41	HORARIO	20000	12	32,477	1,127	36,765	0	0	0	0	0	0	0	-26,12	-16,89	-25,94	-16,8
01/10/2026 15:25:20	V0.04	41	HORARIO	20000	13	32,465	1,204	39,586	0,0042	0,0092	0,9073	0,9074	1,573	0,206	1,267	-25,98	-17,19	-26,3	-17,16
01/10/2026 15:25:24	V0.04	41	HORARIO	20000	14	32,478	1,126	37,835	0,0552	0,026	0,9603	0,9623	1,954	0,168	0,603	-25,9	-16,74	-25,79	-17,07
01/10/2026 15:25:25	V0.04	41	HORARIO	20000	15	32,491	1,095	35,987	0,0507	0,0317	0,9996	1,0014	1,336	0,466	1,229	-25,92	-16,8	-25,81	-16,86
01/10/2026 15:25:28	V0.04	41	HORARIO	20000	16	32,459	1,217	39,878	0	0	0	0	0	0	0	-25,23	-17,86	-25,59	-16,83
01/10/2026 15:25:29	V0.04	41	HORARIO	20000	17	32,476	1,153	37,932	0,0282	0,0542	0,8845	0,8866	1,405	0,885	1,29	-25,73	-15,65	-25,89	-17,25
01/10/2026 15:25:31	V0.04	41	HORARIO	20000	18	32,498	1,066	35,209	0,0435	0,0288	0,9807	0,9821	1,504	0,427	1,435	-25,8	-16,89	-25,53	-15,65
01/10/2026 15:25:33	V0.04	41	HORARIO	20000	19	32,492	1,105	36,279	0,0066	0,0094	0,9259	0,926	1,511	0,664	1,794	-25,85	-16,45	-25,51	-16,68
01/10/2026 15:25:35	V0.04	41	HORARIO	20000	20	32,49	1,089	35,695	0,0264	0,0304	0,9863	0,9871	2,885	3,985	0,863	-26,27	-16,74	-26,09	-17,83
01/10/2026 15:25:47	V0.04	41	ANTIHORARIO	20000	1	32,483	1,08	36,765	0,0762	0,0437	0,922	0,9262	3,449	7,493	9,926	-25,39	-12,97	-25,43	-13,62
01/10/2026 15:25:47	V0.04	41	ANTIHORARIO	20000	2	32,49	1,077	35,014	0,1019	0,0245	0,9512	0,9569	0,885	0,687	0,969	-25,8	-16,95	-25,87	-18,13
01/10/2026 15:25:47	V0.04	41	ANTIHORARIO	20000	3	32,479	1,107	37,349	0,0132	0,0446	0,9379	0,939	1,763	1,603	3,053	-25,83	-15,24	-25,92	-17,66
01/10/2026 15:25:49	V0.04	41	ANTIHORARIO	20000	4	32,491	1,035	34,917	0,0536	0,0082	0,9509	0,9525	2	1,863	0,298	-25,98	-18,16	-26,1	-17,73
01/10/2026 15:25:50	V0.04	41	ANTIHORARIO	20000	5	32,472	1,127	37,349	0,0104	0,0175	0,9474	0,9476	1,275	2,061	0,687	-25,82	-18,13	-26,01	-18,58
01/10/2026 15:25:53	V0.04	41	ANTIHORARIO	20000	6	32,481	1,073	35,793	0,1252	0,0333	0,9371	0,9461	2,496	2,374	1,443	-25,99	-16,65	-26,04	-17,41
01/10/2026 15:25:55	V0.04	41	ANTIHORARIO	20000	7	32,48	1,107	36,473	0,0024	0,0424	0,9399	0,9409	2,855	2,847	1,473	-25,71	-16,92	-25,4	-17,41
01/10/2026 15:25:57	V0.04	41	ANTIHORARIO	20000	8	32,486	1,073	35,987	0	0	0	0	0	0	0	-25,82	-18,2	-26,26	-16,92
01/10/2026 15:25:59	V0.04	41	ANTIHORARIO	20000	9	32,461	1,179	38,613	0,0537	0,009	0,9224	0,924	1,863	0,542	1,214	-26,16	-18,91	-25,75	-17,69
01/10/2026 15:26:00	V0.04	41	ANTIHORARIO	20000	10	32,46	1,205	39,391	0,1434	0,0059	0,9052	0,9165	1,008	0,008	1,069	-25,84	-17,76	-26,17	-17,37
01/10/2026 15:26:03	V0.04	41	ANTIHORARIO	20000	11	32,482	1,085	35,209	0,0219	0,0153	0,9626	0,963	1,557	1,603	0,901	-25,92	-17,93	-25,69	-16,2
01/10/2026 15:26:06	V0.04	41	ANTIHORARIO	20000	12	32,477	1,115	37,057	0,1432	0,0475	0,9465	0,9585	1,679	1,275	0,321	-25,89	-17,04	-26,15	-17,83
01/10/2026 15:26:07	V0.04	41	ANTIHORARIO	20000	13	32,486	1,117	37,057	0,0499	0,027	0,9514	0,9531	0,992	1,954	0,626	-26,21	-17,89	-25,81	-16,95
01/10/2026 15:26:08	V0.04	41	ANTIHORARIO	20000	14	32,484	1,132	37,446	0,0103	0,0135	0,8936	0,8937	2,183	0,305	1,405	-25,9	-17,89	-25,93	-16,68
01/10/2026 15:26:10	V0.04	41	ANTIHORARIO	20000	15	32,481	1,146	36,765	0,0135	0,0298	0,9672	0,9677	2,718	3,702	0,595	-25,98	-17,47	-26,36	-18,27
01/10/2026 15:26:12	V0.04	41	ANTIHORARIO	20000	16	32,467	1,194	39,294	0,0756	0,0083	0,9426	0,9457	1,969	1,969	1,969	-25,97	-17,73	-26,26	-18,51
01/10/2026 15:26:16	V0.04	41	ANTIHORARIO	20000	17	32,474	1,172	38,321	0,0214	0,0333	0,9423	0,9431	0,947	2,298	1,893	-25,93	-18,06	-26,17	-17,83
01/10/2026 15:26:17	V0.04	41	ANTIHORARIO	20000	18	32,477	1,137	37,349	0,0514	0,0388	0,8932	0,8955	1,244	1,008	1,176	-25,66	-17,63	-26,04	-15,72
01/10/2026 15:26:19	V0.04	41	ANTIHORARIO	20000	19	32,473	1,142	38,127	0,0027	0,0919	0,9054	0,9101	1,099	1,809	1,176	-25,89	-16,37	-25,95	-18,41
01/10/2026 15:26:21	V0.04	41	ANTIHORARIO	20000	20	32,487	1,112	36,96	0,0178	0,0437	0,9426	0,9438	1,298	1,779	1,504	-26,25	-17,04	-25,66	-16,57
01/10/2026 15:28:42	V0.04	42	HORARIO	15000	1	32,472	0,823	27,039	0,0672	0,0354	0,9259	0,929	3,454	4,387	6,798	-25,71	-15,37	-25,21	-13,56
01/10/2026 15:28:44	V0.04	42	HORARIO	15000	2	32,49	0,728	24,51	0,0526	0,0366	0,9512	0,9533	2,527	3,206	0,656	-25,19	-17,07	-25,18	-17,57
01/10/2026 15:28:47	V0.04	42	HORARIO	15000	3	32,504	0,743	24,51	0,0496	0,0015	0,9128	0,9142	1,893	2,298	1,931	-25,01	-18,09	-24,7	-16,62
01/10/2026 15:28:49	V0.04	42	HORARIO	15000	4	32,499	0,773	25,483	0,0322	0,0089	0,9475	0,9481	1,702	0,076	1,794	-25,46	-16,98	-25,35	-15,65
01/10/2026 15:28:51	V0.04	42	HORARIO	15000	5	32,491	0,801	26,455	0,0201	0,0095	0,9608	0,9611	1,924	2,282	1,244	-26,32	-17,69	-25,66	-17,44
01/10/2026 15:28:53	V0.04	42	HORARIO	15000	6	32,499	0,757	24,899	0,0436	0,0039	0,9419	0,9429	2,275	1,71	1,427	-25,62	-16,04	-25,1	-16,54
01/10/2026 15:28:56	V0.04	42	HORARIO	15000	7	32,491	0,825	26,942	0,0281	0,0409	0,9838	0,985	1,985	0,863	1,198	-25,94	-18,27	-25,05	-16,26
01/10/2026 15:28:58	V0.04	42	HORARIO	15000	8	32,519	0,736	24,705	0,0154	0,0581	0,9733	0,9751	2,221	0,985	1,13	-26,33	-17,86	-25,68	-16,54
01/10/2026 15:29:00	V0.04	42	HORARIO	15000	9	32,487	0,83	27,914	0,0979	0,0183	0,9563	0,9615	1,817	0,786	0,756	-25,74	-18,51	-24,73	-16,2
01/10/2026 15:29:02	V0.04	42	HORARIO	15000	10	32,49	0,807	25,775	0,012	0,0389	0,9883	0,9891	0,87	0,137	1,359	-25,57	-17,6	-25,24	-17,5
01/10/2026 15:29:05	V0.04	42	HORARIO	15000	11	32,522	0,754	26,066	0,0366	0,0186	0,9304	0,9313	0,992	0,313	0,137	-25,36	-16,37	-25,04	-16,68
01/10/2026 15:29:07	V0.04	42	HORARIO	15000	12	32,52	0,745	25,191	0	0	0	0	0	0	0	-25,35	-15,7	-24,19	-15,05
01/10/2026 15:29:09	V0.04	42	HORARIO	15000	13	32,525	0,714	23,927	0,0077	0,0472	0,8988	0,9001	2	2,267	2,13	-25,78	-18,27	-24,82	-14,88
01/10/2026 15:29:12	V0.04	42	HORARIO	15000	14	32,527	0,708	24,218	0,1266	0,0345	1,0005	1,0091	1,863	1,038	0,87	-25,34	-16,45	-23,97	-15,37
01/10/2026 15:29:15	V0.04	42	HORARIO	15000	15	32,499	0,814	26,747	0,0073	0,0469	0,9899	0,991	1,26	0,931	1,786	-25,43	-16,62	-24,29	-14,1
01/10/2026 15:29:17	V0.04	42	HORARIO	15000	16	32,529	0,754	25,677	0,1195	0,0238	0,9739	0,9815	2,176	0,282	1,55	-25,32	-16,43	-24,33	-16,34
01/10/2026 15:29:19	V0.04	42	HORARIO	15000	17	32,511	0,784	24,705	0,0992	0,0243	0,9713	0,9767	1,389	0,786	0,053	-25,92	-17,5	-24,45	-15,65
01/10/2026 15:29:22	V0.04	42	HORARIO	15000	18	32,533	0,722	24,316	0,1333	0,0068	0,9009	0,9107	0,893	1,809	1,198	-26,08	-17,99	-24,33	-16,07
01/10/2026 15:29:24	V0.04	42	HORARIO	15000	19	32,533	0,743	24,51	0,0951	0,026	0,9763	0,9813	0,763	2,061	1,275	-26,06	-17,93	-24,97	-16,43
01/10/2026 15:29:26	V0.04	42	HORARIO	15000	20	32,513	0,779	26,066	0,1074	0,0289	0,9639	0,9703	2,389	0,183	1,221	-25,17	-17,6	-24,66	-16,74
01/10/2026 15:29:33	V0.04	42	ANTIHORARIO	15000	1	32,531	0,702	23,44	0,0891	0,0325	0,9237	0,9286	4,39	3,072	7	-25,27	-14,12	-23,95	-13,51
01/10/2026 15:29:35	V0.04	42	ANTIHORARIO	15000	2	32,539	0,67	21,884	0,0421	0,0508	0,9296	0,9319	2,664	3,214	1,16	-25,54	-16,98	-24,34	-16,09
01/10/2026 15:29:37	V0.04	42	ANTIHORARIO	15000	3	32,517	0,718	24,705	0,0238	0,0178	0,9119	0,9123	1,053	1,214	3,42	-25,96	-17,99	-23,88	-15,62
01/10/2026 15:29:39	V0.04	42	ANTIHORARIO	15000	4	32,53	0,667	21,884	0,0171	0,0029	0,9344	0,9346	1,969	1,969	1,969	-25,34	-17,6	-23,98	-15,93
01/10/2026 15:29:42	V0.04	42	ANTIHORARIO	15000	5	32,52	0,712	23,829	0,0057	0,0403	0,9464	0,9473	0,489	3,916	1,626	-25,08	-16,54	-24,06	-14,36
01/10/2026 15:29:43	V0.04	42	ANTIHORARIO	15000	6	32,52	0,723	23,927	0,0823	0,0182	0,8588	0,8629	1,252	1,069	0,427	-25,03	-15,39	-23,95	-15,72
01/10/2026 15:29:46	V0.04	42	ANTIHORARIO	15000	7	32,531	0,719	24,218	0,103	0,0403	0,8853	0,8921	1,687	1,046	0,031	-25,7	-17,47	-23,99	-14,72
01/10/2026 15:29:48	V0.04	42	ANTIHORARIO	15000	8	32,535	0,689	22,662	0,0093	0,0281	0,9153	0,9158	1,855	1,214	1,779	-25,95	-16,77	-23,97	-15,75
01/10/2026 15:29:50	V0.04	42	ANTIHORARIO	15000	9	32,535	0,709	23,635	0,1454	0,0223	0,9559	0,9672	1,458	1,656	0,084	-25,71	-17,37	-23,74	-15,47
01/10/2026 15:29:52	V0.04	42	ANTIHORARIO	15000	10	32,54	0,665	22,37	0,1511	0,0453	0,8943	0,9081	0,832	0,221	1,496	-25,93	-18,69	-23,56	-15,27
01/10/2026 15:29:55	V0.04	42	ANTIHORARIO	15000	11	32,537	0,665	22,857	0,031	0,0055	0,9404	0,941	2,71	1,275	1,962	-25,79	-18,2	-23,77	-15,52
01/10/2026 15:29:57	V0.04	42	ANTIHORARIO	15000	12	32,529	0,724	23,538	0,0762	0,0248	0,8673	0,871	1,695	1,87	0,344	-25,53	-16,45	-23,79	-14,91
01/10/2026 15:29:59	V0.04	42	ANTIHORARIO	15000	13	32,547	0,676	23,148	0,0574	0,0092	0,8712	0,8732	1,573	1,84	1,489	-25,92	-17,37	-23,81	-14,72
01/10/2026 15:30:00	V0.04	42	ANTIHORARIO	15000	14	32,554	0,656	21,203	0,1705	0,0481	0,8938	0,9112	0,847	0,046	1,466	-25,67	-16,15	-23,56	-14,36
01/10/2026 15:30:02	V0.04	42	ANTIHORARIO	15000	15	32,557	0,633	21,203	0,1154	0,0187	0,9741	0,9811	1,061	0,038	1,443	-25,35	-17,63	-23,49	-15,05
01/10/2026 15:30:07	V0.04	42	ANTIHORARIO	15000	17	32,545	0,652	21,69	0,0571	0,0035	0,9393	0,9411	2,206	1,031	1,817	-25,07	-17,1	-23,13	-14,21
01/10/2026 15:30:08	V0.04	42	ANTIHORARIO	15000	16	32,535	0,713	23,148	0,0842	0,0073	0,9061	0,9101	1,237	1,985	0,916	-25,36	-17,28	-23,25	-15,2
01/10/2026 15:30:09	V0.04	42	ANTIHORARIO	15000	18	32,553	0,666	21,69	0,1534	0,0491	0,8781	0,8927	1,725	0,954	1,489	-24,88	-16,18	-22,95	-14,31
01/10/2026 15:30:11	V0.04	42	ANTIHORARIO	15000	19	32,543	0,701	22,662	0,1553	0,0144	0,9576	0,9703	2,519	0,099	1,305	-24,95	-16,51	-23,38	-13,66
01/10/2026 15:30:14	V0.04	42	ANTIHORARIO	15000	20	32,551	0,675	22,37	0,0933	0,0237	0,9017	0,9069	1,969	2,229	1,076	-25,98	-16,83	-23,55	-14,36
01/10/2026 15:30:21	V0.04	42	HORARIO	20000	1	32,554	0,712	23,148	0,09	0,033	0,928	0,9329	3,81	5,958	7,378	-25,65	-14,74	-24,28	-12,8
01/10/2026 15:30:23	V0.04	42	HORARIO	20000	2	32,547	0,742	24,705	0,0903	0,0442	1,0179	1,0229	0,115	3,061	2,58	-25,98	-17,83	-24,27	-14,86
01/10/2026 15:30:26	V0.04	42	HORARIO	20000	3	32,542	0,751	24,316	0,0092	0,0223	0,8702	0,8706	2,069	2,55	2,305	-25,94	-17,66	-24,12	-14,63
01/10/2026 15:30:27	V0.04	42	HORARIO	20000	4	32,541	0,756	24,802	0,0485	0,0325	0,9729	0,9746	1,611	0,954	0,244	-25,3	-16,6	-24,29	-15,62
01/10/2026 15:30:29	V0.04	42	HORARIO	20000	5	32,549	0,727	24,413	0,0007	0,0221	0,8864	0,8866	1,359	0,511	2,046	-25,5	-16,92	-24,19	-15,15
01/10/2026 15:30:31	V0.04	42	HORARIO	20000	6	32,541	0,738	25,094	0,0742	0,041	0,8096	0,814	3,023	3,183	0,206	-26,77	-18,51	-24,69	-16,45
01/10/2026 15:30:33	V0.04	42	HORARIO	20000	7	32,527	0,752	24,413	0,0521	0,0013	0,9476	0,9491	0,786	2,481	2,191	-26,23	-19,22	-24,47	-15,34
01/10/2026 15:30:35	V0.04	42	HORARIO	20000	8	32,546	0,7	24,218	0,0172	0,0273	0,9502	0,9507	1,794	2,435	1,626	-26,07	-18,73	-24,58	-14,81
01/10/2026 15:30:38	V0.04	42	HORARIO	20000	9	32,515	0,815	26,65	0,0914	0,0385	0,8325	0,8384	1,588	2,473	1,878	-26,56	-18,41	-24,85	-16,77
01/10/2026 15:30:39	V0.04	42	HORARIO	20000	10	32,543	0,773	25,385	0,04	0,04	0,798	0,8	2,145	0,534	0,855	-26,36	-18,77	-24,74	-16,62
01/10/2026 15:30:41	V0.04	42	HORARIO	20000	11	32,555	0,722	24,413	0,0677	0,0334	0,8573	0,8606	1,069	1,137	0,481	-26,12	-18,55	-23,89	-15,07
01/10/2026 15:30:43	V0.04	42	HORARIO	20000	12	32,543	0,743	25,58	0,0071	0,0161	0,9103	0,9104	0,756	2,061	0,29	-26,27	-18,91	-24,71	-16,83
01/10/2026 15:30:45	V0.04	42	HORARIO	20000	13	32,554	0,724	23,538	0,0994	0,0325	1,0234	1,0288	0,015	1,969	1,969	-26,16	-18,13	-24,32	-14,7
01/10/2026 15:30:47	V0.04	42	HORARIO	20000	14	32,526	0,787	25,483	0,109	0,0293	1,0198	1,026	1,664	3,481	1,275	-26,05	-17,76	-24,88	-17,22
01/10/2026 15:30:49	V0.04	42	HORARIO	20000	15	32,552	0,746	25,094	0,0404	0,0322	0,9607	0,9621	1,473	0,26	0,618	-25,99	-18,37	-24,6	-15,62
01/10/2026 15:30:51	V0.04	42	HORARIO	20000	16	32,559	0,734	24,996	0,0165	0,0291	0,9027	0,9033	1,473	1,351	0,802	-26,46	-17,93	-24,84	-16,23
01/10/2026 15:30:53	V0.04	42	HORARIO	20000	17	32,55	0,757	24,413	0,0677	0,0342	1,0027	1,0056	1,481	0,282	0,809	-26,19	-18,44	-24,77	-16,62
01/10/2026 15:30:55	V0.04	42	HORARIO	20000	18	32,534	0,787	26,164	0,0594	0,036	0,8484	0,8512	1,855	0,183	0,908	-26,56	-18,06	-24,93	-15,93
01/10/2026 15:30:58	V0.04	42	HORARIO	20000	19	32,556	0,694	22,857	0,0215	0,0311	1,0046	1,0054	1,832	0,443	1,931	-26,03	-17,41	-24,54	-16,45
01/10/2026 15:30:59	V0.04	42	HORARIO	20000	20	32,533	0,742	24,802	0,0466	0,0344	0,8575	0,8595	0,954	0,015	1,969	-25,89	-17,96	-24,35	-15,93
01/10/2026 15:31:07	V0.04	42	ANTIHORARIO	20000	1	32,54	0,727	24,218	0,0935	0,0272	0,9196	0,9247	3,26	7,179	9,836	-25,53	-15,37	-23,74	-12,89
01/10/2026 15:31:09	V0.04	42	ANTIHORARIO	20000	2	32,565	0,643	22,079	0,1255	0,0248	0,9891	0,9974	0,366	0,115	6,252	-24,95	-16,77	-22,82	-13,78
01/10/2026 15:31:11	V0.04	42	ANTIHORARIO	20000	3	32,552	0,698	23,343	0,0703	0,0471	0,9781	0,9818	0,824	0,046	0,069	-25,2	-16,15	-23,69	-15,07
01/10/2026 15:31:13	V0.04	42	ANTIHORARIO	20000	4	32,544	0,703	22,759	0,0298	0,0465	0,9418	0,9434	1,344	1,924	1,947	-25,84	-17,69	-23,85	-15,62
01/10/2026 15:31:15	V0.04	42	ANTIHORARIO	20000	5	32,544	0,698	22,662	0,0079	0,0522	0,9359	0,9374	1,626	2,084	1,13	-25,75	-18,03	-23,58	-13,53
01/10/2026 15:31:19	V0.04	42	ANTIHORARIO	20000	6	32,55	0,681	22,468	0,014	0,0433	0,9446	0,9457	1,382	0,13	1,122	-25,5	-16,83	-23,94	-15,65
01/10/2026 15:31:21	V0.04	42	ANTIHORARIO	20000	7	32,55	0,7	22,759	0,0326	0,0013	0,9342	0,9348	1,435	2,718	0,863	-25,79	-17,04	-24,18	-14,95
01/10/2026 15:31:23	V0.04	42	ANTIHORARIO	20000	8	32,547	0,701	23,44	0,0057	0,0005	0,8973	0,8974	1,702	1,565	0,069	-25,48	-16,71	-23,85	-15,75
01/10/2026 15:31:25	V0.04	42	ANTIHORARIO	20000	9	32,549	0,666	21,787	0,0021	0,0088	0,9338	0,9339	0,015	1,969	1,969	-25,96	-17,86	-24,26	-15,59
01/10/2026 15:31:27	V0.04	42	ANTIHORARIO	20000	10	32,549	0,696	22,759	0,0193	0,006	0,8993	0,8995	2,275	1,252	1,069	-25,81	-18,03	-23,93	-15,44
01/10/2026 15:31:30	V0.04	42	ANTIHORARIO	20000	11	32,555	0,669	22,273	0,0206	0,0192	0,9275	0,9279	2,267	2,198	1,748	-26,03	-18,84	-24,05	-14,36
01/10/2026 15:31:31	V0.04	42	ANTIHORARIO	20000	12	32,549	0,685	22,857	0	0	0	0	0	0	0	-25,28	-17,57	-23,74	-14,45
01/10/2026 15:31:34	V0.04	42	ANTIHORARIO	20000	13	32,566	0,659	22,857	0,0668	0,0182	0,9515	0,9541	1,702	1,076	1,618	-25,79	-16,43	-24,1	-16,04
01/10/2026 15:31:36	V0.04	42	ANTIHORARIO	20000	14	32,559	0,665	21,787	0,0812	0,0142	0,8689	0,8728	1,786	2,191	0,015	-25,63	-15,88	-24,18	-15,7
01/10/2026 15:31:38	V0.04	42	ANTIHORARIO	20000	15	32,553	0,666	21,787	0,0187	0,0509	0,9475	0,9491	1,947	0,824	1,466	-26,16	-18,37	-24,53	-16,23
01/10/2026 15:31:40	V0.04	42	ANTIHORARIO	20000	16	32,551	0,696	22,857	0,0542	0,0295	0,9493	0,9513	1,534	1,969	1,969	-25,63	-17,76	-24,14	-15,24
01/10/2026 15:31:45	V0.04	42	ANTIHORARIO	20000	17	32,549	0,699	23,148	0,1118	0,0067	0,9542	0,9608	1	1,969	1,969	-25,87	-16,95	-24,58	-16,6
01/10/2026 15:31:46	V0.04	42	ANTIHORARIO	20000	18	32,551	0,704	23,246	0,1224	0,0201	0,9781	0,986	1,397	0,87	0,519	-24,96	-13,97	-24,12	-13,76
01/10/2026 15:31:48	V0.04	42	ANTIHORARIO	20000	19	32,557	0,668	22,273	0,0126	0,0276	0,9348	0,9353	0,802	2,252	1,26	-25,17	-16,98	-24,23	-14,98
01/10/2026 15:31:50	V0.04	42	ANTIHORARIO	20000	20	32,564	0,651	21,787	0,0334	0,0048	0,8984	0,8991	1,115	1,412	1	-25,07	-16,31	-23,27	-13,56
01/10/2026 15:34:30	V0.04	43	HORARIO	15000	1	32,433	0,948	32,097	0,0816	0,0772	0,9087	0,9156	3,651	9,297	5,408	-21,67	-10,35	-21,6	-10,14
01/10/2026 15:34:31	V0.04	43	HORARIO	15000	2	32,451	0,913	30,249	0,0354	0,0037	0,9414	0,9421	2,16	4,076	1,198	-22,66	-13,36	-22,25	-13,22
01/10/2026 15:34:33	V0.04	43	HORARIO	15000	3	32,465	0,915	30,735	0	0	0	0	0	0	0	-22,61	-13,2	-22,48	-13,3
01/10/2026 15:34:35	V0.04	43	HORARIO	15000	4	32,433	1,013	33,069	0,0016	0,0093	0,8813	0,8814	1,053	3,771	0,374	-22,55	-13,22	-22,28	-12,86
01/10/2026 15:34:38	V0.04	43	HORARIO	15000	5	32,445	1,04	34,528	0,0339	0,046	0,8306	0,8325	1,779	1,084	0,099	-22,37	-13,16	-22,18	-13,06
01/10/2026 15:34:40	V0.04	43	HORARIO	15000	6	32,421	1,077	35,89	0,0593	0,032	0,8802	0,8828	1,061	0,412	0,405	-22,35	-12,62	-22,9	-12,26
01/10/2026 15:34:42	V0.04	43	HORARIO	15000	7	32,418	1,125	36,473	0,0135	0,0258	0,9834	0,9838	1,328	2,198	0,443	-22,17	-12,69	-22,45	-11,08
01/10/2026 15:34:44	V0.04	43	HORARIO	15000	8	32,49	0,885	29,276	0	0	0	0	0	0	0	-21,41	-10,84	-21,8	-11,35
01/10/2026 15:34:47	V0.04	43	HORARIO	15000	9	32,433	1,122	37,252	0,0204	0,0065	0,9081	0,9083	1,557	0,954	0	-22,09	-12,07	-21,71	-11,23
01/10/2026 15:34:48	V0.04	43	HORARIO	15000	10	32,447	1,065	34,917	0,0317	0,0212	0,9189	0,9197	0,015	3,931	3,931	-21,86	-12,46	-21,86	-12,02
01/10/2026 15:34:50	V0.04	43	HORARIO	15000	11	32,476	0,969	32,291	0,0811	0,0259	0,9213	0,9252	0,84	0,718	1,13	-21,42	-12,4	-21,62	-13,82
01/10/2026 15:34:53	V0.04	43	HORARIO	15000	12	32,495	0,853	27,914	0,0203	0,0026	0,8988	0,899	1,962	1,931	3,244	-22,27	-12,01	-21,71	-12,58
01/10/2026 15:34:55	V0.04	43	HORARIO	15000	13	32,467	0,963	31,61	0,0994	0,0001	0,8821	0,8877	2,313	1,214	2,725	-22	-12,67	-21,91	-13,53
01/10/2026 15:34:57	V0.04	43	HORARIO	15000	14	32,468	0,952	31,61	0,0122	0,0222	0,911	0,9114	1,046	1,13	1,137	-21,38	-12,47	-21,38	-13,1
01/10/2026 15:34:59	V0.04	43	HORARIO	15000	15	32,457	1,032	34,139	0,0724	0,0439	0,8365	0,8408	0,542	1,389	0,931	-21,55	-12,71	-20,89	-12,3
01/10/2026 15:35:02	V0.04	43	HORARIO	15000	16	32,474	0,934	31,124	0,0306	0,0042	1,0215	1,022	1,931	1,069	2,718	-22,93	-13,41	-22,4	-13,22
01/10/2026 15:35:04	V0.04	43	HORARIO	15000	17	32,451	1,081	35,598	0	0	0	0	0	0	0	-22,51	-12,86	-21,73	-12,23
01/10/2026 15:35:06	V0.04	43	HORARIO	15000	18	32,444	1,107	36,279	0,1307	0,0059	0,8572	0,8671	2,076	0,168	0,015	-21,3	-11,79	-20,96	-11,54
01/10/2026 15:35:07	V0.04	43	HORARIO	15000	19	32,469	1,031	32,777	0,0991	0,0538	0,7961	0,8041	1,305	2,168	0,031	-22	-12,3	-21,54	-12,71
01/10/2026 15:35:09	V0.04	43	HORARIO	15000	20	32,457	1,091	35,501	0,0211	0,0359	0,9385	0,9394	1,725	0,55	0,122	-22,35	-14,03	-21,48	-12,12
01/10/2026 15:35:16	V0.04	43	ANTIHORARIO	15000	1	32,504	0,808	26,553	0,0952	0,0298	0,9248	0,9301	3,803	6,815	5,918	-21,98	-8,85	-22,19	-10,66
01/10/2026 15:35:19	V0.04	43	ANTIHORARIO	15000	2	32,492	0,895	28,984	0	0	0	0	0	0	0	-22,93	-13,38	-23,4	-13,34
01/10/2026 15:35:22	V0.04	43	ANTIHORARIO	15000	3	32,482	0,912	30,151	0	0	0	0	0	0	0	-22,62	-13,01	-23,24	-13,84
01/10/2026 15:35:22	V0.04	43	ANTIHORARIO	15000	4	32,506	0,799	27,331	0,0824	0,0356	0,868	0,8727	1,557	0,221	1,206	-22,74	-13,8	-23,25	-13,45
01/10/2026 15:35:25	V0.04	43	ANTIHORARIO	15000	5	32,501	0,853	28,109	0,0409	0,0404	0,9927	0,9943	1,924	0,771	0,885	-22,71	-12,23	-23,04	-13,39
01/10/2026 15:35:26	V0.04	43	ANTIHORARIO	15000	6	32,48	0,966	31,708	0,007	0,0006	0,9458	0,9458	0,641	1,145	2,115	-20,64	-10,25	-21,61	-12,25
01/10/2026 15:35:29	V0.04	43	ANTIHORARIO	15000	7	32,47	1,006	33,166	0,1194	0,0175	0,9242	0,932	1,374	2,229	1,534	-21,26	-10,49	-21,06	-12,11
01/10/2026 15:35:31	V0.04	43	ANTIHORARIO	15000	8	32,512	0,836	28,303	0	0	0	0	0	0	0	-20,37	-9,56	-21,48	-12,8
01/10/2026 15:35:33	V0.04	43	ANTIHORARIO	15000	9	32,525	0,787	26,65	0,141	0,0253	0,9061	0,9174	2,282	0,626	1,832	-20,99	-10,32	-21,76	-11,94
01/10/2026 15:35:35	V0.04	43	ANTIHORARIO	15000	10	32,53	0,789	25,872	0,0414	0,0005	0,9601	0,961	1,107	2,145	0,565	-21,31	-10,48	-21,04	-12,35
01/10/2026 15:35:38	V0.04	43	ANTIHORARIO	15000	11	32,477	0,994	32,291	0,0804	0,0359	0,8636	0,8681	1,458	1,763	2,069	-21,32	-11,95	-21,68	-13,03
01/10/2026 15:35:41	V0.04	43	ANTIHORARIO	15000	12	32,484	0,965	32,097	0,137	0,0443	0,8851	0,8968	1,992	3,924	1,969	-21,32	-10,38	-21,89	-12,99
01/10/2026 15:35:42	V0.04	43	ANTIHORARIO	15000	13	32,516	0,838	27,817	0,0577	0,0371	0,9969	0,9993	0,809	4,244	1,519	-23,19	-15,37	-23,56	-13,6
01/10/2026 15:35:44	V0.04	43	ANTIHORARIO	15000	14	32,504	0,872	29,276	0	0	0	0	0	0	0	-22,84	-14,31	-23,6	-13,22
01/10/2026 15:35:46	V0.04	43	ANTIHORARIO	15000	15	32,504	0,905	29,86	0,0771	0,035	0,8694	0,8735	2,565	0,374	2,359	-20,95	-10,1	-20,99	-12,97
01/10/2026 15:35:49	V0.04	43	ANTIHORARIO	15000	16	32,498	0,945	30,929	0,0248	0,0144	0,9076	0,908	2,511	0,733	2,374	-22,03	-12,73	-21,97	-12,47
01/10/2026 15:35:51	V0.04	43	ANTIHORARIO	15000	17	32,485	0,959	31,416	0,1145	0,0314	0,0157	0,1198	1,969	1,969	1,969	-22,6	-13,1	-23,55	-13,41
01/10/2026 15:35:53	V0.04	43	ANTIHORARIO	15000	18	32,522	0,833	27,817	0,0753	0,037	0,8683	0,8723	2,046	0,802	0,71	-22,13	-12,42	-22,95	-13,95
01/10/2026 15:35:56	V0.04	43	ANTIHORARIO	15000	19	32,527	0,815	26,942	0,1075	0,0377	0,8866	0,8939	1,176	3,382	1,122	-22,52	-13,43	-22,8	-13,76
01/10/2026 15:35:57	V0.04	43	ANTIHORARIO	15000	20	32,526	0,837	27,428	0,0671	0,0052	0,9586	0,961	1,244	0,916	0,122	-21,01	-9,55	-22,12	-11,82
01/10/2026 15:36:04	V0.04	43	HORARIO	20000	1	32,506	0,925	31,124	0,1115	0,0487	0,9204	0,9284	4,448	8,375	8,079	-21,43	-9,66	-21,15	-8,82
01/10/2026 15:36:06	V0.04	43	HORARIO	20000	2	32,523	0,853	28,401	0,0338	0,0051	0,9338	0,9345	3,74	2,168	0,427	-21,86	-12,78	-21,71	-13,06
01/10/2026 15:36:09	V0.04	43	HORARIO	20000	3	32,51	0,911	29,762	0,0621	0,0024	0,8569	0,8592	0,55	0,901	2,771	-21,71	-12,84	-21,34	-12,84
01/10/2026 15:36:11	V0.04	43	HORARIO	20000	4	32,534	0,866	29,762	0,0665	0,0059	1,0161	1,0183	1,328	1,374	0,099	-22,11	-12,71	-21,45	-12,64
01/10/2026 15:36:12	V0.04	43	HORARIO	20000	5	32,478	1,019	33,361	0,0535	0,045	0,8071	0,8102	2,336	1,916	0,015	-22,06	-11,82	-21,64	-13,22
01/10/2026 15:36:14	V0.04	43	HORARIO	20000	6	32,51	0,94	31,124	0,11	0	0,7495	0,7575	2,542	1,405	1,008	-21,89	-12,99	-21,28	-13,24
01/10/2026 15:36:16	V0.04	43	HORARIO	20000	7	32,515	0,904	29,957	0,0992	0,0361	0,9374	0,9433	1,969	1,969	1,969	-22,22	-11,26	-21,9	-12,3
01/10/2026 15:36:19	V0.04	43	HORARIO	20000	8	32,529	0,889	29,471	0,0273	0,0005	1,0541	1,0544	1,496	1,878	2,168	-22,13	-13,1	-21,7	-13,36
01/10/2026 15:36:20	V0.04	43	HORARIO	20000	9	32,546	0,815	27,039	0,1069	0,0358	0,7987	0,8066	2,611	1,794	1,832	-20,83	-12,19	-20,95	-11,15
01/10/2026 15:36:22	V0.04	43	HORARIO	20000	10	32,527	0,905	29,373	0,1194	0,033	0,8105	0,82	2,626	0,115	0,366	-21,71	-11,84	-22,06	-11,62
01/10/2026 15:36:25	V0.04	43	HORARIO	20000	11	32,509	0,936	30,54	0,056	0,0773	0,717	0,7234	2,359	0,16	0,275	-21,92	-13,41	-21,48	-12,25
01/10/2026 15:36:27	V0.04	43	HORARIO	20000	12	32,544	0,829	27,623	0	0	0	0	0	0	0	-22,29	-13,45	-21,67	-12,91
01/10/2026 15:36:29	V0.04	43	HORARIO	20000	13	32,549	0,809	26,65	0,1278	0,0132	0,8573	0,8669	1,702	1,046	2,824	-22,23	-13,49	-21,73	-13,24
01/10/2026 15:36:31	V0.04	43	HORARIO	20000	14	32,511	0,92	30,249	0,0494	0,0001	0,9081	0,9094	1,969	1,969	1,969	-20,92	-10,99	-21,07	-11,26
01/10/2026 15:36:33	V0.04	43	HORARIO	20000	15	32,501	0,986	32,291	0,0435	0,035	1,0552	1,0567	1,023	0,908	0,275	-21,39	-11,77	-21,38	-12,26
01/10/2026 15:36:36	V0.04	43	HORARIO	20000	16	32,486	1,048	33,361	0,0021	0,0026	0,8606	0,8606	1,893	0,794	0,359	-21,99	-13,8	-21,09	-12,02
01/10/2026 15:36:37	V0.04	43	HORARIO	20000	17	32,532	0,841	27,817	0,0952	0,0046	0,9924	0,997	2,275	0,374	2,107	-21,71	-13,01	-20,61	-12,33
01/10/2026 15:36:40	V0.04	43	HORARIO	20000	18	32,513	0,947	30,735	0	0	0	0	0	0	0	-21,85	-12,51	-21,1	-12,02
01/10/2026 15:36:42	V0.04	43	HORARIO	20000	19	32,527	0,899	29,471	0,103	0,0081	0,9061	0,912	2,305	1,771	1,832	-21,63	-12,75	-21,33	-12,84
01/10/2026 15:36:45	V0.04	43	HORARIO	20000	20	32,536	0,844	27,428	0	0	0	0	0	0	0	-21,48	-12,14	-21,79	-12,89
01/10/2026 15:36:52	V0.04	43	ANTIHORARIO	20000	1	32,545	0,804	25,969	0,0985	0,0312	0,9195	0,9253	5,18	9,394	5,666	-21,64	-9,91	-21,7	-9,64
01/10/2026 15:36:54	V0.04	43	ANTIHORARIO	20000	2	32,546	0,778	26,553	0,0836	0,0248	0,936	0,9401	2,74	0,771	0,885	-22,48	-12,35	-22,74	-13,88
01/10/2026 15:36:56	V0.04	43	ANTIHORARIO	20000	3	32,519	0,873	28,401	0,0399	0,0212	0,9797	0,9808	0,947	1,198	2,427	-22,96	-13,41	-23,19	-13,47
01/10/2026 15:36:58	V0.04	43	ANTIHORARIO	20000	4	32,515	0,877	28,984	0,1306	0,0452	0,8812	0,892	1,397	0,977	1,061	-23,31	-14,27	-23,37	-14,16
01/10/2026 15:37:00	V0.04	43	ANTIHORARIO	20000	5	32,496	0,986	32,583	0,0626	0,0157	0,0157	0,0665	1,969	1,969	1,969	-22,19	-11,89	-22,34	-13,39
01/10/2026 15:37:02	V0.04	43	ANTIHORARIO	20000	6	32,488	0,994	32,583	0,1503	0,0492	0,8838	0,8978	0,015	1,969	1,969	-22,84	-12,64	-23,06	-14,16
01/10/2026 15:37:04	V0.04	43	ANTIHORARIO	20000	7	32,487	1,041	34,528	0,1359	0,0369	0,9026	0,9135	1,473	1,71	2,031	-20,16	-10,88	-20,97	-12,28
01/10/2026 15:37:07	V0.04	43	ANTIHORARIO	20000	8	32,498	0,954	32,194	0,0266	0,0327	0,949	0,9499	1,763	2,489	2,046	-20,63	-11,37	-21,64	-12,73
01/10/2026 15:37:09	V0.04	43	ANTIHORARIO	20000	9	32,524	0,853	28,79	0,0468	0,0413	0,9744	0,9764	1,244	4,023	0,595	-21,41	-10,48	-21,18	-12,12
01/10/2026 15:37:11	V0.04	43	ANTIHORARIO	20000	10	32,486	1,015	32,972	0,0255	0,0105	0,9067	0,9072	1,328	0,481	2,214	-20,86	-10,25	-20,92	-11,4
01/10/2026 15:37:13	V0.04	43	ANTIHORARIO	20000	11	32,535	0,803	27,623	0,0334	0,0154	0,9032	0,9039	1,977	0,702	0,183	-21,89	-11,8	-21,36	-13,01
01/10/2026 15:37:17	V0.04	43	ANTIHORARIO	20000	12	32,538	0,831	27,136	0,069	0,0222	0,8929	0,8959	1,573	1,374	1,58	-21,22	-11,2	-21,28	-12,37
01/10/2026 15:37:19	V0.04	43	ANTIHORARIO	20000	13	32,499	0,969	32,097	0,0314	0,0239	0,9658	0,9666	1,611	0,649	1,878	-22,47	-12,31	-22,84	-12,28
01/10/2026 15:37:20	V0.04	43	ANTIHORARIO	20000	14	32,532	0,853	28,012	0,053	0,0293	0,9858	0,9877	1,458	0,099	1,153	-21,38	-10,78	-21,39	-13,34
01/10/2026 15:37:23	V0.04	43	ANTIHORARIO	20000	15	32,494	0,972	32,097	0,124	0,0322	0,8783	0,8876	1,137	0,893	1,977	-22,72	-12,31	-22,87	-13,45
01/10/2026 15:37:24	V0.04	43	ANTIHORARIO	20000	16	32,489	0,998	32,68	0,042	0,0099	0,9587	0,9597	0,405	0,664	2,046	-22,37	-12,71	-22,5	-12,82
01/10/2026 15:37:27	V0.04	43	ANTIHORARIO	20000	17	32,507	0,963	31,027	0,0421	0,0352	0,9788	0,9803	1,557	1,763	2,473	-21,44	-10,88	-21,41	-12,67
01/10/2026 15:37:29	V0.04	43	ANTIHORARIO	20000	18	32,519	0,857	28,498	0,0162	0,0276	0,9896	0,9901	1,893	1,74	0,466	-22,86	-13,18	-22,99	-13,6
01/10/2026 15:37:31	V0.04	43	ANTIHORARIO	20000	19	32,499	0,964	31,124	0,0691	0,006	0,9648	0,9673	0,603	0,023	2,053	-21,41	-10,81	-21,4	-11,58
01/10/2026 15:37:33	V0.04	43	ANTIHORARIO	20000	20	32,525	0,855	28,79	0,0919	0,0128	0,9324	0,937	1,122	1,87	0,282	-22,1	-11,99	-22,43	-13,16
01/10/2026 15:45:14	V0.04	44	HORARIO	15000	1	32,435	0,955	31,708	0,1012	0,0248	0,9245	0,9304	3,074	8,482	6,604	-26,18	-16,18	-25,1	-14,63
01/10/2026 15:45:16	V0.04	44	HORARIO	15000	2	32,441	0,911	30,929	0,075	0,0022	0,9178	0,9209	2,641	3,427	3,809	-26,52	-18,51	-25,44	-17,44
01/10/2026 15:45:18	V0.04	44	HORARIO	15000	3	32,451	0,887	29,373	0,0474	0,0189	0,8727	0,8742	1,397	3,351	0,267	-26,4	-17,16	-25,31	-17,6
01/10/2026 15:45:20	V0.04	44	HORARIO	15000	4	32,454	0,884	29,665	0,0601	0,0127	0,9659	0,9678	1,969	1,969	1,969	-26,37	-18,16	-24,93	-17,01
01/10/2026 15:45:22	V0.04	44	HORARIO	15000	5	32,462	0,893	28,984	0,0627	0,0179	0,9308	0,9331	0,611	2,076	1,191	-26,63	-19,34	-25,44	-17,25
01/10/2026 15:45:25	V0.04	44	HORARIO	15000	6	32,466	0,866	29,568	0,0789	0,005	0,9393	0,9426	2,076	2,374	1,29	-26,25	-18,73	-25,37	-17,93
01/10/2026 15:45:26	V0.04	44	HORARIO	15000	7	32,454	0,917	30,054	0,0664	0,009	0,8854	0,8879	1,45	1,885	0,099	-26,32	-18,73	-25,63	-16,89
01/10/2026 15:45:29	V0.04	44	HORARIO	15000	8	32,451	0,946	32,097	0,0374	0,0023	0,9221	0,9229	2,374	3,267	0,939	-26,6	-19,03	-25,85	-17,79
01/10/2026 15:45:31	V0.04	44	HORARIO	15000	9	32,451	0,97	31,513	0,0562	0,0012	0,928	0,9297	2,771	3,809	1,069	-26,77	-18,77	-25,65	-17,79
01/10/2026 15:45:33	V0.04	44	HORARIO	15000	10	32,449	0,937	31,124	0,0162	0,0176	0,9159	0,9162	0,588	3,649	1,145	-26,72	-19,26	-25,5	-16,57
01/10/2026 15:45:36	V0.04	44	HORARIO	15000	11	32,473	0,882	29,373	0	0	0	0	0	0	0	-26,69	-19,99	-25,78	-18,41
01/10/2026 15:45:38	V0.04	44	HORARIO	15000	12	32,483	0,863	27,428	0,0303	0,0161	0,8938	0,8945	1,786	0,748	0,588	-26,55	-18,77	-25,6	-17,22
01/10/2026 15:45:40	V0.04	44	HORARIO	15000	13	32,49	0,847	27,233	0,0481	0,0067	0,9246	0,9258	1,939	1,55	0,321	-26,57	-19,5	-25,9	-17,57
01/10/2026 15:45:42	V0.04	44	HORARIO	15000	14	32,487	0,855	28,887	0,036	0,0076	0,9497	0,9504	0,809	2,718	0,855	-25,72	-16,89	-24,78	-16,15
01/10/2026 15:45:44	V0.04	44	HORARIO	15000	15	32,488	0,912	28,887	0,0488	0,0035	0,8815	0,8828	2,45	0,015	1,649	-26,51	-18,91	-25,81	-16,8
01/10/2026 15:45:47	V0.04	44	HORARIO	15000	16	32,474	0,924	31,805	0,0487	0,011	0,9144	0,9158	2,748	5,351	0,153	-26,83	-19,38	-25,88	-17,73
01/10/2026 15:45:48	V0.04	44	HORARIO	15000	17	32,46	0,953	30,929	0,0236	0,0419	0,8932	0,8945	1,069	1,405	1,695	-26,25	-17,99	-25,72	-17,57
01/10/2026 15:45:50	V0.04	44	HORARIO	15000	18	32,48	0,923	31,513	0,0789	0,0077	0,9523	0,9556	3,031	2,237	1,198	-26,53	-18,16	-25,26	-17,6
01/10/2026 15:45:52	V0.04	44	HORARIO	15000	19	32,466	0,951	31,027	0,0142	0,0192	0,922	0,9223	1,947	0,611	1,031	-26,8	-19,46	-25,82	-17,73
01/10/2026 15:45:54	V0.04	44	HORARIO	15000	20	32,496	0,888	29,762	0,0209	0,033	0,8993	0,9001	0,802	1,473	1,031	-26,77	-19,42	-25,94	-17,28
01/10/2026 15:46:02	V0.04	44	ANTIHORARIO	15000	1	32,469	0,928	30,346	0,0766	0,0167	0,9132	0,9166	5,04	4,335	7,61	-26,03	-15,8	-24,71	-13,78
01/10/2026 15:46:03	V0.04	44	ANTIHORARIO	15000	2	32,478	0,859	27,817	0,0333	0,0015	0,9027	0,9033	1,153	1,794	1,687	-26,45	-18,73	-25,14	-16,77
01/10/2026 15:46:05	V0.04	44	ANTIHORARIO	15000	3	32,469	0,923	30,735	0,0554	0,0101	0,9176	0,9193	0,817	2,137	3,855	-26,11	-18,09	-24,58	-15,65
01/10/2026 15:46:08	V0.04	44	ANTIHORARIO	15000	4	32,454	0,98	31,999	0,0928	0,0023	0,9536	0,9581	0,878	0,023	0,198	-26,14	-16,92	-24,47	-14,72
01/10/2026 15:46:10	V0.04	44	ANTIHORARIO	15000	5	32,493	0,862	28,984	0,0713	0,0145	0,9025	0,9054	2,466	2,137	0,366	-26,29	-17,41	-24,73	-16,54
01/10/2026 15:46:12	V0.04	44	ANTIHORARIO	15000	6	32,481	0,913	29,568	0,0471	0,014	0,9058	0,9071	1,779	2,099	1,878	-26,31	-17,5	-25,17	-16,95
01/10/2026 15:46:14	V0.04	44	ANTIHORARIO	15000	7	32,475	0,915	29,957	0,0107	0,0024	0,9103	0,9103	0,802	4,786	0,122	-26,09	-17,99	-24,43	-16,62
01/10/2026 15:46:16	V0.04	44	ANTIHORARIO	15000	8	32,505	0,813	27,428	0,1246	0,0247	0,947	0,9555	3,618	6,076	0,16	-26,64	-19,26	-24,91	-17,34
01/10/2026 15:46:19	V0.04	44	ANTIHORARIO	15000	9	32,507	0,83	28,498	0,0958	0,0115	0,9403	0,9452	3,527	5,588	0,168	-26,09	-18,44	-24,4	-15,39
01/10/2026 15:46:21	V0.04	44	ANTIHORARIO	15000	10	32,51	0,826	27,136	0,1241	0,0142	0,9495	0,9576	1,305	0,038	0,13	-26,48	-18,73	-24,55	-16,57
01/10/2026 15:46:23	V0.04	44	ANTIHORARIO	15000	11	32,471	0,976	31,805	0,0308	0,0093	0,8943	0,8949	0,389	1,069	1,481	-26,57	-19,66	-24,48	-16,18
01/10/2026 15:46:25	V0.04	44	ANTIHORARIO	15000	12	32,521	0,807	25,969	0,0402	0,0007	0,8749	0,8758	1,969	1,969	1,969	-26,45	-17,96	-24,69	-16,12
01/10/2026 15:46:27	V0.04	44	ANTIHORARIO	15000	13	32,512	0,844	28,595	0,0697	0,0155	0,9319	0,9346	2,733	3,305	1,275	-26,33	-17,41	-24,31	-15,54
01/10/2026 15:46:30	V0.04	44	ANTIHORARIO	15000	14	32,491	0,891	28,984	0,0992	0,0068	0,9384	0,9436	2,389	1,481	1,603	-26,46	-18,44	-24,37	-15,24
01/10/2026 15:46:31	V0.04	44	ANTIHORARIO	15000	15	32,48	0,969	31,708	0,0709	0,0135	0,9492	0,952	2,008	2,74	0,023	-26,34	-18,09	-24,39	-17,01
01/10/2026 15:46:33	V0.04	44	ANTIHORARIO	15000	16	32,487	0,935	30,638	0,0692	0,0226	0,0157	0,0745	1,969	3,931	3,931	-26,45	-18,06	-24,92	-15,88
01/10/2026 15:46:35	V0.04	44	ANTIHORARIO	15000	17	32,497	0,878	28,498	0,1005	0,0123	0,9312	0,9366	1,046	0,618	0,092	-26,29	-17,6	-24,42	-15,12
01/10/2026 15:46:37	V0.04	44	ANTIHORARIO	15000	18	32,532	0,804	27,331	0,0457	0,028	0,9481	0,9496	1,55	1,55	1,473	-26,16	-16,74	-24,16	-15,62
01/10/2026 15:46:39	V0.04	44	ANTIHORARIO	15000	19	32,516	0,81	26,844	0,0366	0,0128	0,903	0,9038	0,962	3,29	1,382	-26,57	-19,03	-24,4	-16,4
01/10/2026 15:46:41	V0.04	44	ANTIHORARIO	15000	20	32,511	0,836	28,109	0,1014	0,0173	0,9437	0,9493	0,939	2,885	1,55	-26,39	-18,84	-24,4	-15,67
01/10/2026 15:46:50	V0.04	44	HORARIO	20000	1	32,509	0,909	29,373	0,0781	0,0246	0,9189	0,9226	4,565	8,383	9,61	-26,46	-16,77	-25,62	-15,15
01/10/2026 15:46:52	V0.04	44	HORARIO	20000	2	32,501	0,913	31,124	0,0665	0,0013	0,9689	0,9712	7,855	7,855	7,855	-26,61	-18,95	-26,03	-17,5
01/10/2026 15:46:54	V0.04	44	HORARIO	20000	3	32,498	0,913	30,832	0,0524	0,0039	0,9541	0,9555	2,328	0,954	0,084	-26,61	-19,26	-25,82	-17,93
01/10/2026 15:46:56	V0.04	44	HORARIO	20000	4	32,507	0,88	29,471	0,0264	0,0032	0,9283	0,9287	0,771	2,74	0,71	-26,54	-18,69	-26,04	-16,89
01/10/2026 15:46:59	V0.04	44	HORARIO	20000	5	32,49	0,982	31,319	0,0304	0,0123	0,9164	0,917	1,832	1,802	1,55	-26,49	-19,3	-25,6	-16,34
01/10/2026 15:47:01	V0.04	44	HORARIO	20000	6	32,502	0,918	30,443	0,0863	0,0103	0,8905	0,8947	1,382	1,031	0,237	-26,72	-18,13	-25,76	-16,98
01/10/2026 15:47:03	V0.04	44	HORARIO	20000	7	32,494	0,985	33,166	0,0812	0,0092	0,9846	0,988	0,733	1,031	0,748	-26,33	-19,03	-24,71	-15,88
01/10/2026 15:47:05	V0.04	44	HORARIO	20000	8	32,499	0,93	31,416	0,0463	0,0121	0,9127	0,914	2,267	0,496	1,527	-26,53	-18,91	-25,21	-16,92
01/10/2026 15:47:06	V0.04	44	HORARIO	20000	9	32,49	0,949	31,902	0,0255	0,0031	0,9352	0,9355	2,504	0,969	2,061	-26,72	-19,78	-25,73	-17,44
01/10/2026 15:47:09	V0.04	44	HORARIO	20000	10	32,513	0,912	29,665	0	0	0	0	0	0	0	-26,71	-19,38	-25,76	-17,5
01/10/2026 15:47:11	V0.04	44	HORARIO	20000	11	32,509	0,915	30,249	0,0742	0,0066	0,9172	0,9203	0,985	1,198	1,466	-26,89	-19,62	-25,61	-17,19
01/10/2026 15:47:13	V0.04	44	HORARIO	20000	12	32,485	0,968	32,68	0,0234	0,011	0,9498	0,9502	0,832	2,237	1,603	-26,57	-19,1	-25,97	-17,63
01/10/2026 15:47:15	V0.04	44	HORARIO	20000	13	32,493	1,007	33,069	0,0848	0,0314	0,9847	0,9889	2,344	2,634	1,13	-26,6	-20,07	-25,99	-16,8
01/10/2026 15:47:17	V0.04	44	HORARIO	20000	14	32,485	0,994	33,069	0	0	0	0	0	0	0	-26,66	-18,16	-25,83	-17,63
01/10/2026 15:47:19	V0.04	44	HORARIO	20000	15	32,51	0,943	29,957	0,0463	0,0082	0,9447	0,9459	2,198	2,221	1,885	-26,81	-19,74	-25,64	-17,83
01/10/2026 15:47:21	V0.04	44	HORARIO	20000	16	32,525	0,903	28,984	0,0964	0,0039	0,9576	0,9625	1,053	0,382	0,176	-26,56	-18,23	-25,23	-17,16
01/10/2026 15:47:24	V0.04	44	HORARIO	20000	17	32,516	0,927	29,665	0,0261	0,0288	0,8619	0,8628	1,947	2,084	0,885	-26,49	-19,5	-25,18	-16,89
01/10/2026 15:47:25	V0.04	44	HORARIO	20000	18	32,488	0,995	31,999	0,088	0,0232	1,0334	1,0374	1,969	1,122	1,366	-26,71	-19,74	-25,92	-17,5
01/10/2026 15:47:27	V0.04	44	HORARIO	20000	19	32,513	0,901	31,513	0,0621	0,0033	0,9562	0,9582	0,962	0,771	1,252	-26,61	-18,77	-25,64	-17,6
01/10/2026 15:47:29	V0.04	44	HORARIO	20000	20	32,513	0,934	30,443	0,099	0,0253	0,9851	0,9904	1,458	1,939	0,87	-26,76	-19,42	-25,99	-17,73
01/10/2026 15:47:37	V0.04	44	ANTIHORARIO	20000	1	32,507	0,899	29,665	0,0805	0,0175	0,9185	0,9222	3,916	8,391	9,397	-26,1	-15,96	-24,7	-13,3
01/10/2026 15:47:38	V0.04	44	ANTIHORARIO	20000	2	32,499	0,894	29,957	0,0172	0,0016	0,8943	0,8945	0,115	4,176	0,511	-26,47	-18,58	-24,9	-16,4
01/10/2026 15:47:40	V0.04	44	ANTIHORARIO	20000	3	32,524	0,882	28,887	0,0415	0,0159	0,889	0,8901	2,16	0,618	0,496	-26,46	-18,55	-24,87	-15,85
01/10/2026 15:47:42	V0.04	44	ANTIHORARIO	20000	4	32,497	0,952	31,902	0,0144	0,0027	0,9039	0,904	1,008	1,137	0,282	-26,61	-18,69	-24,94	-16,71
01/10/2026 15:47:47	V0.04	44	ANTIHORARIO	20000	5	32,489	0,972	31,902	0,1472	0,0165	0,9569	0,9683	0,885	1,183	1,649	-26,59	-19,62	-25,23	-16,23
01/10/2026 15:47:48	V0.04	44	ANTIHORARIO	20000	6	32,5	0,917	30,346	0,1495	0,0142	0,9447	0,9566	1,969	1,969	1,969	-26,63	-19,5	-24,71	-15,54
01/10/2026 15:47:50	V0.04	44	ANTIHORARIO	20000	7	32,526	0,855	27,331	0,0442	0,0062	0,8942	0,8953	2,137	0,763	2,458	-26,64	-19,78	-24,34	-15,7
01/10/2026 15:47:54	V0.04	44	ANTIHORARIO	20000	8	32,492	0,973	31,902	0	0	0	0	0	0	0	-26,36	-17,79	-24,7	-15,34
01/10/2026 15:47:54	V0.04	44	ANTIHORARIO	20000	9	32,495	0,911	29,373	0,0759	0,0027	0,9502	0,9532	0,015	1,969	1,969	-26,32	-18,8	-24,16	-15,05
01/10/2026 15:47:56	V0.04	44	ANTIHORARIO	20000	10	32,524	0,846	28,595	0,0792	0,0004	0,9325	0,9359	1,015	3,55	0,397	-25,47	-17,89	-24,56	-15,27
01/10/2026 15:47:58	V0.04	44	ANTIHORARIO	20000	11	32,533	0,883	29,179	0,021	0,0221	0,9293	0,9298	2,71	2,305	0,153	-26,51	-18,37	-24,69	-16,29
01/10/2026 15:48:02	V0.04	44	ANTIHORARIO	20000	12	32,517	0,857	28,401	0,0367	0,0106	0,9017	0,9025	2	2,015	1,878	-26,18	-18,23	-24,41	-14,49
01/10/2026 15:48:02	V0.04	44	ANTIHORARIO	20000	13	32,495	0,946	30,929	0,0531	0,0094	0,9396	0,9411	1,023	2,183	2,511	-26,45	-19,1	-24,78	-15,24
01/10/2026 15:48:06	V0.04	44	ANTIHORARIO	20000	14	32,524	0,855	27,623	0,0768	0,0046	0,9363	0,9394	1,42	0,389	1,511	-26,57	-18,66	-24,69	-15,83
01/10/2026 15:48:07	V0.04	44	ANTIHORARIO	20000	15	32,513	0,923	30,929	0,1156	0,0359	0,9377	0,9455	2,221	1,015	0,42	-26,61	-19,46	-24,52	-16,51
01/10/2026 15:48:09	V0.04	44	ANTIHORARIO	20000	16	32,518	0,871	28,887	0,1329	0,0135	0,9434	0,9528	1,87	0,802	1,275	-26,33	-18,03	-24,33	-15,75
01/10/2026 15:48:11	V0.04	44	ANTIHORARIO	20000	17	32,522	0,846	27,914	0,0929	0,01	0,965	0,9695	1,382	1,244	1,55	-26,41	-18,73	-24,54	-16,01
01/10/2026 15:48:13	V0.04	44	ANTIHORARIO	20000	18	32,502	0,947	31,416	0,0321	0,0001	0,0157	0,0358	1,969	1,969	1,969	-26,77	-19,14	-24,86	-15,88
01/10/2026 15:48:15	V0.04	44	ANTIHORARIO	20000	19	32,51	0,936	31,027	0,0331	0,0065	0,9028	0,9035	1,282	0,015	1,969	-26,57	-19,3	-25,05	-16,37
01/10/2026 15:48:17	V0.04	44	ANTIHORARIO	20000	20	32,504	0,943	31,027	0,0143	0,0219	0,9154	0,9158	1,267	0,496	0,588	-26,52	-19,03	-24,66	-15,8
01/10/2026 15:52:20	V0.04	45	HORARIO	15000	1	32,451	0,888	29,471	0,0738	0,0396	0,9231	0,9269	3,533	5,578	6,139	-23,03	-10,58	-24,14	-12,62
01/10/2026 15:52:22	V0.04	45	HORARIO	15000	2	32,441	0,958	31,221	0,0802	0,027	0,8716	0,8757	2,725	0,244	1,221	-23,65	-13,68	-24,55	-14,65
01/10/2026 15:52:24	V0.04	45	HORARIO	15000	3	32,452	0,914	29,762	0,1073	0,0432	0,9828	0,9896	2,756	0,038	1,069	-24,29	-14,95	-24,62	-14,34
01/10/2026 15:52:26	V0.04	45	HORARIO	15000	4	32,463	0,899	28,595	0,0731	0,0182	0,9608	0,9638	0,305	1,366	0,427	-23,83	-15,22	-24,7	-14,58
01/10/2026 15:52:29	V0.04	45	HORARIO	15000	5	32,458	0,905	29,762	0,0543	0,0002	0,0157	0,0566	1,969	1,969	1,969	-24,21	-13,72	-24,51	-14,93
01/10/2026 15:52:30	V0.04	45	HORARIO	15000	6	32,457	0,927	30,54	0,0743	0,0123	1,0188	1,0216	1,672	1,649	0,053	-23,36	-15,44	-23,79	-13,12
01/10/2026 15:52:32	V0.04	45	HORARIO	15000	7	32,462	0,911	29,665	0	0	0	0	0	0	0	-22,37	-11,76	-23,86	-15,22
01/10/2026 15:52:34	V0.04	45	HORARIO	15000	8	32,462	0,922	29,762	0,0491	0,0103	0,9586	0,9599	0,763	2,511	0,878	-22,42	-12,21	-23,94	-13,08
01/10/2026 15:52:37	V0.04	45	HORARIO	15000	9	32,465	0,907	30,443	0,0464	0,0046	0,9532	0,9544	0,176	2,71	0,939	-22,57	-12,01	-23,69	-14,38
01/10/2026 15:52:39	V0.04	45	HORARIO	15000	10	32,473	0,88	29,081	0,0531	0,0192	0,9501	0,9517	1,237	0,519	1,557	-22,53	-13,1	-23,13	-14,34
01/10/2026 15:52:41	V0.04	45	HORARIO	15000	11	32,464	0,924	30,638	0,0262	0,033	0,9695	0,9704	0,74	3,45	1,679	-21,74	-12,73	-24,2	-15,42
01/10/2026 15:52:44	V0.04	45	HORARIO	15000	12	32,463	0,965	31,416	0,0582	0,0332	0,7655	0,7684	2,282	1,275	0,046	-21,89	-13,1	-23,52	-13,43
01/10/2026 15:52:45	V0.04	45	HORARIO	15000	13	32,468	0,928	31,124	0,0404	0,0634	0,9259	0,9289	1,733	0,084	1,42	-23,02	-14,01	-24,08	-14,95
01/10/2026 15:52:47	V0.04	45	HORARIO	15000	14	32,48	0,874	28,692	0,0629	0,022	0,9312	0,9335	1,29	1,466	0,748	-22,08	-11,82	-24,11	-14,25
01/10/2026 15:52:49	V0.04	45	HORARIO	15000	15	32,477	0,903	29,86	0,0883	0,0457	0,9563	0,9614	0,305	1,794	1,16	-23,32	-13,41	-23,48	-13,97
01/10/2026 15:52:51	V0.04	45	HORARIO	15000	16	32,495	0,878	28,692	0,0504	0,0005	0,906	0,9074	3	3,565	2,58	-22,68	-14,01	-23,91	-14,27
01/10/2026 15:52:53	V0.04	45	HORARIO	15000	17	32,49	0,878	28,984	0,0787	0,016	0,9128	0,9164	1,756	1,45	0,832	-23,36	-14,23	-23,8	-15
01/10/2026 15:52:55	V0.04	45	HORARIO	15000	18	32,475	0,914	29,86	0,0714	0,0522	0,9652	0,9693	0,443	1,771	0,71	-23,42	-14,36	-24,26	-15,57
01/10/2026 15:52:59	V0.04	45	HORARIO	15000	19	32,489	0,907	29,568	0,0625	0,0238	1,0167	1,0189	2,595	2,664	0,756	-23,28	-13,34	-23,88	-14,98
01/10/2026 15:53:00	V0.04	45	HORARIO	15000	20	32,502	0,88	28,887	0,0527	0,0228	0,843	0,845	2,107	1,756	1,557	-22,24	-13,8	-23,69	-13,99
01/10/2026 15:53:07	V0.04	45	ANTIHORARIO	15000	1	32,51	0,799	26,066	0,0945	0,0296	0,8987	0,9042	3,434	5,426	5,817	-21,87	-9,9	-23,02	-11,15
01/10/2026 15:53:09	V0.04	45	ANTIHORARIO	15000	2	32,51	0,778	25,288	0,0804	0,0287	0,9266	0,9306	1,298	3,382	3,13	-22,26	-11,56	-23,2	-13,47
01/10/2026 15:53:11	V0.04	45	ANTIHORARIO	15000	3	32,487	0,869	28,595	0,0658	0,0022	0,924	0,9263	1,366	0,863	0,74	-22,45	-12,3	-23,47	-14,03
01/10/2026 15:53:14	V0.04	45	ANTIHORARIO	15000	4	32,509	0,792	26,553	0,0326	0,0085	0,9323	0,9329	1,809	0,977	0,466	-22,25	-12,04	-23,79	-14,23
01/10/2026 15:53:16	V0.04	45	ANTIHORARIO	15000	5	32,519	0,775	25,677	0,161	0,0419	0,9362	0,9508	2,023	0,015	1,969	-21,41	-11,71	-22,93	-12,44
01/10/2026 15:53:18	V0.04	45	ANTIHORARIO	15000	6	32,475	0,941	30,638	0,0707	0,0189	0,9496	0,9524	1,832	3,908	1,29	-22,35	-12,26	-23,34	-14,43
01/10/2026 15:53:20	V0.04	45	ANTIHORARIO	15000	7	32,492	0,854	27,817	0,151	0,0359	0,913	0,9261	1,031	0,137	2,748	-22,89	-11,5	-23,17	-13,56
01/10/2026 15:53:23	V0.04	45	ANTIHORARIO	15000	8	32,495	0,899	29,179	0,0131	0,0043	0,9008	0,9009	2,565	0,656	1,351	-21,52	-11,12	-23,21	-14,29
01/10/2026 15:53:24	V0.04	45	ANTIHORARIO	15000	9	32,51	0,84	26,942	0,0731	0,0402	0,9031	0,9069	1,427	2,26	1,763	-22,08	-12,84	-23,76	-14,84
01/10/2026 15:53:26	V0.04	45	ANTIHORARIO	15000	10	32,509	0,795	25,872	0,0839	0,0328	0,9006	0,9051	2,458	3,924	1,969	-22,73	-11,21	-22,12	-13,12
01/10/2026 15:53:28	V0.04	45	ANTIHORARIO	15000	11	32,51	0,825	27,72	0,0223	0,0135	0,9104	0,9108	1,099	4,031	1,817	-22,8	-12,4	-22,9	-13,62
01/10/2026 15:53:32	V0.04	45	ANTIHORARIO	15000	12	32,511	0,795	26,553	0,1002	0,0266	0,9128	0,9187	2,389	1,786	0,496	-22,27	-10,96	-22,76	-14,01
01/10/2026 15:53:33	V0.04	45	ANTIHORARIO	15000	13	32,517	0,774	25,483	0,0916	0,0354	0,9066	0,9119	1,969	1,969	1,969	-22,26	-12,95	-23,61	-14,98
01/10/2026 15:53:35	V0.04	45	ANTIHORARIO	15000	14	32,521	0,798	26,066	0,0704	0,0077	0,9215	0,9242	1,168	0,756	0,328	-22,17	-12,16	-23,97	-13,88
01/10/2026 15:53:38	V0.04	45	ANTIHORARIO	15000	15	32,514	0,798	26,65	0,0322	0,0066	0,9225	0,9231	2,198	2,588	0,191	-22,08	-12,51	-24	-15,05
01/10/2026 15:53:40	V0.04	45	ANTIHORARIO	15000	16	32,5	0,871	28,79	0,1782	0,0551	0,9187	0,9374	2,45	3,366	1,733	-22,01	-13,05	-23,52	-14,88
01/10/2026 15:53:42	V0.04	45	ANTIHORARIO	15000	17	32,475	0,965	31,999	0,1621	0,0465	0,9185	0,9338	0,824	1,412	1,802	-21,99	-12,09	-23,61	-14,4
01/10/2026 15:53:44	V0.04	45	ANTIHORARIO	15000	18	32,49	0,92	30,443	0,0748	0,0216	0,9172	0,9205	1,832	0,878	1,679	-22,25	-12,49	-23,84	-14,95
01/10/2026 15:53:46	V0.04	45	ANTIHORARIO	15000	19	32,499	0,88	29,276	0,1042	0,0083	0,9038	0,9098	3,221	1,412	2,198	-22,3	-13,82	-23,56	-14,03
01/10/2026 15:53:48	V0.04	45	ANTIHORARIO	15000	20	32,514	0,811	27,233	0,0211	0,0092	0,9287	0,929	1,847	0,855	1,061	-22,71	-12,6	-23,18	-13,58
01/10/2026 15:53:55	V0.04	45	HORARIO	20000	1	32,503	0,925	30,929	0,0622	0,0334	0,9267	0,9294	4,204	4,937	8,805	-22,99	-12,07	-23,75	-10,87
01/10/2026 15:53:57	V0.04	45	HORARIO	20000	2	32,477	0,972	31,902	0,0951	0,0215	0,8405	0,8461	3,137	1,969	1,969	-23,1	-14,14	-23,77	-13,05
01/10/2026 15:54:00	V0.04	45	HORARIO	20000	3	32,544	0,784	25,385	0,0266	0,0452	0,9303	0,9318	0,176	0,298	3,534	-23,87	-13,97	-23,92	-12,18
01/10/2026 15:54:01	V0.04	45	HORARIO	20000	4	32,501	0,883	29,471	0,079	0,0142	0,8544	0,8581	1,061	2,229	0,74	-23,34	-14,1	-23,85	-13,16
01/10/2026 15:54:03	V0.04	45	HORARIO	20000	5	32,504	0,88	28,206	0,0553	0,0377	0,9733	0,9756	0,931	2,206	2,481	-23,13	-13,99	-23,84	-12,84
01/10/2026 15:54:05	V0.04	45	HORARIO	20000	6	32,549	0,764	25,677	0,0646	0,0221	0,9299	0,9324	1,298	0,733	1,672	-23,43	-14,86	-23,79	-13,6
01/10/2026 15:54:07	V0.04	45	HORARIO	20000	7	32,536	0,82	26,844	0,0405	0,0449	1,0156	1,0174	0,985	2,191	1,656	-23,83	-13,95	-24,1	-14,67
01/10/2026 15:54:09	V0.04	45	HORARIO	20000	8	32,533	0,82	28,303	0,0698	0,0298	0,9833	0,9862	1,115	2,42	1,824	-23,84	-13,7	-24,08	-14,84
01/10/2026 15:54:12	V0.04	45	HORARIO	20000	9	32,48	0,99	33,361	0	0	0	0	0	0	0	-23,29	-13,99	-24,1	-14,67
01/10/2026 15:54:14	V0.04	45	HORARIO	20000	10	32,511	0,882	27,914	0,0636	0,0299	0,7706	0,7738	2,443	0,542	1,328	-22,66	-13,06	-23,73	-15,05
01/10/2026 15:54:16	V0.04	45	HORARIO	20000	11	32,504	0,911	29,471	0,0494	0,0488	0,7551	0,7583	1,672	0,351	0,137	-23,1	-13,22	-23,97	-14,67
01/10/2026 15:54:18	V0.04	45	HORARIO	20000	12	32,515	0,892	29,081	0,0643	0,0048	0,8553	0,8578	1,504	1,947	2,504	-23,35	-14,38	-24,11	-14,98
01/10/2026 15:54:20	V0.04	45	HORARIO	20000	13	32,509	0,882	29,081	0,0635	0,0253	0,9985	1,0009	1,847	1,573	1,832	-22,81	-14,27	-24,14	-12,06
01/10/2026 15:54:22	V0.04	45	HORARIO	20000	14	32,548	0,786	26,066	0,0585	0,0107	0,8923	0,8943	2,221	1,893	1,725	-22,83	-12,6	-23,57	-14,67
01/10/2026 15:54:24	V0.04	45	HORARIO	20000	15	32,542	0,813	27,136	0,0574	0,0352	0,8987	0,9012	2,145	0,824	1,802	-22,99	-14,14	-24,05	-15,07
01/10/2026 15:54:27	V0.04	45	HORARIO	20000	16	32,485	1,006	32,875	0,0444	0,0032	0,858	0,8592	2,321	1,183	0,595	-21,71	-13,08	-24,03	-15,29
01/10/2026 15:54:29	V0.04	45	HORARIO	20000	17	32,494	0,943	30,929	0,0576	0,017	0,8185	0,8207	2,527	1,45	0,145	-22,33	-12,93	-23,57	-14,38
01/10/2026 15:54:31	V0.04	45	HORARIO	20000	18	32,513	0,888	29,957	0,0706	0,0349	0,9474	0,9507	1,542	1,534	0,153	-23,44	-14,05	-24,05	-13,99
01/10/2026 15:54:32	V0.04	45	HORARIO	20000	19	32,512	0,912	30,443	0,0729	0,0094	1	1,0027	2,748	2,84	0,076	-22,52	-14,25	-23,6	-13,49
01/10/2026 15:54:34	V0.04	45	HORARIO	20000	20	32,489	0,976	32,097	0,0243	0,0308	1,031	1,0318	1,206	0,099	1,336	-23	-13,08	-24,16	-14,7
01/10/2026 15:54:43	V0.04	45	ANTIHORARIO	20000	1	32,522	0,808	26,358	0,0861	0,0257	0,9126	0,917	2,822	8,554	7,087	-22,39	-10,99	-23,18	-12,01
01/10/2026 15:54:45	V0.04	45	ANTIHORARIO	20000	2	32,521	0,849	28,206	0,0352	0,0022	0,8916	0,8923	3,74	2,634	3,015	-22,8	-13,8	-23,73	-14,67
01/10/2026 15:54:47	V0.04	45	ANTIHORARIO	20000	3	32,518	0,854	28,012	0,0555	0,0095	0,9651	0,9667	2,015	2,214	0,809	-23,1	-13,05	-23,81	-14,29
01/10/2026 15:54:49	V0.04	45	ANTIHORARIO	20000	4	32,484	1,01	32,583	0,1537	0,0408	0,9241	0,9377	1,183	0,298	1,992	-22,95	-12,07	-23,52	-13,6
01/10/2026 15:54:50	V0.04	45	ANTIHORARIO	20000	5	32,522	0,843	27,428	0,1538	0,0463	0,9545	0,9679	2,076	0,015	1,916	-23,08	-13,47	-23,45	-13,6
01/10/2026 15:54:52	V0.04	45	ANTIHORARIO	20000	6	32,507	0,887	29,373	0	0	0	0	0	0	0	-22,01	-13,34	-23,1	-12,97
01/10/2026 15:54:55	V0.04	45	ANTIHORARIO	20000	7	32,507	0,894	29,86	0,1824	0,0385	0,9448	0,963	3,42	3,924	1,969	-22,99	-14,14	-23,29	-14,29
01/10/2026 15:54:56	V0.04	45	ANTIHORARIO	20000	8	32,523	0,804	26,747	0,0354	0,0021	0,9342	0,9349	1,145	1,252	0,397	-23,76	-12,93	-22,56	-13,88
01/10/2026 15:55:01	V0.04	45	ANTIHORARIO	20000	9	32,514	0,893	29,471	0,1423	0,0339	0,9532	0,9644	2,473	0,16	1,672	-22,63	-14,49	-23,6	-14,21
01/10/2026 15:55:01	V0.04	45	ANTIHORARIO	20000	10	32,502	0,923	30,638	0,0717	0,0311	0,8883	0,8917	3,321	2,206	1,534	-22,67	-13,08	-23,15	-14,31
01/10/2026 15:55:02	V0.04	45	ANTIHORARIO	20000	11	32,496	0,956	31,221	0,1783	0,042	0,9303	0,9482	1,756	1,863	0,908	-20,78	-11,74	-22,42	-12,64
01/10/2026 15:55:06	V0.04	45	ANTIHORARIO	20000	13	32,526	0,851	27,914	0,121	0,0342	0,9193	0,9279	1,328	1,954	0,649	-22,59	-14,29	-23,91	-14,45
01/10/2026 15:55:08	V0.04	45	ANTIHORARIO	20000	14	32,529	0,831	26,844	0,0181	0,0048	0,9117	0,9119	2,26	1,26	0,359	-22,32	-13,78	-23,47	-13,99
01/10/2026 15:55:09	V0.04	45	ANTIHORARIO	20000	15	32,526	0,823	27,72	0,006	0,004	0,9131	0,9131	1,58	1,015	0,359	-22,96	-12,64	-22,8	-13,86
01/10/2026 15:55:11	V0.04	45	ANTIHORARIO	20000	16	32,519	0,873	28,498	0,0227	0,0219	0,99	0,9905	2,344	3,038	1,664	-23,18	-13,45	-22,52	-13,43
01/10/2026 15:55:14	V0.04	45	ANTIHORARIO	20000	17	32,507	0,935	30,832	0,0154	0,009	0,9686	0,9688	1,969	1,969	1,969	-22,61	-12,46	-23,94	-15,57
01/10/2026 15:55:16	V0.04	45	ANTIHORARIO	20000	18	32,513	0,91	29,762	0	0	0	0	0	0	0	-22,89	-13,43	-24,12	-14,16
01/10/2026 15:55:18	V0.04	45	ANTIHORARIO	20000	19	32,523	0,841	27,039	0,1073	0,0266	0,929	0,9355	2,496	2,863	0,252	-22,04	-11,94	-24	-14,61
01/10/2026 15:55:20	V0.04	45	ANTIHORARIO	20000	20	32,518	0,883	29,665	0,1207	0,0376	0,9258	0,9344	3,168	1,679	1,313	-23,11	-12,42	-23,62	-13,58
01/10/2026 16:01:09	V0.04	46	HORARIO	15000	1	32,483	0,718	23,829	0,0704	0,0171	0,9204	0,9233	3,86	5,071	8,081	-25,84	-15,85	-25,66	-14,86
01/10/2026 16:01:12	V0.04	46	HORARIO	15000	2	32,501	0,704	22,468	0,0035	0,0007	0,8973	0,8973	2,221	0,015	0,71	-26,05	-18,16	-25,94	-17,63
01/10/2026 16:01:14	V0.04	46	HORARIO	15000	3	32,507	0,677	21,981	0,0013	0,0114	0,9275	0,9276	1,321	0,618	1,206	-25,85	-17,69	-25,2	-16,4
01/10/2026 16:01:17	V0.04	46	HORARIO	15000	4	32,504	0,658	22,759	0,0684	0,0023	0,9623	0,9647	2,015	0,58	0,45	-25,69	-17,07	-25	-15,7
01/10/2026 16:01:20	V0.04	46	HORARIO	15000	5	32,511	0,674	21,884	0,0424	0,0034	0,886	0,887	1,725	0,809	1,153	-26,34	-17,19	-25,78	-17,04
01/10/2026 16:01:22	V0.04	46	HORARIO	15000	6	32,513	0,667	23,148	0,0327	0,0067	0,8848	0,8854	1,466	0,313	1	-25,11	-16,92	-25,12	-16,09
01/10/2026 16:01:24	V0.04	46	HORARIO	15000	7	32,514	0,659	21,495	0,0126	0,0051	0,887	0,8871	1,374	1,221	1,183	-25,97	-17,83	-25,72	-16,2
01/10/2026 16:01:26	V0.04	46	HORARIO	15000	8	32,52	0,674	23,051	0,093	0,01	0,9254	0,9301	1,664	0,168	1,069	-25,81	-16,89	-25,63	-16,12
01/10/2026 16:01:28	V0.04	46	HORARIO	15000	9	32,516	0,657	21,106	0,0955	0,0157	0,0157	0,0981	1,969	1,969	1,969	-24,99	-15,96	-25,03	-15,03
01/10/2026 16:01:30	V0.04	46	HORARIO	15000	10	32,516	0,707	23,343	0,0049	0,0182	0,9425	0,9427	1,603	0,198	1,046	-25,71	-17,31	-25,28	-17,01
01/10/2026 16:01:32	V0.04	46	HORARIO	15000	11	32,511	0,676	23,148	0,0958	0,0017	0,9542	0,959	1,695	0,061	1,229	-25,92	-17,93	-25,67	-16,92
01/10/2026 16:01:35	V0.04	46	HORARIO	15000	12	32,507	0,687	22,662	0,0234	0,0182	0,9623	0,9627	1,527	0,176	1,191	-25,46	-17,47	-25,12	-15,49
01/10/2026 16:01:37	V0.04	46	HORARIO	15000	13	32,533	0,647	21,787	0	0	0	0	0	0	0	-24,57	-14,03	-24,58	-15,42
01/10/2026 16:01:39	V0.04	46	HORARIO	15000	14	32,52	0,675	21,981	0,0737	0,0135	0,8977	0,9008	1,664	0,137	1,145	-25,42	-17,07	-25,34	-16,77
01/10/2026 16:01:42	V0.04	46	HORARIO	15000	15	32,516	0,683	23,051	0,0074	0,0115	0,9413	0,9414	1,542	0,122	1,084	-25,87	-17,47	-25,71	-17,5
01/10/2026 16:01:44	V0.04	46	HORARIO	15000	16	32,516	0,668	23,148	0,0767	0,0103	0,905	0,9083	1,916	0,802	0,87	-25,77	-17,16	-25,38	-16,57
01/10/2026 16:01:47	V0.04	46	HORARIO	15000	17	32,511	0,714	22,857	0,1047	0,0067	0,9427	0,9486	1,817	0,954	0,924	-25,9	-17,47	-25,17	-16,45
01/10/2026 16:01:50	V0.04	46	HORARIO	15000	18	32,519	0,691	22,273	0,0851	0,0145	0,9005	0,9046	1,901	0,397	1,206	-25,15	-16,2	-25,44	-16,51
01/10/2026 16:01:52	V0.04	46	HORARIO	15000	19	32,536	0,64	21,203	0,0997	0,0044	0,926	0,9314	1,878	0,031	1,191	-25,52	-16,71	-24,96	-16,95
01/10/2026 16:01:54	V0.04	46	HORARIO	15000	20	32,529	0,717	23,246	0,0272	0,0073	0,8855	0,8859	1,71	1,053	1,237	-25,26	-16,83	-24,92	-14,95
01/10/2026 16:02:01	V0.04	46	ANTIHORARIO	15000	1	32,539	0,613	19,744	0,0755	0,0165	0,9133	0,9165	2,862	4,234	8,314	-25,89	-16,31	-25,89	-15,78
01/10/2026 16:02:04	V0.04	46	ANTIHORARIO	15000	2	32,541	0,579	20,133	0,02	0,0201	0,9623	0,9627	1,565	1,053	2,809	-26,46	-18,3	-26,02	-17,63
01/10/2026 16:02:06	V0.04	46	ANTIHORARIO	15000	3	32,548	0,572	19,452	0,0894	0,0171	0,9104	0,9149	1,153	0,153	2,038	-26,28	-17,99	-26,46	-17,69
01/10/2026 16:02:08	V0.04	46	ANTIHORARIO	15000	4	32,541	0,576	19,55	0,066	0,0103	0,8922	0,8947	1,565	0,137	1,26	-26,1	-18,3	-26,25	-18,16
01/10/2026 16:02:10	V0.04	46	ANTIHORARIO	15000	5	32,542	0,609	19,842	0,073	0,0056	0,9607	0,9635	1,725	0,611	0,664	-26,23	-18,91	-26,18	-17,86
01/10/2026 16:02:13	V0.04	46	ANTIHORARIO	15000	6	32,544	0,616	20,231	0,0349	0,0151	0,9653	0,9661	1,763	0,244	0,939	-26,18	-19,03	-26,25	-18,16
01/10/2026 16:02:16	V0.04	46	ANTIHORARIO	15000	7	32,548	0,588	18,772	0,0101	0,0164	0,9489	0,949	1,641	0,26	0,969	-26,33	-17,44	-25,96	-17,73
01/10/2026 16:02:19	V0.04	46	ANTIHORARIO	15000	9	32,547	0,605	19,452	0,0935	0,0166	0,9259	0,9308	1,725	0,74	1,023	-25,69	-17,37	-25,35	-16,92
01/10/2026 16:02:20	V0.04	46	ANTIHORARIO	15000	8	32,549	0,568	19,258	0,0604	0,0116	0,957	0,959	1,634	0,229	1,244	-25,81	-17,86	-26,02	-18,06
01/10/2026 16:02:21	V0.04	46	ANTIHORARIO	15000	10	32,549	0,565	19,452	0,0662	0,0081	0,8901	0,8926	1,542	0,13	0,954	-26,31	-18,84	-25,86	-17,57
01/10/2026 16:02:24	V0.04	46	ANTIHORARIO	15000	11	32,555	0,564	19,355	0,0962	0,0006	0,9515	0,9564	1,779	0,756	0,962	-26,34	-18,58	-26,18	-18,41
01/10/2026 16:02:27	V0.04	46	ANTIHORARIO	15000	12	32,549	0,602	20,328	0,0045	0,02	0,923	0,9232	1,58	0,115	1,275	-26,21	-18,8	-25,97	-16,95
01/10/2026 16:02:29	V0.04	46	ANTIHORARIO	15000	13	32,551	0,576	19,258	0,0839	0,0172	0,9011	0,9052	0,015	1,969	1,969	-25,69	-16,98	-25,32	-16,65
01/10/2026 16:02:31	V0.04	46	ANTIHORARIO	15000	14	32,556	0,587	19,452	0,0446	0,0117	0,9619	0,963	1,626	0,084	0,992	-26,3	-18,03	-26,18	-17,93
01/10/2026 16:02:34	V0.04	46	ANTIHORARIO	15000	15	32,549	0,597	19,355	0,0773	0,0046	0,9568	0,9599	1,641	0,038	1,168	-25,86	-17,13	-25,95	-17,73
01/10/2026 16:02:36	V0.04	46	ANTIHORARIO	15000	16	32,555	0,571	19,258	0,0759	0,0178	0,8917	0,8951	1,893	0,634	1,206	-26,18	-18,73	-25,91	-16,95
01/10/2026 16:02:39	V0.04	46	ANTIHORARIO	15000	17	32,559	0,58	19,063	0,0927	0,0182	0,9211	0,926	1,779	0,802	0,824	-26,45	-18,06	-25,88	-17,28
01/10/2026 16:02:42	V0.04	46	ANTIHORARIO	15000	18	32,559	0,603	18,869	0,0525	0,0095	0,9614	0,9629	1,527	0,687	1,076	-26,14	-17,69	-26	-17,96
01/10/2026 16:02:44	V0.04	46	ANTIHORARIO	15000	19	32,555	0,589	19,452	0,0118	0,017	0,9359	0,9361	1,534	0,092	1,008	-25,86	-17,25	-25,86	-16,26
01/10/2026 16:02:46	V0.04	46	ANTIHORARIO	15000	20	32,558	0,587	19,842	0,0958	0,0127	0,9463	0,9512	1,595	0,473	0,969	-26,22	-18,37	-25,99	-18,06
01/10/2026 16:02:54	V0.04	46	HORARIO	20000	1	32,566	0,585	21,3	0,0807	0,0197	0,9048	0,9086	4,544	7,483	8,245	-25,51	-13,82	-25,29	-14,27
01/10/2026 16:02:57	V0.04	46	HORARIO	20000	2	32,554	0,579	20,62	0,0409	0,0103	0,9625	0,9634	2,145	0,664	2,901	-26	-18,37	-25,7	-17,89
01/10/2026 16:02:58	V0.04	46	HORARIO	20000	3	32,55	0,651	20,425	0,1025	0,0065	0,9237	0,9294	2,115	1,29	1,183	-25,68	-16,26	-25,54	-16,71
01/10/2026 16:03:00	V0.04	46	HORARIO	20000	4	32,546	0,677	23,44	0,0775	0,0101	0,9741	0,9773	1,359	0,916	1	-25,74	-16,74	-25,19	-16,34
01/10/2026 16:03:03	V0.04	46	HORARIO	20000	5	32,565	0,641	20,717	0,0133	0,0057	0,9047	0,9048	1,336	0,099	1,229	-25,45	-17,25	-25,43	-15,83
01/10/2026 16:03:05	V0.04	46	HORARIO	20000	6	32,564	0,582	21,3	0,0028	0,0504	0,9254	0,9268	1,374	0,282	1,344	-26,04	-17,96	-25,42	-16,86
01/10/2026 16:03:11	V0.04	46	HORARIO	20000	7	32,568	0,618	21,69	0,0005	0,0293	0,9092	0,9097	1,641	0,412	1,176	-25,82	-15,99	-25,28	-16,43
01/10/2026 16:03:14	V0.04	46	HORARIO	20000	9	32,549	0,667	20,911	0,0731	0,0172	0,9905	0,9933	1,718	1,389	1,023	-25,69	-17,16	-25,54	-15,83
01/10/2026 16:03:14	V0.04	46	HORARIO	20000	8	32,555	0,673	21,981	0,0203	0,0089	0,8873	0,8876	1,58	0,725	1,282	-25,44	-14,67	-25,71	-17,99
01/10/2026 16:03:18	V0.04	46	HORARIO	20000	10	32,541	0,678	22,662	0,0966	0,0082	0,965	0,9698	1,786	1,351	0,87	-26,14	-17,16	-25,66	-17,28
01/10/2026 16:03:20	V0.04	46	HORARIO	20000	11	32,535	0,712	22,759	0,1067	0,047	0,9229	0,9302	1,863	1,069	0,954	-26,09	-17,13	-25,85	-17,19
01/10/2026 16:03:22	V0.04	46	HORARIO	20000	12	32,56	0,645	20,717	0,0731	0,0427	0,9542	0,958	1,84	0,489	1,221	-26,32	-16,74	-26,03	-18,34
01/10/2026 16:03:24	V0.04	46	HORARIO	20000	13	32,572	0,582	20,522	0,004	0,0176	0,8971	0,8973	1,26	1,176	1,282	-25,96	-18,69	-25,77	-18,3
01/10/2026 16:03:26	V0.04	46	HORARIO	20000	14	32,554	0,625	21,203	0,0896	0,0037	0,983	0,9871	1,466	0,031	0,939	-25,72	-17,25	-25,41	-16,54
01/10/2026 16:03:28	V0.04	46	HORARIO	20000	15	32,549	0,655	21,69	0,0038	0,041	0,9675	0,9684	1,115	1,527	1,252	-25,88	-17,41	-25,9	-16,6
01/10/2026 16:03:30	V0.04	46	HORARIO	20000	16	32,54	0,66	23,246	0,0594	0,0131	0,8982	0,9003	1,969	1,969	1,969	-25,82	-17,1	-26,12	-17,99
01/10/2026 16:03:33	V0.04	46	HORARIO	20000	17	32,557	0,684	22,565	0,1046	0,0241	0,0157	0,1085	1,969	1,969	1,969	-25,76	-16,71	-25,64	-16,54
01/10/2026 16:03:36	V0.04	46	HORARIO	20000	18	32,552	0,679	22,954	0,0862	0,0138	0,9758	0,9797	1,969	1,969	1,969	-25,98	-15,85	-26,16	-17,22
01/10/2026 16:03:39	V0.04	46	HORARIO	20000	19	32,568	0,641	21,495	0,0541	0,0215	0,9867	0,9884	1,489	0,176	1,069	-25,26	-16,77	-25,7	-17,13
01/10/2026 16:03:40	V0.04	46	HORARIO	20000	20	32,576	0,607	19,744	0	0	0	0	0	0	0	-25,29	-16,95	-25,53	-16,98
01/10/2026 16:03:47	V0.04	46	ANTIHORARIO	20000	1	32,562	0,568	18,674	0,0674	0,0176	0,8985	0,9012	2,962	6,535	8,347	-25,95	-16,74	-25,79	-15,99
01/10/2026 16:03:49	V0.04	46	ANTIHORARIO	20000	2	32,557	0,589	19,258	0,0615	0,0079	0,8885	0,8907	1,206	1,351	5,282	-26,52	-19,38	-26,19	-17,25
01/10/2026 16:03:52	V0.04	46	ANTIHORARIO	20000	3	32,561	0,6	19,063	0,0276	0,0157	0,0157	0,0355	1,977	3,931	3,931	-26,02	-18,99	-25,77	-17,76
01/10/2026 16:03:55	V0.04	46	ANTIHORARIO	20000	4	32,564	0,591	18,674	0,0187	0,0164	0,9514	0,9517	2,046	0,649	0,176	-26,33	-19,18	-26,16	-17,73
01/10/2026 16:03:58	V0.04	46	ANTIHORARIO	20000	5	32,573	0,557	19,744	0,0758	0,0005	0,9572	0,9602	1,496	0,015	1,969	-26,36	-18,16	-26,1	-17,47
01/10/2026 16:04:01	V0.04	46	ANTIHORARIO	20000	6	32,563	0,555	19,161	0,0374	0,009	0,8882	0,889	1,618	0,649	0,924	-26,28	-18,13	-25,88	-16,98
01/10/2026 16:04:02	V0.04	46	ANTIHORARIO	20000	7	32,566	0,619	19,744	0,0774	0,0061	0,9623	0,9654	1,595	0,031	1,023	-26,07	-18,84	-26,06	-17,37
01/10/2026 16:04:05	V0.04	46	ANTIHORARIO	20000	8	32,572	0,584	18,188	0,0637	0,0072	0,9594	0,9615	1,511	0,275	1,221	-26,27	-17,79	-26,01	-16,62
01/10/2026 16:04:09	V0.04	46	ANTIHORARIO	20000	10	32,569	0,592	18,383	0,0056	0,0178	0,9131	0,9133	1,718	0,336	1,053	-26,02	-17,99	-25,16	-16,83
01/10/2026 16:04:11	V0.04	46	ANTIHORARIO	20000	11	32,567	0,603	19,842	0	0	0	0	0	0	0	-26,11	-18,44	-25,49	-16,43
01/10/2026 16:04:13	V0.04	46	ANTIHORARIO	20000	12	32,567	0,598	19,063	0,0452	0,0106	0,8822	0,8834	1,908	0,542	1,015	-26,45	-18,84	-26,27	-18,06
01/10/2026 16:04:16	V0.04	46	ANTIHORARIO	20000	13	32,568	0,565	19,063	0,1046	0,0239	0,9154	0,9217	1,328	1,191	1,321	-26,35	-18,55	-26,05	-18,62
01/10/2026 16:04:18	V0.04	46	ANTIHORARIO	20000	14	32,567	0,603	19,161	0,0133	0,0162	0,9456	0,9458	1,527	0,511	1,084	-26,38	-18,73	-25,92	-17,6
01/10/2026 16:04:21	V0.04	46	ANTIHORARIO	20000	15	32,568	0,59	18,966	0,0505	0,0071	0,8827	0,8842	2,031	1,214	1,031	-26,4	-18,44	-26,11	-17,44
01/10/2026 16:04:23	V0.04	46	ANTIHORARIO	20000	16	32,569	0,565	19,744	0,0107	0,0031	0,8887	0,8887	1,687	0,267	0,916	-26,58	-17,96	-26	-17,01
01/10/2026 16:04:24	V0.04	46	ANTIHORARIO	20000	17	32,569	0,581	18,577	0,0254	0,0116	0,9512	0,9516	1,588	0,145	1,153	-25,74	-17,41	-26,09	-17,37
01/10/2026 16:04:26	V0.04	46	ANTIHORARIO	20000	18	32,578	0,545	18,772	0,0651	0,0076	0,9584	0,9606	1,603	0,137	0,794	-25,79	-18,16	-25,47	-17,01
01/10/2026 16:04:29	V0.04	46	ANTIHORARIO	20000	19	32,567	0,564	19,939	0,1045	0,0184	0,939	0,9449	1,58	0,206	0,908	-26,3	-18,55	-26,06	-17,41
01/10/2026 16:04:31	V0.04	46	ANTIHORARIO	20000	20	32,574	0,557	19,55	0,0084	0,0181	0,9368	0,937	0,015	1,969	1,969	-26,19	-17,86	-26,38	-18,44
01/10/2026 16:12:11	V0.04	47	HORARIO	15000	1	32,501	0,682	23,148	0,0542	0,0475	0,9255	0,9283	3,959	4,726	7,316	-26,15	-16,01	-26,15	-15,59
01/10/2026 16:12:12	V0.04	47	HORARIO	15000	2	32,48	0,76	24,802	0,0688	0,0155	0,8632	0,866	1,282	1,366	1,198	-26,48	-18,99	-26,3	-18,2
01/10/2026 16:12:14	V0.04	47	HORARIO	15000	3	32,479	0,738	25,191	0,0062	0,0767	0,9797	0,9828	1,26	2,786	0,015	-26,72	-19,74	-26,5	-19,5
01/10/2026 16:12:17	V0.04	47	HORARIO	15000	4	32,485	0,721	24,218	0,0157	0,0515	0,9565	0,9581	0,931	0,313	2,015	-26,54	-19,07	-26,37	-18,51
01/10/2026 16:12:18	V0.04	47	HORARIO	15000	5	32,471	0,785	26,066	0,0247	0,0435	1,0239	1,0251	1,397	0,092	0,412	-26,38	-19,03	-26,13	-17,86
01/10/2026 16:12:20	V0.04	47	HORARIO	15000	6	32,473	0,823	26,358	0,0514	0,0392	0,8179	0,8204	2,847	0,664	0,015	-26,24	-16,77	-25,82	-16,34
01/10/2026 16:12:22	V0.04	47	HORARIO	15000	7	32,463	0,829	27,233	0,0051	0,046	0,9139	0,9151	1,252	0,427	1,534	-26,58	-19,34	-26,42	-18,27
01/10/2026 16:12:24	V0.04	47	HORARIO	15000	8	32,499	0,765	25,191	0,0566	0,0344	0,9176	0,92	0,802	0,107	1,053	-26,12	-18,41	-26,32	-17,44
01/10/2026 16:12:27	V0.04	47	HORARIO	15000	9	32,5	0,729	23,829	0,0743	0,0137	0,8929	0,8961	2,206	1,55	2,16	-26,45	-19,78	-26,29	-18,62
01/10/2026 16:12:28	V0.04	47	HORARIO	15000	10	32,503	0,708	21,981	0,0068	0,0574	0,9675	0,9693	1,649	0,969	1,626	-25,97	-18,06	-26,17	-17,63
01/10/2026 16:12:30	V0.04	47	HORARIO	15000	11	32,518	0,677	22,565	0,0082	0,0444	0,9417	0,9427	1,687	0,084	2,481	-25,97	-17,57	-26,02	-17,5
01/10/2026 16:12:32	V0.04	47	HORARIO	15000	12	32,516	0,702	22,857	0,0945	0,0538	0,8994	0,906	2,168	1,008	2,679	-25,86	-17,73	-26,25	-15,57
01/10/2026 16:12:34	V0.04	47	HORARIO	15000	13	32,519	0,7	22,759	0,0577	0,0149	0,8928	0,8948	2,336	1,611	2,168	-26,25	-17,34	-26,37	-18,77
01/10/2026 16:12:37	V0.04	47	HORARIO	15000	14	32,514	0,698	23,44	0,0208	0,0206	0,9242	0,9247	2,015	0,656	2,511	-26,77	-18,69	-26,44	-19,82
01/10/2026 16:12:38	V0.04	47	HORARIO	15000	15	32,499	0,779	26,455	0,0582	0,0388	0,8956	0,8984	2,26	0,756	0,519	-26,21	-18,09	-26,5	-18,51
01/10/2026 16:12:40	V0.04	47	HORARIO	15000	16	32,5	0,771	24,121	0,0046	0,0558	0,9832	0,9847	1,107	0,496	0,817	-26,34	-16,8	-26,44	-18,48
01/10/2026 16:12:43	V0.04	47	HORARIO	15000	17	32,509	0,715	24,024	0,0151	0,0483	0,9529	0,9542	1,221	1,679	0,137	-26,55	-19,66	-26,53	-19,03
01/10/2026 16:12:45	V0.04	47	HORARIO	15000	18	32,487	0,84	26,942	0	0	0	0	0	0	0	-26,34	-19,22	-26,51	-19,58
01/10/2026 16:12:47	V0.04	47	HORARIO	15000	19	32,519	0,774	24,316	0,1016	0,0454	0,8969	0,9037	1,939	0,031	0,191	-26,17	-19,1	-25,72	-17,99
01/10/2026 16:12:48	V0.04	47	HORARIO	15000	20	32,506	0,761	25,483	0,0778	0,0743	0,9309	0,9371	2,168	0,122	0,405	-26,21	-18,27	-26,01	-15,32
01/10/2026 16:12:56	V0.04	47	ANTIHORARIO	15000	1	32,499	0,781	26,066	0,0849	0,0455	0,9181	0,9231	3,788	5,173	7,375	-26,16	-15,78	-25,93	-14,14
01/10/2026 16:13:01	V0.04	47	ANTIHORARIO	15000	2	32,519	0,626	21,3	0,1121	0,0065	0,9071	0,914	0,534	0,809	3,649	-25,91	-16,71	-25,25	-15,34
01/10/2026 16:13:02	V0.04	47	ANTIHORARIO	15000	3	32,544	0,596	20,231	0,0835	0,0101	0,9052	0,9091	1,122	1,42	0,985	-25,84	-17,47	-25,53	-16,43
01/10/2026 16:13:04	V0.04	47	ANTIHORARIO	15000	4	32,501	0,771	25,58	0,0174	0,0157	0,0157	0,0283	1,969	1,969	1,969	-26,51	-17,89	-25,56	-16,95
01/10/2026 16:13:07	V0.04	47	ANTIHORARIO	15000	5	32,525	0,679	21,884	0,0297	0,0391	0,931	0,9323	1,969	1,969	1,969	-26,15	-18,27	-25,11	-16,89
01/10/2026 16:13:09	V0.04	47	ANTIHORARIO	15000	6	32,531	0,638	21,69	0,0059	0,0144	0,9095	0,9097	2,489	0,733	0,282	-26,34	-18,66	-26,33	-17,6
01/10/2026 16:13:11	V0.04	47	ANTIHORARIO	15000	7	32,516	0,711	23,927	0,0271	0,02	0,9169	0,9175	1,809	1,687	1,55	-26,42	-17,16	-26,26	-17,19
01/10/2026 16:13:13	V0.04	47	ANTIHORARIO	15000	8	32,523	0,708	22,857	0,0902	0,0404	0,9141	0,9194	1,733	1,023	1,298	-25,72	-17,5	-25,33	-16,95
01/10/2026 16:13:17	V0.04	47	ANTIHORARIO	15000	9	32,545	0,639	21,106	0,1155	0,035	0,9165	0,9244	1,206	0,313	0,305	-25,66	-16,86	-25,26	-16,45
01/10/2026 16:13:17	V0.04	47	ANTIHORARIO	15000	10	32,536	0,626	20,133	0,09	0,0522	0,91	0,916	1,511	0,084	0,16	-25,68	-17,13	-24,93	-15,44
01/10/2026 16:13:20	V0.04	47	ANTIHORARIO	15000	11	32,54	0,654	21,592	0,119	0,0177	0,9291	0,9368	1,573	0,779	0,351	-25,81	-17,25	-25,63	-18,06
01/10/2026 16:13:22	V0.04	47	ANTIHORARIO	15000	12	32,519	0,721	23,246	0,0978	0,0566	0,9083	0,9153	1,626	1,168	1,58	-25,83	-17,99	-25,79	-17,89
01/10/2026 16:13:24	V0.04	47	ANTIHORARIO	15000	13	32,532	0,708	23,829	0,0441	0,0492	0,9634	0,9656	1,634	0,939	2,046	-26,08	-17,13	-25,61	-14,45
01/10/2026 16:13:26	V0.04	47	ANTIHORARIO	15000	14	32,536	0,66	22,468	0	0	0	0	0	0	0	-26,39	-19,3	-26,28	-17,1
01/10/2026 16:13:28	V0.04	47	ANTIHORARIO	15000	15	32,534	0,671	22,37	0,101	0,0424	0,9192	0,9257	1,344	0,115	0,374	-26,31	-18,55	-25,91	-17,83
01/10/2026 16:13:30	V0.04	47	ANTIHORARIO	15000	16	32,56	0,599	19,647	0,0439	0,0162	0,9064	0,9076	1,672	1,916	0,305	-25,67	-17,1	-25,65	-16,62
01/10/2026 16:13:34	V0.04	47	ANTIHORARIO	15000	18	32,524	0,721	24,121	0,1058	0,0117	0,8905	0,8968	1,496	1,061	1,779	-25,82	-17,44	-25,56	-16,83
01/10/2026 16:13:35	V0.04	47	ANTIHORARIO	15000	17	32,511	0,758	25,58	0,041	0,0551	0,9626	0,9651	1,649	1,176	1,634	-25,6	-15,85	-25,14	-16,71
01/10/2026 16:13:37	V0.04	47	ANTIHORARIO	15000	19	32,531	0,701	23,246	0,0603	0,0299	0,9232	0,9257	1,985	0,107	1,878	-26,25	-16,68	-25,24	-17,1
01/10/2026 16:13:39	V0.04	47	ANTIHORARIO	15000	20	32,526	0,694	23,829	0,0746	0,036	0,9088	0,9126	2,359	0,069	1,74	-25,3	-16,74	-24,76	-15,52
01/10/2026 16:13:46	V0.04	47	HORARIO	20000	1	32,505	0,835	26,942	0,0779	0,049	0,9137	0,9183	3,02	4,996	7,696	-26,17	-16,07	-25,94	-14,84
01/10/2026 16:13:48	V0.04	47	HORARIO	20000	2	32,519	0,77	25,872	0,0229	0,0422	0,9783	0,9795	2,008	2,603	3,626	-26,17	-17,96	-26	-17,37
01/10/2026 16:13:52	V0.04	47	HORARIO	20000	4	32,553	0,635	21,69	0,0336	0,0079	0,9069	0,9075	1,969	1,969	1,969	-26,31	-18,8	-26,23	-18,34
01/10/2026 16:13:53	V0.04	47	HORARIO	20000	3	32,53	0,737	24,121	0,0288	0,0405	0,9244	0,9258	2,038	2,824	1,74	-26,46	-17,41	-26,13	-16,98
01/10/2026 16:13:54	V0.04	47	HORARIO	20000	5	32,558	0,647	20,717	0,0709	0,017	0,9116	0,9145	1,695	1,924	1,817	-26,36	-17,25	-26,2	-18,41
01/10/2026 16:13:57	V0.04	47	HORARIO	20000	6	32,576	0,639	19,744	0,0709	0,017	0,9014	0,9043	2,473	1,412	1,389	-26,45	-18,13	-26,35	-17,86
01/10/2026 16:13:58	V0.04	47	HORARIO	20000	7	32,571	0,636	20,133	0,0693	0,0031	0,9136	0,9162	1,634	0,374	1,885	-26,45	-18,51	-26,37	-18,73
01/10/2026 16:14:01	V0.04	47	HORARIO	20000	8	32,555	0,653	23,051	0,0107	0,0521	0,9532	0,9547	1,214	0,305	1,565	-26,8	-18,91	-26,53	-18,66
01/10/2026 16:14:03	V0.04	47	HORARIO	20000	9	32,542	0,731	24,899	0,0647	0,0669	0,9222	0,9269	2,099	0,824	1,214	-26,52	-18,06	-26,54	-18,91
01/10/2026 16:14:04	V0.04	47	HORARIO	20000	10	32,533	0,717	23,829	0,0326	0,0015	0,9059	0,9065	1,687	0,053	0,069	-26,42	-18,55	-26,58	-19,18
01/10/2026 16:14:08	V0.04	47	HORARIO	20000	12	32,529	0,759	25,677	0,0151	0,0477	0,9879	0,9892	1,84	1,267	0,267	-26,75	-19,34	-26,5	-18,99
01/10/2026 16:14:08	V0.04	47	HORARIO	20000	11	32,513	0,821	26,553	0,0851	0	0,8801	0,8842	3,924	1,969	1,969	-26,58	-18,99	-26,51	-19,07
01/10/2026 16:14:11	V0.04	47	HORARIO	20000	13	32,541	0,704	23,829	0	0	0	0	0	0	0	-26,26	-18,66	-25,88	-17,07
01/10/2026 16:14:13	V0.04	47	HORARIO	20000	14	32,536	0,724	24,121	0	0	0	0	0	0	0	-26,41	-18,2	-26,23	-17,86
01/10/2026 16:14:15	V0.04	47	HORARIO	20000	15	32,549	0,713	24,51	0	0	0	0	0	0	0	-26,42	-16,6	-26,06	-17,53
01/10/2026 16:14:17	V0.04	47	HORARIO	20000	16	32,524	0,763	25,191	0,0077	0,0529	0,9526	0,9541	1,069	0,015	1,969	-26,55	-19,14	-26,23	-16,51
01/10/2026 16:14:18	V0.04	47	HORARIO	20000	17	32,519	0,774	25,191	0,0568	0,0198	0,9188	0,9208	1,443	1,435	1,214	-26,3	-18,44	-26,17	-16,95
01/10/2026 16:14:21	V0.04	47	HORARIO	20000	18	32,532	0,719	24,413	0,0099	0,0443	0,937	0,9381	1,145	0,511	2,29	-26,37	-18,84	-26,36	-18,99
01/10/2026 16:14:23	V0.04	47	HORARIO	20000	19	32,531	0,75	25,385	0,1089	0,0333	0,8912	0,8985	1,427	2,26	1,359	-26,48	-17,47	-25,83	-15,57
01/10/2026 16:14:25	V0.04	47	HORARIO	20000	20	32,521	0,816	26,261	0,0165	0,0157	0,0157	0,0277	1,969	1,969	1,969	-26,41	-18,23	-25,66	-18,16
01/10/2026 16:14:32	V0.04	47	ANTIHORARIO	20000	1	32,529	0,719	24,705	0,0972	0,0446	0,9068	0,9131	4,13	4,486	7,658	-25,87	-15,29	-25,61	-13,82
01/10/2026 16:14:34	V0.04	47	ANTIHORARIO	20000	2	32,517	0,771	25,385	0,0692	0,037	0,9238	0,9272	2,618	0,504	0,496	-26,22	-18,62	-25,89	-17,01
01/10/2026 16:14:36	V0.04	47	ANTIHORARIO	20000	3	32,561	0,593	19,744	0,0391	0,03	0,8993	0,9006	1,641	0,344	2,023	-25,74	-16,43	-25,27	-16,09
01/10/2026 16:14:38	V0.04	47	ANTIHORARIO	20000	4	32,545	0,677	21,009	0,079	0,0288	0,9277	0,9315	1,145	0,473	1	-26,22	-16,57	-25,48	-16,15
01/10/2026 16:14:41	V0.04	47	ANTIHORARIO	20000	5	32,551	0,647	21,398	0,0544	0,0345	0,939	0,9412	2,099	1,13	1,061	-26,14	-17,41	-25,42	-16,86
01/10/2026 16:14:42	V0.04	47	ANTIHORARIO	20000	6	32,53	0,731	24,607	0	0	0	0	0	0	0	-26,05	-18,13	-25,82	-17,31
01/10/2026 16:14:44	V0.04	47	ANTIHORARIO	20000	7	32,527	0,7	23,246	0,031	0,0649	0,9711	0,9738	7,855	7,855	7,855	-25,48	-16,37	-25,21	-14,34
01/10/2026 16:14:46	V0.04	47	ANTIHORARIO	20000	8	32,527	0,751	24,607	0,0331	0,0358	0,9482	0,9495	1,969	1,969	1,969	-26,21	-17,47	-25,94	-17,47
01/10/2026 16:14:49	V0.04	47	ANTIHORARIO	20000	9	32,551	0,677	23,343	0,1278	0,0132	0,9115	0,9205	1,229	0,267	1,29	-25,6	-16,57	-25,34	-15,8
01/10/2026 16:14:50	V0.04	47	ANTIHORARIO	20000	10	32,532	0,728	23,538	0,0674	0,0669	0,9691	0,9738	2,099	0,832	1,687	-26,1	-18,27	-25,61	-17,34
01/10/2026 16:14:52	V0.04	47	ANTIHORARIO	20000	11	32,532	0,726	24,51	0,0267	0,0245	0,9462	0,9469	1,756	1,053	1,603	-25,37	-15,39	-24,86	-15,78
01/10/2026 16:14:54	V0.04	47	ANTIHORARIO	20000	12	32,562	0,655	22,079	0,1407	0,0485	0,9214	0,9333	1,153	0,015	1,29	-26,03	-17,5	-25,65	-17,28
01/10/2026 16:14:56	V0.04	47	ANTIHORARIO	20000	13	32,523	0,723	23,829	0,1042	0,0442	0,9117	0,9187	1,229	0,863	1,29	-26,02	-17,6	-25,44	-16,23
01/10/2026 16:14:59	V0.04	47	ANTIHORARIO	20000	14	32,569	0,637	21,3	0,0255	0,0275	0,9528	0,9535	1,405	0,244	1,718	-26,09	-17,83	-25,88	-16,68
01/10/2026 16:15:01	V0.04	47	ANTIHORARIO	20000	15	32,55	0,639	22,176	0,1108	0,0134	0,8969	0,9038	2,412	1,031	1,893	-25,74	-17,28	-25,06	-16,07
01/10/2026 16:15:03	V0.04	47	ANTIHORARIO	20000	16	32,547	0,675	22,954	0,0442	0,0592	0,9727	0,9755	1,931	0,183	2,061	-24,58	-16,15	-24,54	-16,31
01/10/2026 16:15:05	V0.04	47	ANTIHORARIO	20000	17	32,528	0,718	23,44	0,0659	0,0385	0,9315	0,9346	2,214	0,29	2,206	-25,84	-17,13	-25,36	-15,65
01/10/2026 16:15:07	V0.04	47	ANTIHORARIO	20000	18	32,566	0,635	20,522	0,0243	0,0182	0,9004	0,9009	1,527	1,031	1,145	-25,76	-17,76	-25,1	-16,89
01/10/2026 16:15:09	V0.04	47	ANTIHORARIO	20000	19	32,542	0,681	21,884	0,0094	0,0569	0,9623	0,964	1,908	0,588	1,924	-25,88	-17,53	-25,06	-16,77
01/10/2026 16:15:11	V0.04	47	ANTIHORARIO	20000	20	32,569	0,623	20,522	0,0902	0,0134	0,9056	0,9102	1,443	2,115	0,237	-25,44	-16,98	-25,28	-16,09
01/10/2026 16:17:42	V0.04	48	HORARIO	15000	1	32,438	0,969	33,166	0,0612	0,0402	0,9066	0,9095	3,793	4,595	5,981	-25,35	-14,21	-25,49	-14,84
01/10/2026 16:17:44	V0.04	48	HORARIO	15000	2	32,411	1,087	35,014	0	0	0	0	0	0	0	-25,9	-17,93	-25,68	-17,53
01/10/2026 16:17:46	V0.04	48	HORARIO	15000	3	32,43	1,016	33,75	0,0372	0,0289	0,8892	0,8904	1,969	1,969	1,969	-25,13	-16,2	-25,39	-17,47
01/10/2026 16:17:48	V0.04	48	HORARIO	15000	4	32,442	0,979	32,875	0,1124	0,0223	0,937	0,944	2,061	5,481	0,71	-25,6	-16,4	-25,13	-16,26
01/10/2026 16:17:49	V0.04	48	HORARIO	15000	5	32,45	0,98	31,513	0	0	0	0	0	0	0	-25,51	-16,51	-25,37	-16,48
01/10/2026 16:17:51	V0.04	48	HORARIO	15000	6	32,451	0,994	31,902	0,0193	0,0808	0,9901	0,9936	1,313	3,015	1,099	-25,6	-16,65	-25,74	-18,09
01/10/2026 16:17:53	V0.04	48	HORARIO	15000	7	32,424	1,064	33,847	0,051	0,0233	0,9723	0,9739	1,321	0,626	0,939	-25,61	-17,89	-25,85	-18,44
01/10/2026 16:17:55	V0.04	48	HORARIO	15000	8	32,435	1,035	33,458	0,0035	0,08	0,9993	1,0025	1,931	1,176	0,786	-25,4	-16,86	-25,46	-16,65
01/10/2026 16:17:57	V0.04	48	HORARIO	15000	9	32,453	0,977	31,999	0,057	0,0468	1,0072	1,0099	1,275	1,733	1,115	-25,51	-16,83	-25,88	-17,28
01/10/2026 16:17:59	V0.04	48	HORARIO	15000	10	32,469	0,937	31,221	0,1246	0,0178	0,9492	0,9575	1,481	1,718	0,786	-25,47	-17,25	-25,44	-17,25
01/10/2026 16:18:01	V0.04	48	HORARIO	15000	11	32,447	1,041	33,945	0,0417	0,0431	0,8752	0,8773	0,908	1,031	0,832	-24,22	-15,75	-24,27	-15,1
01/10/2026 16:18:03	V0.04	48	HORARIO	15000	12	32,462	1,037	33,069	0,0012	0,0398	0,8727	0,8736	2,008	2,611	2,344	-25,86	-17,37	-25,86	-17,69
01/10/2026 16:18:04	V0.04	48	HORARIO	15000	13	32,451	1,004	32,388	0,0531	0,056	0,9888	0,9918	1,076	3,229	0,183	-25,68	-17,89	-25,45	-16,12
01/10/2026 16:18:06	V0.04	48	HORARIO	15000	14	32,468	0,94	31,61	0	0	0	0	0	0	0	-25,71	-17,66	-25,82	-16,54
01/10/2026 16:18:08	V0.04	48	HORARIO	15000	15	32,474	0,941	31,513	0,1052	0,0107	0,9091	0,9152	2,534	3,489	0,145	-26	-17,41	-26,05	-18,16
01/10/2026 16:18:10	V0.04	48	HORARIO	15000	16	32,459	1,028	33,458	0,0367	0,0663	0,97	0,9729	2,634	3,924	1,969	-25,62	-16,95	-25,77	-17,53
01/10/2026 16:18:12	V0.04	48	HORARIO	15000	17	32,46	1,022	33,653	0,0378	0,0493	0,9388	0,9409	1,901	0,473	0,74	-25,41	-16,4	-25,5	-17,04
01/10/2026 16:18:14	V0.04	48	HORARIO	15000	18	32,467	1	32,777	0,0349	0,0701	0,9949	0,9979	1,237	2,45	0,771	-25,46	-17,16	-25,72	-17,66
01/10/2026 16:18:15	V0.04	48	HORARIO	15000	19	32,468	1,007	32,68	0,0099	0,0586	0,9995	1,0013	3,924	1,969	1,969	-25,83	-16,65	-25,91	-17,57
01/10/2026 16:18:18	V0.04	48	HORARIO	15000	20	32,482	0,965	31,999	0,1085	0,0599	0,8706	0,8794	1,42	2,122	0,832	-25,79	-15,99	-25,73	-17,44
01/10/2026 16:18:24	V0.04	48	ANTIHORARIO	15000	1	32,468	0,992	32,583	0,0847	0,045	0,9132	0,9182	4,387	4,725	8,354	-25,65	-15,72	-25,2	-14,63
01/10/2026 16:18:26	V0.04	48	ANTIHORARIO	15000	2	32,477	0,932	30,249	0,031	0,0023	0,9285	0,929	0,863	1,969	4,626	-25,77	-17,22	-25,29	-16,2
01/10/2026 16:18:27	V0.04	48	ANTIHORARIO	15000	3	32,481	0,901	29,373	0,0116	0,0092	0,9073	0,9075	2,298	3,824	1	-25,87	-17,66	-25,41	-17,63
01/10/2026 16:18:29	V0.04	48	ANTIHORARIO	15000	4	32,48	0,912	29,86	0,0577	0,0005	0,8944	0,8963	0,74	2,679	1,053	-25,75	-16,95	-25,3	-16,57
01/10/2026 16:18:31	V0.04	48	ANTIHORARIO	15000	5	32,482	0,928	30,249	0,0922	0,0212	0,9584	0,963	2,16	3,008	1,221	-25,51	-16,43	-25,16	-16,45
01/10/2026 16:18:33	V0.04	48	ANTIHORARIO	15000	6	32,476	0,955	31,027	0,028	0,0236	0,9058	0,9065	0,802	3,496	0,916	-25,75	-18,55	-25,27	-16,34
01/10/2026 16:18:35	V0.04	48	ANTIHORARIO	15000	7	32,487	0,95	31,61	0,0256	0,051	0,9252	0,9269	0,015	1,969	1,969	-25,61	-16,04	-24,9	-16,57
01/10/2026 16:18:37	V0.04	48	ANTIHORARIO	15000	8	32,492	0,879	29,957	0,1051	0,0488	0,8724	0,8801	0,763	2,634	1,374	-25,66	-17,5	-25,13	-15,62
01/10/2026 16:18:38	V0.04	48	ANTIHORARIO	15000	9	32,498	0,89	29,665	0,0038	0,0043	0,9126	0,9126	2,206	1,969	1,969	-25,96	-18,16	-25,27	-16,65
01/10/2026 16:18:40	V0.04	48	ANTIHORARIO	15000	10	32,487	0,941	30,929	0	0	0	0	0	0	0	-25,73	-17,25	-25,01	-15,49
01/10/2026 16:18:42	V0.04	48	ANTIHORARIO	15000	11	32,483	0,971	31,805	0,0001	0,0157	0,0157	0,0223	1,969	1,969	1,977	-25,82	-16,62	-24,9	-16,95
01/10/2026 16:18:44	V0.04	48	ANTIHORARIO	15000	12	32,498	0,921	29,957	0	0	0	0	0	0	0	-25,98	-18,09	-24,42	-16,26
01/10/2026 16:18:46	V0.04	48	ANTIHORARIO	15000	13	32,476	0,987	32,194	0	0	0	0	0	0	0	-26,12	-16,92	-25,06	-16,8
01/10/2026 16:18:47	V0.04	48	ANTIHORARIO	15000	14	32,485	0,973	31,221	0,1196	0,0562	0,8613	0,8714	1,107	0,565	0,473	-25,93	-17,5	-25,26	-16,6
01/10/2026 16:18:51	V0.04	48	ANTIHORARIO	15000	15	32,492	0,925	30,54	0,027	0,0428	0,9613	0,9626	3,107	4,542	0,702	-25,55	-17,93	-24,86	-16,09
01/10/2026 16:18:51	V0.04	48	ANTIHORARIO	15000	16	32,484	0,981	31,805	0,0264	0,0117	0,9397	0,9401	1,389	0,267	1,656	-25,9	-16,92	-24,92	-16,68
01/10/2026 16:18:53	V0.04	48	ANTIHORARIO	15000	17	32,492	0,956	31,61	0,0778	0,0109	0,9578	0,961	1,969	1,282	0,916	-25,88	-17,66	-25,12	-13,95
01/10/2026 16:18:54	V0.04	48	ANTIHORARIO	15000	18	32,49	0,943	31,319	0,0311	0,0647	0,9945	0,9971	0,008	3,977	1,008	-25,59	-17,28	-24,97	-15,96
01/10/2026 16:18:56	V0.04	48	ANTIHORARIO	15000	19	32,489	0,978	32,291	0,1132	0,042	0,9243	0,9322	3,145	2,985	0,374	-26,02	-17,19	-25,13	-15,91
01/10/2026 16:18:58	V0.04	48	ANTIHORARIO	15000	20	32,497	0,936	30,054	0,1378	0,053	0,8636	0,8762	1,969	1,969	1,969	-26,14	-17,31	-25,07	-16,12
01/10/2026 16:19:05	V0.04	48	HORARIO	20000	1	32,477	1,039	33,361	0,0701	0,0429	0,9203	0,924	4,821	6,481	8,824	-25,87	-15,7	-25,76	-15,67
01/10/2026 16:19:07	V0.04	48	HORARIO	20000	2	32,503	0,925	30,346	0,1204	0,0131	0,9382	0,946	3,351	3,16	5,412	-25,85	-16,62	-25,53	-16,98
01/10/2026 16:19:10	V0.04	48	HORARIO	20000	3	32,481	1,037	33,847	0,0063	0,0558	0,9139	0,9157	3,107	2,351	1,069	-25,69	-17,47	-25,42	-17,07
01/10/2026 16:19:10	V0.04	48	HORARIO	20000	4	32,494	0,956	31,805	0,135	0,0284	0,9315	0,9417	1,42	2,237	2,573	-26,06	-17,89	-26,01	-17,28
01/10/2026 16:19:12	V0.04	48	HORARIO	20000	5	32,508	0,968	32,291	0	0	0	0	0	0	0	-25,65	-16,45	-25,45	-16,62
01/10/2026 16:19:14	V0.04	48	HORARIO	20000	6	32,485	0,989	32,388	0,0032	0,0613	0,9974	0,9993	2,687	3,756	0,634	-25,96	-18,73	-26,03	-16,68
01/10/2026 16:19:16	V0.04	48	HORARIO	20000	7	32,496	0,985	33,458	0,1178	0,0007	0,9099	0,9175	2,015	2,282	0,084	-25,67	-16,54	-25,93	-17,28
01/10/2026 16:19:17	V0.04	48	HORARIO	20000	8	32,495	0,986	32,097	0,0629	0,0479	0,8879	0,8914	0,588	3,183	1,321	-26,22	-17,66	-25,98	-18,27
01/10/2026 16:19:19	V0.04	48	HORARIO	20000	9	32,48	1,009	32,388	0,0731	0,0555	0,8816	0,8864	1,748	2,511	1,969	-25,91	-16,83	-25,98	-17,83
01/10/2026 16:19:21	V0.04	48	HORARIO	20000	10	32,501	0,976	31,708	0,0391	0,0161	0,9319	0,9328	0,038	3,206	1,29	-25,72	-18,16	-25,65	-17,86
01/10/2026 16:19:24	V0.04	48	HORARIO	20000	11	32,501	0,988	32,291	0,0033	0,0101	0,9617	0,9617	1,053	2,122	1,305	-26,2	-17,69	-25,95	-17,37
01/10/2026 16:19:24	V0.04	48	HORARIO	20000	12	32,505	0,975	33,069	0,1306	0,0571	0,8937	0,905	2,267	3,931	3,931	-26,21	-17,31	-26,26	-18,27
01/10/2026 16:19:26	V0.04	48	HORARIO	20000	13	32,502	0,989	32,486	0,0066	0,0524	0,8519	0,8536	2,008	1,626	0,939	-25,47	-17,44	-25,65	-17,37
01/10/2026 16:19:28	V0.04	48	HORARIO	20000	14	32,5	0,942	31,416	0,0131	0,0023	0,9376	0,9377	1,878	0,779	1,748	-26,13	-17,93	-25,92	-18,73
01/10/2026 16:19:30	V0.04	48	HORARIO	20000	15	32,499	0,971	31,61	0,1317	0,0081	0,9476	0,9568	1,733	1,26	0,282	-26,02	-18,2	-26,28	-18,58
01/10/2026 16:19:32	V0.04	48	HORARIO	20000	16	32,513	0,954	31,319	0,0728	0,0718	0,8521	0,8582	1,771	1,702	1,969	-25,86	-16,8	-25,74	-18,91
01/10/2026 16:19:34	V0.04	48	HORARIO	20000	17	32,484	1,041	34,042	0,1022	0,0017	0,9252	0,9308	2	3,42	0,206	-26,19	-17,99	-26,13	-17,73
01/10/2026 16:19:35	V0.04	48	HORARIO	20000	18	32,51	0,973	32,097	0,137	0,0608	0,8999	0,9123	2,496	0,191	1,008	-25,99	-16,95	-26,05	-17,89
01/10/2026 16:19:38	V0.04	48	HORARIO	20000	19	32,511	0,961	30,929	0,0312	0,0433	1,0021	1,0035	1,031	1,58	0,649	-26,19	-18,73	-26,22	-18,3
01/10/2026 16:19:39	V0.04	48	HORARIO	20000	20	32,508	0,953	31,319	0,0933	0,0001	0,0157	0,0946	1,969	3,931	3,931	-25,94	-17,93	-25,75	-16,83
01/10/2026 16:19:46	V0.04	48	ANTIHORARIO	20000	1	32,489	0,97	31,708	0,0669	0,0463	0,9158	0,9194	3,483	7,657	10,168	-25,84	-15,49	-25,3	-14,98
01/10/2026 16:19:48	V0.04	48	ANTIHORARIO	20000	2	32,502	0,941	31,902	0,0084	0,0082	0,9355	0,9356	3,099	2,786	1,718	-26,12	-18,37	-25,68	-17,07
01/10/2026 16:19:50	V0.04	48	ANTIHORARIO	20000	3	32,513	0,879	29,081	0,0367	0,0625	1,0018	1,0045	1,84	2,466	0,466	-25,9	-17,13	-25,31	-16,26
01/10/2026 16:19:52	V0.04	48	ANTIHORARIO	20000	4	32,501	0,961	31,319	0,0073	0,0712	0,9958	0,9984	1,206	1,504	2,122	-25,72	-17,89	-24,97	-17,16
01/10/2026 16:19:54	V0.04	48	ANTIHORARIO	20000	5	32,498	0,973	32,097	0	0	0	0	0	0	0	-26,24	-18,41	-25,48	-16,65
01/10/2026 16:19:56	V0.04	48	ANTIHORARIO	20000	6	32,504	0,932	31,221	0,0022	0,0415	0,9229	0,9238	1,336	1,023	1,603	-26,19	-18,09	-25,47	-16,23
01/10/2026 16:19:58	V0.04	48	ANTIHORARIO	20000	7	32,493	0,968	32,486	0,0808	0,0596	0,8892	0,8948	1,435	1,679	0,893	-25,88	-18,13	-25,61	-16,01
01/10/2026 16:19:59	V0.04	48	ANTIHORARIO	20000	8	32,502	0,954	31,319	0,0101	0,0054	0,9301	0,9301	1,504	1,107	1,885	-26,14	-18,51	-25,23	-15,67
01/10/2026 16:20:01	V0.04	48	ANTIHORARIO	20000	9	32,495	0,975	31,416	0,1167	0,1251	0,0157	0,1718	1,969	1,969	1,969	-25,97	-17,57	-25,25	-15,54
01/10/2026 16:20:03	V0.04	48	ANTIHORARIO	20000	10	32,51	0,945	30,249	0,0349	0,0404	0,8905	0,8921	1,092	3,305	1,939	-25,98	-17,31	-25,2	-17,31
01/10/2026 16:20:05	V0.04	48	ANTIHORARIO	20000	11	32,5	0,973	31,513	0,1616	0,0583	0,8915	0,9079	3,13	3,489	0,053	-25,74	-17,5	-25,45	-17,22
01/10/2026 16:20:06	V0.04	48	ANTIHORARIO	20000	12	32,506	0,94	30,832	0,0352	0,0408	0,894	0,8957	1,42	1,58	2,252	-26,02	-18,16	-25,33	-16,54
01/10/2026 16:20:08	V0.04	48	ANTIHORARIO	20000	13	32,491	0,976	31,61	0,0087	0,0134	0,897	0,8971	2,076	2,733	1,015	-26,35	-17,79	-25,42	-16,01
01/10/2026 16:20:10	V0.04	48	ANTIHORARIO	20000	14	32,481	1,024	34,431	0,1754	0,0798	0,8572	0,8786	1,023	1,183	0,328	-26,12	-17,96	-25,47	-17,41
01/10/2026 16:20:12	V0.04	48	ANTIHORARIO	20000	15	32,5	0,993	32,097	0,0945	0,0303	0,8818	0,8874	1,229	0,824	2,015	-26,03	-17,86	-25,2	-14,38
01/10/2026 16:20:14	V0.04	48	ANTIHORARIO	20000	16	32,504	0,974	32,777	0	0	0	0	0	0	0	-26,11	-17,13	-25,34	-16,77
01/10/2026 16:20:15	V0.04	48	ANTIHORARIO	20000	17	32,489	1,001	32,388	0,0758	0,0021	0,9243	0,9274	0,153	4,351	0,664	-26	-17,96	-25,38	-16,45
01/10/2026 16:20:17	V0.04	48	ANTIHORARIO	20000	18	32,494	0,998	33,069	0,1125	0,0399	0,9521	0,9596	2,802	2,511	1,038	-26,49	-19,42	-25,34	-16,95
01/10/2026 16:20:19	V0.04	48	ANTIHORARIO	20000	19	32,518	0,929	29,86	0	0	0	0	0	0	0	-26,18	-17,83	-25,54	-17,41
01/10/2026 16:20:21	V0.04	48	ANTIHORARIO	20000	20	32,506	0,992	33,264	0,0052	0,0115	0,9209	0,921	0,595	5,802	2,176	-25,41	-16,26	-25,02	-15,88
01/10/2026 16:33:05	V0.04	49	HORARIO	15000	1	32,441	0,904	29,762	0,0767	0,0341	0,9062	0,91	3,086	5,469	5,762	-25,25	-12,33	-25,05	-14,36
01/10/2026 16:33:07	V0.04	49	HORARIO	15000	2	32,417	1,032	34,139	0,0432	0,0233	0,9717	0,9729	1,908	3,718	7,84	-25,17	-15,93	-25,47	-17,22
01/10/2026 16:33:08	V0.04	49	HORARIO	15000	3	32,472	0,772	25,872	0,04	0,0338	0,9215	0,923	3,771	3,771	1,122	-25,38	-16,15	-25	-15,59
01/10/2026 16:33:10	V0.04	49	HORARIO	15000	4	32,455	0,921	30,249	0,0398	0,004	0,9003	0,9012	2,137	1,122	1,427	-25,2	-14,56	-24,72	-16,43
01/10/2026 16:33:12	V0.04	49	HORARIO	15000	5	32,467	0,829	27,136	0	0	0	0	0	0	0	-25,61	-16,95	-25,56	-16,57
01/10/2026 16:33:13	V0.04	49	HORARIO	15000	6	32,477	0,786	26,553	0,0459	0,0249	0,9114	0,9129	2,603	1,008	3,115	-25,72	-16,92	-25,28	-16,71
01/10/2026 16:33:16	V0.04	49	HORARIO	15000	7	32,447	0,979	32,291	0,0298	0,0472	0,918	0,9197	2,092	3,412	0,863	-24,45	-15,49	-23,87	-15,27
01/10/2026 16:33:17	V0.04	49	HORARIO	15000	8	32,474	0,814	26,65	0,0652	0,0271	0,9194	0,9221	0,565	2,145	2,618	-25,78	-17,19	-25,97	-17,96
01/10/2026 16:33:19	V0.04	49	HORARIO	15000	9	32,49	0,788	25,775	0,0654	0,0388	0,9203	0,9234	2,023	2,87	2,366	-25,33	-15,78	-25,35	-17,44
01/10/2026 16:33:20	V0.04	49	HORARIO	15000	10	32,455	0,947	31,221	0,0359	0,0208	0,8882	0,8892	1,832	0,221	0,458	-25,3	-17,89	-25,27	-16,6
01/10/2026 16:33:22	V0.04	49	HORARIO	15000	11	32,495	0,77	24,899	0,0269	0,0217	0,9156	0,9163	2,878	2,748	2,473	-26,25	-18,27	-25,53	-15,54
01/10/2026 16:33:24	V0.04	49	HORARIO	15000	12	32,457	0,956	31,513	0,0361	0,0518	0,9603	0,9624	0,55	0,527	1,198	-24,77	-16,23	-24,62	-16,71
01/10/2026 16:33:26	V0.04	49	HORARIO	15000	13	32,496	0,825	27,428	0	0	0	0	0	0	0	-25,34	-15,7	-24,8	-14,52
01/10/2026 16:33:28	V0.04	49	HORARIO	15000	14	32,512	0,765	24,802	0,077	0,0507	0,969	0,9734	0,641	2,893	2,275	-26,15	-17,99	-25,61	-15,96
01/10/2026 16:33:30	V0.04	49	HORARIO	15000	15	32,478	0,854	28,206	0,048	0,0112	0,9736	0,9749	2,42	2,275	0,473	-25,34	-17,07	-25,27	-16,74
01/10/2026 16:33:32	V0.04	49	HORARIO	15000	16	32,464	0,972	31,902	0,0181	0,0588	0,9547	0,9567	1,504	2,466	0,809	-25,6	-16,65	-25,78	-18,03
01/10/2026 16:33:35	V0.04	49	HORARIO	15000	17	32,475	0,9	30,054	0,0647	0,0219	0,929	0,9315	2,649	1,031	0,214	-25,54	-17,83	-25	-15,32
01/10/2026 16:33:37	V0.04	49	HORARIO	15000	18	32,505	0,754	24,316	0,0001	0,0157	0,0157	0,0223	1,969	1,969	1,969	-24,68	-15,54	-23,69	-15,59
01/10/2026 16:33:39	V0.04	49	HORARIO	15000	19	32,508	0,761	25,288	0,0695	0,026	0,907	0,91	1,061	1,847	2,42	-25,34	-15,2	-25,31	-17,13
01/10/2026 16:33:41	V0.04	49	HORARIO	15000	20	32,49	0,849	28,401	0,0634	0,0366	0,9421	0,945	1,74	3,29	1,267	-25,46	-18,37	-25,32	-15,83
01/10/2026 16:33:48	V0.04	49	ANTIHORARIO	15000	1	32,501	0,765	25,191	0,0765	0,0371	0,9151	0,919	3,793	7,636	7,229	-25,34	-14,08	-25,31	-13,28
01/10/2026 16:33:51	V0.04	49	ANTIHORARIO	15000	2	32,481	0,873	29,276	0,0052	0,0045	0,8954	0,8954	1,405	0,481	1,412	-25,19	-16,68	-25,73	-16,98
01/10/2026 16:33:53	V0.04	49	ANTIHORARIO	15000	3	32,502	0,77	24,899	0,1204	0,0283	1,0175	1,0249	1,969	1,969	1,969	-25,58	-17,53	-25,37	-15,7
01/10/2026 16:33:55	V0.04	49	ANTIHORARIO	15000	4	32,505	0,821	26,65	0,0613	0,0128	0,868	0,8703	3,748	2,618	0,939	-24,95	-15,1	-25,07	-15,62
01/10/2026 16:33:57	V0.04	49	ANTIHORARIO	15000	5	32,506	0,782	25,677	0,0652	0,0979	1,0128	1,0196	3,931	2,397	0,58	-25,61	-15,75	-25,35	-15,44
01/10/2026 16:33:59	V0.04	49	ANTIHORARIO	15000	6	32,518	0,744	23,829	0,0715	0,0182	0,9282	0,9312	3,71	0,252	1,053	-25,69	-17,44	-25,54	-16,98
01/10/2026 16:34:01	V0.04	49	ANTIHORARIO	15000	7	32,452	1,023	33,264	0,1042	0,0759	1,0331	1,0411	1,084	0,954	2,374	-24,83	-16,34	-24,64	-14,12
01/10/2026 16:34:03	V0.04	49	ANTIHORARIO	15000	8	32,448	1,018	33,75	0	0	0	0	0	0	0	-25,54	-16,37	-25,26	-15,52
01/10/2026 16:34:05	V0.04	49	ANTIHORARIO	15000	9	32,481	0,901	29,568	0,0001	0,0157	0,0157	0,0223	1,969	1,969	1,969	-25,72	-15,8	-25,63	-18,51
01/10/2026 16:34:07	V0.04	49	ANTIHORARIO	15000	10	32,494	0,827	27,428	0,0114	0,0085	0,9738	0,9739	0,786	0,824	0,237	-25,12	-15,54	-25,3	-15,85
01/10/2026 16:34:09	V0.04	49	ANTIHORARIO	15000	11	32,517	0,717	23,732	0,0981	0,0081	0,9454	0,9505	1,183	3,336	1,267	-26,16	-18,37	-26,38	-16,98
01/10/2026 16:34:11	V0.04	49	ANTIHORARIO	15000	12	32,514	0,792	25,677	0,0729	0,0482	0,8208	0,8254	3,611	2,214	0,679	-24,83	-16,68	-25,38	-16,54
01/10/2026 16:34:13	V0.04	49	ANTIHORARIO	15000	13	32,48	0,933	30,249	0,0936	0,001	0,0157	0,0949	1,969	1,977	3,931	-26,14	-18,23	-26	-17,76
01/10/2026 16:34:15	V0.04	49	ANTIHORARIO	15000	14	32,465	0,977	32,486	0,1047	0,0247	0,9097	0,916	0,969	1,947	3,603	-25,89	-16,95	-25,52	-15,54
01/10/2026 16:34:17	V0.04	49	ANTIHORARIO	15000	15	32,52	0,771	24,996	0,0616	0,0316	0,9222	0,9248	1,733	1,634	0,015	-25,39	-17,83	-25,75	-17,99
01/10/2026 16:34:18	V0.04	49	ANTIHORARIO	15000	16	32,523	0,758	25,191	0,049	0,0549	0,866	0,8691	3,427	2,71	0,611	-25,35	-16,65	-25,71	-17,04
01/10/2026 16:34:20	V0.04	49	ANTIHORARIO	15000	17	32,453	1,02	33,361	0,0492	0,0604	0,988	0,9911	0	0,573	4,473	-25,78	-16,89	-26	-18,06
01/10/2026 16:34:22	V0.04	49	ANTIHORARIO	15000	18	32,508	0,817	26,747	0,0833	0,0513	0,9446	0,9496	1,809	0,656	0,985	-25,85	-17,5	-25,71	-16,6
01/10/2026 16:34:24	V0.04	49	ANTIHORARIO	15000	19	32,503	0,828	27,817	0,0134	0,0441	0,8604	0,8616	2,656	1,023	0,802	-25,64	-17,53	-25,8	-15,96
01/10/2026 16:34:25	V0.04	49	ANTIHORARIO	15000	20	32,479	0,95	31,513	0,0044	0,0312	0,8285	0,8291	1,466	0,824	4,481	-25,41	-16,54	-25,23	-16,68
01/10/2026 16:34:32	V0.04	49	HORARIO	20000	1	32,496	0,908	30,832	0,0742	0,0347	0,912	0,9157	3,542	9,602	8,667	-25,44	-12,88	-25,19	-13,43
01/10/2026 16:34:34	V0.04	49	HORARIO	20000	2	32,526	0,768	25,288	0,0433	0,0527	0,9836	0,986	3,305	1,557	1,756	-26,28	-17,86	-25,94	-18,3
01/10/2026 16:34:36	V0.04	49	HORARIO	20000	3	32,509	0,896	29,86	0,0571	0,0104	0,8597	0,8617	1,229	2,099	0,389	-25,84	-17,66	-25,97	-16,62
01/10/2026 16:34:37	V0.04	49	HORARIO	20000	4	32,515	0,858	28,303	0,0441	0,0298	0,0158	0,0555	3,931	3,931	3,931	-26,03	-17,69	-25,62	-17,83
01/10/2026 16:34:39	V0.04	49	HORARIO	20000	5	32,529	0,744	24,996	0,0413	0,0142	0,9059	0,9069	2,511	1,504	3,053	-25,96	-17,13	-25,48	-17,86
01/10/2026 16:34:41	V0.04	49	HORARIO	20000	6	32,508	0,884	28,498	0,0792	0,0226	0,9767	0,9802	0,931	2,29	0,458	-25,34	-16,54	-25,81	-16,29
01/10/2026 16:34:43	V0.04	49	HORARIO	20000	7	32,506	0,863	28,206	0	0	0	0	0	0	0	-25,62	-17,44	-25,8	-16,98
01/10/2026 16:34:45	V0.04	49	HORARIO	20000	8	32,501	0,891	29,762	0,1124	0,0488	0,9374	0,9454	1,969	1,969	1,969	-26,13	-17,66	-25,94	-17,31
01/10/2026 16:34:47	V0.04	49	HORARIO	20000	9	32,539	0,8	26,066	0,0258	0,0314	0,0314	0,0514	3,931	3,931	3,931	-24,65	-16,18	-24,74	-14,91
01/10/2026 16:34:48	V0.04	49	HORARIO	20000	10	32,48	0,986	32,097	0,0123	0,0029	0,8375	0,8376	1,695	0,687	1,084	-25,38	-16,01	-25,32	-15,83
01/10/2026 16:34:50	V0.04	49	HORARIO	20000	11	32,515	0,857	27,817	0,0597	0,0326	0,957	0,9594	0,015	1,969	1,969	-26,3	-18,23	-26,27	-18,23
01/10/2026 16:34:53	V0.04	49	HORARIO	20000	12	32,515	0,852	28,595	0,0029	0,0342	0,9076	0,9082	2,115	0,084	1,786	-26,04	-19,46	-26,36	-17,41
01/10/2026 16:34:54	V0.04	49	HORARIO	20000	13	32,487	0,965	31,708	0,0898	0,0446	1,0151	1,0201	2,534	0,382	0,176	-24,48	-12,39	-24,75	-15,42
01/10/2026 16:34:55	V0.04	49	HORARIO	20000	14	32,5	0,882	29,276	0,0236	0,0385	0,9038	0,9049	1,214	0,84	1,931	-26,22	-19,1	-26,08	-17,83
01/10/2026 16:34:57	V0.04	49	HORARIO	20000	15	32,541	0,769	25,483	0	0	0	0	0	0	0	-25,95	-17,5	-25,93	-18,37
01/10/2026 16:34:59	V0.04	49	HORARIO	20000	16	32,509	0,944	31,124	0,0035	0,0096	0,8394	0,8394	1,015	1,405	0,71	-26,02	-17,19	-25,77	-16,4
01/10/2026 16:35:01	V0.04	49	HORARIO	20000	17	32,517	0,862	28,692	0,0447	0,0034	0,8947	0,8958	1,183	1,55	2,374	-25,97	-17,66	-26,2	-19,3
01/10/2026 16:35:03	V0.04	49	HORARIO	20000	18	32,54	0,8	26,455	0,0197	0,0106	0,9021	0,9024	2,405	2,901	2,214	-26,42	-17,41	-26,07	-18,51
01/10/2026 16:35:04	V0.04	49	HORARIO	20000	19	32,483	1,003	32,777	0,0503	0,0099	0,8566	0,8581	3,198	1,626	0,137	-24,71	-15,75	-24,83	-16,45
01/10/2026 16:35:06	V0.04	49	HORARIO	20000	20	32,522	0,832	27,039	0,0837	0,0406	0,9033	0,9081	0,015	1,969	1,969	-25,92	-17,01	-26,22	-18,51
01/10/2026 16:35:13	V0.04	49	ANTIHORARIO	20000	1	32,514	0,855	28,401	0,0817	0,0357	0,9194	0,9237	3,315	9,889	8,449	-25,84	-14,93	-25,83	-15,24
01/10/2026 16:35:15	V0.04	49	ANTIHORARIO	20000	2	32,484	0,95	31,708	0,0428	0,0222	1,0242	1,0253	1,947	4,634	7,26	-25,85	-16,4	-25,99	-18,06
01/10/2026 16:35:17	V0.04	49	ANTIHORARIO	20000	3	32,52	0,8	26,65	0,0743	0,0325	0,894	0,8977	1,366	3,527	2,634	-26,23	-17,41	-25,67	-17,01
01/10/2026 16:35:18	V0.04	49	ANTIHORARIO	20000	4	32,521	0,82	27,233	0,0153	0,0134	0,8501	0,8503	2,626	1,718	0,916	-25,94	-17,16	-25,51	-16,23
01/10/2026 16:35:20	V0.04	49	ANTIHORARIO	20000	5	32,486	0,936	31,124	0,0471	0,0377	1,0103	1,0121	1,962	3,924	1,969	-25,75	-16,62	-25,83	-17,37
01/10/2026 16:35:22	V0.04	49	ANTIHORARIO	20000	6	32,556	0,67	22,759	0,0753	0,0071	1,007	1,0098	0,458	3,084	0,137	-25,97	-17,07	-25,95	-17,04
01/10/2026 16:35:24	V0.04	49	ANTIHORARIO	20000	7	32,498	0,935	31,319	0,0312	0,0201	0,9094	0,9102	1,595	1,901	1,664	-25,54	-17,44	-25,86	-18,09
01/10/2026 16:35:26	V0.04	49	ANTIHORARIO	20000	8	32,496	0,892	29,373	0,0757	0,0085	1,071	1,0737	1,534	0,58	0,802	-25,76	-16,45	-26,01	-17,73
01/10/2026 16:35:27	V0.04	49	ANTIHORARIO	20000	9	32,547	0,736	24,705	0,0585	0,0219	0,9927	0,9946	2,046	0,573	0,038	-26,17	-18,51	-26,2	-16,12
01/10/2026 16:35:29	V0.04	49	ANTIHORARIO	20000	10	32,47	1,046	33,945	0,0032	0,0168	0,8922	0,8924	0,015	1,969	1,969	-25,27	-15,88	-25,63	-17,69
01/10/2026 16:35:31	V0.04	49	ANTIHORARIO	20000	11	32,546	0,756	24,51	0,1006	0,0061	0,9469	0,9522	1,214	3,298	0,015	-26,2	-18,84	-26,21	-17,66
01/10/2026 16:35:33	V0.04	49	ANTIHORARIO	20000	12	32,489	1,009	32,68	0,01	0,0219	0,9331	0,9334	2,206	3,305	1,794	-25,71	-16,98	-25,64	-16,74
01/10/2026 16:35:34	V0.04	49	ANTIHORARIO	20000	13	32,52	0,861	28,303	0,0931	0,0126	0,8636	0,8687	1,336	0,924	0,076	-25,07	-16,74	-25,69	-16,4
01/10/2026 16:35:36	V0.04	49	ANTIHORARIO	20000	14	32,547	0,734	24,802	0,0464	0,0154	1,0093	1,0105	1,412	1,504	0,427	-26,22	-17,16	-25,96	-17,19
01/10/2026 16:35:38	V0.04	49	ANTIHORARIO	20000	15	32,474	1,03	32,875	0,1151	0,0353	0,9481	0,9557	1,198	1,359	3,29	-26,09	-17,41	-25,91	-16,48
01/10/2026 16:35:41	V0.04	49	ANTIHORARIO	20000	16	32,516	0,837	27,428	0,1105	0,0286	0,834	0,8418	3,511	2,321	0,374	-26,13	-18,37	-25,97	-17,69
01/10/2026 16:35:42	V0.04	49	ANTIHORARIO	20000	17	32,53	0,795	26,455	0,0746	0,0293	0,9761	0,9794	3,26	2,794	0,443	-26,16	-17,41	-25,81	-17,01
01/10/2026 16:35:44	V0.04	49	ANTIHORARIO	20000	18	32,541	0,739	24,705	0	0	0	0	0	0	0	-25,6	-17,22	-25,44	-15,85
01/10/2026 16:35:47	V0.04	49	ANTIHORARIO	20000	19	32,549	0,731	24,802	0,0394	0,0272	0,9385	0,9397	1,344	2,756	1,069	-25,72	-17,66	-25,78	-17,73
01/10/2026 16:35:48	V0.04	49	ANTIHORARIO	20000	20	32,529	0,843	27,525	0,0626	0,0157	0,0157	0,0665	1,969	1,969	1,969	-25,71	-16,92	-25,41	-16,98
01/10/2026 16:38:08	V0.04	50	HORARIO	15000	1	32,431	1,045	34,042	0,0567	0,0434	0,9109	0,9137	3,189	6,923	8,656	-25,52	-13,66	-25,93	-15,34
01/10/2026 16:38:09	V0.04	50	HORARIO	15000	2	32,427	1,041	34,528	0,0232	0,0375	0,8646	0,8657	1,908	2,931	0,305	-25,49	-13,49	-26,08	-16,98
01/10/2026 16:38:11	V0.04	50	HORARIO	15000	3	32,421	1,093	36,182	0	0	0	0	0	0	0	-25,69	-15,12	-26,02	-16,71
01/10/2026 16:38:13	V0.04	50	HORARIO	15000	4	32,425	1,092	35,89	0,0061	0,0186	0,9011	0,9013	1,656	0,595	3,893	-25,76	-14,95	-26,13	-15,83
01/10/2026 16:38:15	V0.04	50	HORARIO	15000	5	32,441	1,061	35,014	0,0115	0,0717	1,0048	1,0074	2,137	0,74	0,511	-25,52	-14,25	-25,74	-16,04
01/10/2026 16:38:16	V0.04	50	HORARIO	15000	6	32,45	0,996	33,847	0,0549	0,0117	0,8749	0,8767	1,969	1,969	1,969	-25,77	-15,54	-26,1	-18,27
01/10/2026 16:38:18	V0.04	50	HORARIO	15000	7	32,426	1,116	35,987	0,0282	0,0591	0,8801	0,8826	1,519	0,168	0,588	-25,49	-15,47	-26,19	-16,68
01/10/2026 16:38:20	V0.04	50	HORARIO	15000	8	32,43	1,119	36,473	0,0269	0,0763	0,869	0,8728	1,664	1,87	0,588	-25,59	-14,74	-25,87	-17,37
01/10/2026 16:38:22	V0.04	50	HORARIO	15000	9	32,438	1,066	34,625	0,0106	0,0158	0,0314	0,0367	3,931	3,947	7,855	-25,2	-14,63	-25,98	-17,73
01/10/2026 16:38:23	V0.04	50	HORARIO	15000	10	32,45	1,054	34,917	0,0145	0,0717	1,0039	1,0066	2,084	1,969	1,969	-25,59	-15,83	-25,96	-16,4
01/10/2026 16:38:25	V0.04	50	HORARIO	15000	11	32,445	1,036	34,334	0,0198	0,0593	0,8513	0,8536	2,061	0,924	1,924	-24,84	-15,93	-25,6	-16,8
01/10/2026 16:38:27	V0.04	50	HORARIO	15000	12	32,457	1,059	34,82	0,0327	0,011	0,8973	0,898	2,053	0,977	0,473	-25,59	-16,18	-25,98	-17,34
01/10/2026 16:38:29	V0.04	50	HORARIO	15000	13	32,443	1,121	35,987	0,024	0,048	0,9327	0,9343	1,794	1,412	0,939	-25,73	-16,6	-25,5	-16,86
01/10/2026 16:38:30	V0.04	50	HORARIO	15000	14	32,46	1,047	34,528	0,0704	0,0524	0,8846	0,889	2,176	2,466	1,023	-25,57	-16,92	-25,9	-17,86
01/10/2026 16:38:34	V0.04	50	HORARIO	15000	15	32,44	1,136	37,446	0,0039	0,0254	0,9851	0,9854	1,756	2,771	0,527	-25,37	-14,79	-25,58	-17,41
01/10/2026 16:38:34	V0.04	50	HORARIO	15000	16	32,47	0,968	32,583	0	0	0	0	0	0	0	-25,56	-16,26	-25,9	-17,16
01/10/2026 16:38:36	V0.04	50	HORARIO	15000	17	32,473	1,024	34,431	0,0048	0,072	0,9645	0,9672	1,496	2,573	1,145	-25,35	-16,09	-25,54	-17,44
01/10/2026 16:38:38	V0.04	50	HORARIO	15000	18	32,46	1,092	35,793	0,0289	0,056	0,8678	0,8701	0,878	2,198	1,061	-25,67	-15,22	-25,89	-17,37
01/10/2026 16:38:40	V0.04	50	HORARIO	15000	19	32,454	1,052	34,723	0,0127	0,0752	1,0276	1,0304	1,573	1,191	2,023	-24,93	-17,22	-25,51	-17,6
01/10/2026 16:38:41	V0.04	50	HORARIO	15000	20	32,438	1,131	37,543	0,0118	0,048	1,0046	1,0059	2,397	2,366	0,504	-25,54	-17,07	-25,76	-16,83
01/10/2026 16:38:49	V0.04	50	ANTIHORARIO	15000	1	32,489	0,943	30,54	0,062	0,0788	0,9331	0,9385	3,765	3,672	6,467	-25,23	-14,98	-25,6	-15,34
01/10/2026 16:38:50	V0.04	50	ANTIHORARIO	15000	2	32,477	1,003	32,777	0,0197	0,1366	0,8046	0,8163	1,55	1,076	5,198	-25,63	-17,63	-25,44	-17,31
01/10/2026 16:38:52	V0.04	50	ANTIHORARIO	15000	3	32,471	1,014	32,972	0,0189	0,1238	0,8098	0,8194	1,779	1,427	0,779	-25,34	-16,43	-25,77	-17,66
01/10/2026 16:38:54	V0.04	50	ANTIHORARIO	15000	4	32,481	0,944	31,027	0	0	0	0	0	0	0	-25,13	-17,44	-25,5	-16,77
01/10/2026 16:38:55	V0.04	50	ANTIHORARIO	15000	5	32,46	1,048	34,236	0,0458	0,0914	1,0485	1,0534	1,885	0,29	2,229	-25,25	-16,83	-25,68	-17,13
01/10/2026 16:38:57	V0.04	50	ANTIHORARIO	15000	6	32,48	0,968	31,708	0,0803	0,0883	1,0244	1,0313	0,344	1,084	1,573	-24,73	-16,48	-25,26	-16,98
01/10/2026 16:38:59	V0.04	50	ANTIHORARIO	15000	7	32,473	1,003	32,972	0,0437	0,0977	1,0977	1,1029	0,282	1,466	0,153	-24,34	-15,34	-25,18	-16,71
01/10/2026 16:39:01	V0.04	50	ANTIHORARIO	15000	8	32,453	1,08	35,89	0	0	0	0	0	0	0	-25,42	-17,13	-25,95	-15,57
01/10/2026 16:39:03	V0.04	50	ANTIHORARIO	15000	9	32,496	0,97	32,291	0,0251	0,0624	1,0256	1,0278	1,855	0,718	0,908	-25,53	-17,83	-25,76	-17,34
01/10/2026 16:39:05	V0.04	50	ANTIHORARIO	15000	10	32,47	1,054	34,042	0,0676	0,0543	0,9048	0,9089	1,504	0,328	1,817	-24,9	-15,27	-25,58	-16,68
01/10/2026 16:39:06	V0.04	50	ANTIHORARIO	15000	11	32,468	1,009	33,556	0,0936	0,0613	0,9927	0,999	1,557	1,092	1,405	-25,47	-17,31	-25,82	-17,44
01/10/2026 16:39:08	V0.04	50	ANTIHORARIO	15000	12	32,509	0,892	30,151	0,1249	0,0157	0,0157	0,1268	3,931	3,931	3,931	-25,74	-17,69	-26,04	-17,31
01/10/2026 16:39:10	V0.04	50	ANTIHORARIO	15000	13	32,483	0,964	31,999	0	0	0	0	0	0	0	-12,83	-5,4	-12,77	-5,49
01/10/2026 16:39:12	V0.04	50	ANTIHORARIO	15000	14	32,482	0,979	31,61	0,0192	0,0819	0,8193	0,8236	1,618	3,214	0,626	-25,5	-17,53	-26	-17,31
01/10/2026 16:39:14	V0.04	50	ANTIHORARIO	15000	15	32,499	0,953	30,929	0,0109	0,0784	0,8364	0,8402	2,649	1,481	1,29	-25,72	-17,41	-25,93	-17,76
01/10/2026 16:39:15	V0.04	50	ANTIHORARIO	15000	16	32,485	0,969	31,513	0,0551	0,0868	0,8511	0,8573	2,237	0,893	0,954	-24,97	-16,74	-25,28	-16,92
01/10/2026 16:39:18	V0.04	50	ANTIHORARIO	15000	17	32,482	1,032	34,431	0,0553	0,0487	0,912	0,915	1,847	0,305	2,344	-25,48	-17,1	-26,25	-17,83
01/10/2026 16:39:19	V0.04	50	ANTIHORARIO	15000	18	32,506	0,911	29,762	0,0018	0,0396	0,9918	0,9926	1,214	2,626	1,519	-25,64	-15,8	-26,1	-18,16
01/10/2026 16:39:21	V0.04	50	ANTIHORARIO	15000	19	32,467	1,046	34,139	0,0937	0,0322	0,9318	0,937	1,084	0,733	1,405	-25,23	-16,37	-25,51	-16,92
01/10/2026 16:39:23	V0.04	50	ANTIHORARIO	15000	20	32,481	1,009	33,361	0,0541	0,0433	0,9352	0,9377	3,084	1	1,351	-25,33	-17,07	-26,33	-18,3
01/10/2026 16:39:30	V0.04	50	HORARIO	20000	1	32,483	0,995	32,875	0,0873	0,0515	0,9195	0,9251	3,793	9,498	9,708	-25,09	-13,24	-25,22	-13,74
01/10/2026 16:39:32	V0.04	50	HORARIO	20000	2	32,491	1,017	32,486	0,0038	0,0233	0,9596	0,9599	2,969	1,511	2,939	-25,91	-18,91	-25,36	-16,18
01/10/2026 16:39:33	V0.04	50	HORARIO	20000	3	32,492	0,993	33,264	0,0071	0,0635	1,0159	1,0179	1,58	2,504	3,992	-25,13	-16,37	-25,04	-16,18
01/10/2026 16:39:35	V0.04	50	HORARIO	20000	4	32,499	1,003	32,777	0,0807	0,0038	1,0096	1,0129	1,847	2,046	0,985	-25,65	-17,01	-25,6	-16,6
01/10/2026 16:39:37	V0.04	50	HORARIO	20000	5	32,484	1,041	34,917	0,0796	0,0441	0,87	0,8747	1,618	0,534	0,099	-24,78	-16,34	-25,25	-15,8
01/10/2026 16:39:39	V0.04	50	HORARIO	20000	6	32,507	0,969	31,708	0,0079	0,0173	0,8584	0,8586	2,145	0,16	1,725	-25,14	-17,34	-25,16	-16,26
01/10/2026 16:39:40	V0.04	50	HORARIO	20000	7	32,485	1,062	35,112	0,0535	0,0099	0,8647	0,8665	1,969	0,962	0,336	-25,03	-16,86	-24,55	-16,43
01/10/2026 16:39:42	V0.04	50	HORARIO	20000	8	32,49	1,016	33,75	0,0498	0,0496	0,8284	0,8313	1,603	0,763	1,511	-25,55	-14,23	-25,72	-16,54
01/10/2026 16:39:44	V0.04	50	HORARIO	20000	9	32,496	1,01	33,458	0,002	0,0576	0,8461	0,848	1,817	1,122	1,595	-24,97	-14,27	-25,42	-17,22
01/10/2026 16:39:46	V0.04	50	HORARIO	20000	10	32,491	0,999	33,458	0,0674	0,0125	0,9794	0,9818	1,328	0,588	1,603	-25,27	-16,89	-25,18	-16,77
01/10/2026 16:39:48	V0.04	50	HORARIO	20000	11	32,481	1,1	35,501	0,0848	0,0469	0,8842	0,8895	2,092	1,641	0,458	-25,14	-15,93	-25,25	-16,48
01/10/2026 16:39:49	V0.04	50	HORARIO	20000	12	32,478	1,067	35,404	0,0004	0,0835	1,092	1,0952	1,061	0,603	1,267	-24,99	-16,83	-23,87	-14,79
01/10/2026 16:39:51	V0.04	50	HORARIO	20000	13	32,497	1,006	32,777	0,001	0,0699	0,8239	0,8268	1,664	0,679	1,481	-25,18	-14,93	-24,78	-15,85
01/10/2026 16:39:53	V0.04	50	HORARIO	20000	14	32,48	1,084	36,376	0,0707	0,0222	0,8951	0,8982	1,863	0,023	0,908	-25,07	-16,23	-24,59	-15,42
01/10/2026 16:39:55	V0.04	50	HORARIO	20000	15	32,514	0,954	32,194	0,0746	0,0103	0,9258	0,9288	2,26	2,046	1,611	-24,35	-14,14	-23,87	-15,17
01/10/2026 16:39:57	V0.04	50	HORARIO	20000	16	32,488	1,051	34,917	0	0	0	0	0	0	0	-25,96	-17,89	-25,7	-15,62
01/10/2026 16:39:58	V0.04	50	HORARIO	20000	17	32,475	1,104	36,862	0,0751	0,0051	0,9323	0,9353	1,588	0,038	0,511	-25,55	-17,76	-25,54	-15,57
01/10/2026 16:40:01	V0.04	50	HORARIO	20000	18	32,485	1,052	34,82	0,0065	0,0017	0,9852	0,9853	1,748	0,183	1,969	-25,51	-16,26	-25,43	-15,93
01/10/2026 16:40:02	V0.04	50	HORARIO	20000	19	32,509	1,027	33,556	0,0671	0,0128	0,9434	0,9458	1,763	0,718	0,313	-25,2	-15,27	-25,62	-16,77
01/10/2026 16:40:06	V0.04	50	HORARIO	20000	20	32,484	1,069	35,209	0,0784	0,0039	1,0164	1,0194	1,214	1,969	1,969	-25,63	-17,34	-25,61	-17,69
01/10/2026 16:40:11	V0.04	50	ANTIHORARIO	20000	1	32,488	1,004	32,972	0,1024	0,0552	0,9217	0,929	4,327	6,12	9,693	-25,41	-14,79	-25,94	-15,17
01/10/2026 16:40:12	V0.04	50	ANTIHORARIO	20000	2	32,504	0,95	30,638	0,0627	0,0529	0,9407	0,9442	0,969	0,679	4,725	-25,82	-16,89	-26,56	-17,99
01/10/2026 16:40:14	V0.04	50	ANTIHORARIO	20000	3	32,51	0,929	30,54	0,0076	0,1008	0,7671	0,7737	3,924	1,969	1,969	-25,88	-17,34	-26,4	-17,99
01/10/2026 16:40:16	V0.04	50	ANTIHORARIO	20000	4	32,487	1,021	33,945	0,1044	0,0044	0,9905	0,996	1,191	0,015	0,252	-25,44	-15,88	-26,23	-18,09
01/10/2026 16:40:18	V0.04	50	ANTIHORARIO	20000	5	32,5	0,948	31,124	0,0327	0,0515	1,0564	1,0582	1,878	1,252	0,321	-25,54	-16,89	-26,23	-17,57
01/10/2026 16:40:19	V0.04	50	ANTIHORARIO	20000	6	32,502	0,966	31,708	0,0393	0,1018	0,8055	0,8129	2,069	2,382	0,237	-25,56	-17,1	-26,37	-17,89
01/10/2026 16:40:21	V0.04	50	ANTIHORARIO	20000	7	32,506	0,957	31,513	0,1045	0,051	1,0087	1,0153	1,992	0,237	0,878	-25,49	-16,6	-25,96	-16,86
01/10/2026 16:40:24	V0.04	50	ANTIHORARIO	20000	8	32,529	0,904	29,471	0,0494	0,0487	1,0125	1,0148	1,794	1,885	1,29	-25,47	-16,01	-26,32	-19,03
01/10/2026 16:40:25	V0.04	50	ANTIHORARIO	20000	9	32,52	0,919	30,832	0,0178	0,0463	1,0262	1,0274	1,282	1,359	1,542	-25,41	-16,86	-25,9	-17,34
01/10/2026 16:40:27	V0.04	50	ANTIHORARIO	20000	10	32,49	1,02	34,139	0,0649	0,0862	0,8514	0,8583	1,802	2,359	0,908	-25,31	-15,62	-26,09	-18,62
01/10/2026 16:40:29	V0.04	50	ANTIHORARIO	20000	11	32,489	1,005	33,069	0,0861	0,0203	0,9775	0,9815	1,275	1,863	1,153	-25,96	-17,89	-26,52	-17,96
01/10/2026 16:40:31	V0.04	50	ANTIHORARIO	20000	12	32,49	1,022	32,972	0,1106	0,0077	1,0159	1,0219	1,176	0,397	1,244	-25,65	-16,48	-26,13	-17,1
01/10/2026 16:40:33	V0.04	50	ANTIHORARIO	20000	13	32,5	1,02	33,847	0,0958	0,0524	0,9485	0,9548	2,191	0,71	2,137	-25,39	-17,07	-26,11	-17,04
01/10/2026 16:40:35	V0.04	50	ANTIHORARIO	20000	14	32,52	0,976	31,999	0,1096	0,002	1,0156	1,0215	1,153	1,397	1,466	-25,93	-16,26	-26,33	-19,03
01/10/2026 16:40:37	V0.04	50	ANTIHORARIO	20000	15	32,512	0,966	31,999	0,0115	0,0111	0,8911	0,8913	1,695	0,534	2,115	-25,37	-15,78	-26,13	-17,79
01/10/2026 16:40:39	V0.04	50	ANTIHORARIO	20000	16	32,496	0,986	32,68	0,0159	0,047	0,9923	0,9935	1,458	1,061	1,29	-25,46	-15,75	-26,21	-17,99
01/10/2026 16:40:41	V0.04	50	ANTIHORARIO	20000	17	32,496	1,016	33,75	0,0615	0,0862	0,8425	0,8492	1,412	0,015	0,145	-26,04	-17,99	-26,36	-18,55
01/10/2026 16:40:42	V0.04	50	ANTIHORARIO	20000	18	32,497	1,034	33,847	0,0688	0,0419	0,9163	0,9198	1,733	2,153	1,305	-25,76	-16,4	-26,06	-18,41
01/10/2026 16:40:44	V0.04	50	ANTIHORARIO	20000	19	32,519	0,948	31,221	0,0093	0,031	0,8369	0,8375	1,901	1,649	1,031	-25,8	-16,43	-26,39	-17,53
01/10/2026 16:40:48	V0.04	50	ANTIHORARIO	20000	20	32,496	1,013	33,069	0,0282	0,0747	1,0635	1,0665	1,58	0,229	1,29	-25,77	-18,27	-26,44	-18,27
01/10/2026 16:44:14	V0.04	51	HORARIO	15000	1	32,391	1,208	39,002	0,075	0,0286	0,9267	0,9302	2,61	4,674	6,683	-25,76	-15,44	-25,41	-15,24
01/10/2026 16:44:15	V0.04	51	HORARIO	15000	2	32,418	1,111	37,835	0,0654	0,0294	0,895	0,8979	1,855	2,137	3,962	-26,01	-18,37	-25,9	-18,06
01/10/2026 16:44:17	V0.04	51	HORARIO	15000	3	32,421	1,117	36,862	0,1096	0,0001	0,0157	0,1107	1,969	1,969	1,969	-26,2	-17,22	-25,98	-18,2
01/10/2026 16:44:18	V0.04	51	HORARIO	15000	4	32,4	1,211	40,267	0,048	0,0244	0,9343	0,9359	1,45	0,908	1,305	-26,15	-16,86	-26,1	-17,79
01/10/2026 16:44:20	V0.04	51	HORARIO	15000	5	32,425	1,117	36,765	0,0607	0,0367	0,886	0,8888	1,084	2,695	0,725	-26,07	-17,25	-25,54	-16,2
01/10/2026 16:44:22	V0.04	51	HORARIO	15000	6	32,387	1,252	42,017	0,0146	0,0288	0,9486	0,9492	1,969	1,969	1,969	-26,21	-18,34	-25,96	-16,2
01/10/2026 16:44:35	V0.04	51	HORARIO	15000	7	32,395	1,242	40,267	0,1207	0,0239	0,9054	0,9137	1,817	3,084	0,893	-25,7	-17,89	-25,35	-15,8
01/10/2026 16:44:36	V0.04	51	HORARIO	15000	12	32,423	1,211	38,905	0,0385	0,0336	0,8962	0,8977	1,336	1,473	1,122	-26,4	-18,2	-25,77	-16,83
01/10/2026 16:44:36	V0.04	51	HORARIO	15000	10	32,444	1,114	37,252	0,0291	0,0234	0,9604	0,9612	1,702	1,069	1,191	-26,34	-17,69	-25,67	-18,09
01/10/2026 16:44:36	V0.04	51	HORARIO	15000	11	32,398	1,324	43,476	0,0023	0,0521	0,932	0,9335	1,244	1,504	0,672	-26,16	-17,63	-25,59	-15,39
01/10/2026 16:44:36	V0.04	51	HORARIO	15000	9	32,4	1,281	41,045	0,095	0,0126	0,9323	0,9372	1,55	2,038	0,557	-26,28	-17,69	-25,54	-16,48
01/10/2026 16:44:36	V0.04	51	HORARIO	15000	8	32,389	1,287	41,628	0	0	0	0	0	0	0	-26,11	-17,69	-25,83	-16,8
01/10/2026 16:44:37	V0.04	51	HORARIO	15000	13	32,411	1,27	41,823	0,095	0,0009	0,9149	0,9198	1,176	1,534	1,397	-26,03	-18,27	-25,76	-17,44
01/10/2026 16:44:38	V0.04	51	HORARIO	15000	14	32,412	1,249	40,753	0	0	0	0	0	0	0	-25,97	-18,09	-25,65	-17,28
01/10/2026 16:44:38	V0.04	51	HORARIO	15000	15	32,407	1,253	41,142	0,0858	0,0035	0,8945	0,8986	1,992	1,076	1,595	-25,84	-17,93	-25,85	-16,71
01/10/2026 16:44:40	V0.04	51	HORARIO	15000	16	32,403	1,323	42,406	0,0664	0,0312	0,937	0,9399	1,397	1,947	0,595	-26,09	-18,48	-25,68	-16,18
01/10/2026 16:44:43	V0.04	51	HORARIO	15000	17	32,45	1,192	38,905	0,0568	0,0127	0,9254	0,9272	2,046	1,55	1,267	-26,05	-18,23	-26,2	-17,41
01/10/2026 16:44:45	V0.04	51	HORARIO	15000	18	32,465	1,111	36,376	0,0155	0,0409	0,9598	0,9608	1,29	0,71	1,359	-25,91	-18,2	-25,67	-17,47
01/10/2026 16:44:46	V0.04	51	HORARIO	15000	19	32,402	1,315	43,282	0,0983	0,0238	0,9127	0,9183	1,458	0,313	0,794	-26,04	-17,34	-25,83	-17,41
01/10/2026 16:44:48	V0.04	51	HORARIO	15000	20	32,48	1,086	36,182	0,0402	0,0348	0,9276	0,9291	1,802	1,916	1,504	-26,14	-18,37	-25,84	-16,65
01/10/2026 16:44:54	V0.04	51	ANTIHORARIO	15000	1	32,45	1,107	36,473	0,0951	0,0329	0,9125	0,9181	2,562	8,133	5,413	-25,73	-15,07	-25,67	-14,21
01/10/2026 16:44:56	V0.04	51	ANTIHORARIO	15000	2	32,451	1,108	36,473	0,0945	0,0145	0,9241	0,929	2,229	0,206	2,061	-26,06	-18,06	-25,87	-18,06
01/10/2026 16:44:58	V0.04	51	ANTIHORARIO	15000	3	32,457	1,089	35,793	0,1125	0,0111	0,9313	0,9381	2,153	1,115	0,962	-25,82	-17,69	-26,1	-17,31
01/10/2026 16:45:00	V0.04	51	ANTIHORARIO	15000	4	32,449	1,135	37,252	0,0056	0,0472	0,9474	0,9486	0,969	1,145	0,748	-25,56	-16,23	-25,62	-17,89
01/10/2026 16:45:02	V0.04	51	ANTIHORARIO	15000	5	32,444	1,141	37,641	0,0001	0,0476	0,9539	0,955	1,13	1,504	1,832	-25,1	-17,25	-25,71	-17,44
01/10/2026 16:45:04	V0.04	51	ANTIHORARIO	15000	6	32,441	1,141	37,057	0,1621	0,0128	0,9089	0,9234	2,069	0,878	0,099	-25,79	-17,37	-25,94	-17,79
01/10/2026 16:45:06	V0.04	51	ANTIHORARIO	15000	7	32,441	1,126	37,154	0,0931	0,015	0,9335	0,9382	1,847	0,458	0,954	-26,14	-17,66	-25,8	-17,41
01/10/2026 16:45:07	V0.04	51	ANTIHORARIO	15000	8	32,451	1,13	37,057	0,1124	0,0127	0,9072	0,9143	1,771	0,977	1,58	-25,81	-17,63	-25,9	-17,89
01/10/2026 16:45:09	V0.04	51	ANTIHORARIO	15000	9	32,445	1,163	38,321	0,0153	0,0356	0,9331	0,9339	1,847	2,389	1,366	-26,2	-18,77	-26,1	-17,79
01/10/2026 16:45:11	V0.04	51	ANTIHORARIO	15000	10	32,449	1,167	38,127	0,0911	0,0184	0,9164	0,9211	1,122	0,099	1,481	-26,04	-17,57	-25,83	-16,95
01/10/2026 16:45:13	V0.04	51	ANTIHORARIO	15000	11	32,449	1,144	38,516	0,1417	0,011	0,8929	0,9042	1,748	1,084	1,641	-25,52	-16,92	-25,93	-16,92
01/10/2026 16:45:15	V0.04	51	ANTIHORARIO	15000	12	32,463	1,12	36,473	0,1132	0,0067	0,9008	0,9079	1,366	1,748	1,16	-26,18	-16,86	-25,76	-17,79
01/10/2026 16:45:17	V0.04	51	ANTIHORARIO	15000	13	32,453	1,198	39,294	0,1127	0,02	0,9281	0,9351	1,969	1,969	1,969	-26,09	-17,79	-25,92	-16,98
01/10/2026 16:45:20	V0.04	51	ANTIHORARIO	15000	14	32,458	1,133	37,446	0,0181	0,0513	0,9569	0,9585	1,649	0,542	0,443	-25,87	-17,83	-25,59	-16,8
01/10/2026 16:45:20	V0.04	51	ANTIHORARIO	15000	15	32,467	1,124	36,96	0,0275	0,0615	0,9399	0,9424	2,206	2,649	0,305	-25,6	-16,86	-25,61	-17,6
01/10/2026 16:45:22	V0.04	51	ANTIHORARIO	15000	16	32,459	1,147	37,641	0,1249	0,0021	0,9156	0,9241	2,962	2	1,443	-25,93	-17,69	-26,03	-17,1
01/10/2026 16:45:24	V0.04	51	ANTIHORARIO	15000	17	32,458	1,155	37,932	0	0	0	0	0	0	0	-25,7	-16,01	-25,45	-17,86
01/10/2026 16:45:26	V0.04	51	ANTIHORARIO	15000	18	32,476	1,096	36,571	0,1194	0,0222	0,9146	0,9226	1,115	1,45	1,275	-25,82	-18,13	-25,96	-17,01
01/10/2026 16:45:27	V0.04	51	ANTIHORARIO	15000	19	32,465	1,16	38,71	0,1072	0,0182	0,9056	0,9121	0,878	3,435	1,855	-25,94	-18,09	-25,68	-16,74
01/10/2026 16:45:29	V0.04	51	ANTIHORARIO	15000	20	32,463	1,143	37,446	0,0302	0,0409	0,9369	0,9383	1,802	0,099	0,099	-25,55	-16,86	-25,68	-17,07
01/10/2026 16:45:36	V0.04	51	HORARIO	20000	1	32,449	1,225	39,78	0,0817	0,0359	0,9046	0,9089	3,408	6,709	7,56	-25,76	-15,83	-25,85	-15,29
01/10/2026 16:45:38	V0.04	51	HORARIO	20000	2	32,485	1,089	36,182	0,0074	0,0614	0,9395	0,9415	1,634	3,573	2,252	-25,97	-17,31	-25,53	-16,4
01/10/2026 16:45:40	V0.04	51	HORARIO	20000	3	32,45	1,217	39,975	0,0551	0,0295	0,8934	0,8956	1,725	2,344	3,115	-26,26	-16,29	-25,98	-18,23
01/10/2026 16:45:42	V0.04	51	HORARIO	20000	4	32,461	1,178	38,321	0,0289	0,0273	0,9496	0,9504	1,779	2,092	1,802	-26,43	-17,86	-26,22	-17,34
01/10/2026 16:45:43	V0.04	51	HORARIO	20000	5	32,44	1,277	42,017	0,0612	0,0305	0,9344	0,9369	1,168	0,824	0,42	-25,73	-17,31	-25,58	-16,89
01/10/2026 16:45:46	V0.04	51	HORARIO	20000	6	32,458	1,219	40,656	0,0419	0,0258	0,9496	0,9509	2,443	1,237	1,015	-25,83	-16,12	-26,19	-18,48
01/10/2026 16:45:47	V0.04	51	HORARIO	20000	7	32,435	1,282	42,212	0,0576	0,0117	0,8979	0,8999	1,634	0,779	0,855	-25,94	-17,96	-26,03	-17,96
01/10/2026 16:45:49	V0.04	51	HORARIO	20000	8	32,446	1,258	41,142	0,0437	0,0483	0,9199	0,9222	1,351	1,252	1,885	-26,17	-17,16	-26,21	-17,63
01/10/2026 16:45:52	V0.04	51	HORARIO	20000	9	32,431	1,301	42,017	0,0365	0,0492	0,9156	0,9177	1,42	1,649	1,313	-26,05	-17,01	-25,94	-17,07
01/10/2026 16:45:52	V0.04	51	HORARIO	20000	10	32,446	1,26	41,434	0,0356	0,0153	0,9478	0,9485	0,977	2,046	1,069	-26,37	-16,83	-25,83	-17,5
01/10/2026 16:45:54	V0.04	51	HORARIO	20000	11	32,472	1,176	39,294	0,038	0,0402	0,9026	0,9043	1,153	0,42	1,603	-26,29	-18,03	-26,33	-16,86
01/10/2026 16:45:56	V0.04	51	HORARIO	20000	12	32,468	1,205	40,267	0,0608	0,0208	0,9515	0,9537	2,107	1,779	1,214	-26,09	-16,29	-26,13	-16,89
01/10/2026 16:45:58	V0.04	51	HORARIO	20000	13	32,45	1,267	41,239	0,0638	0,0234	0,908	0,9105	1,939	2,733	1,137	-25,94	-18,09	-25,89	-16,74
01/10/2026 16:45:59	V0.04	51	HORARIO	20000	14	32,497	1,129	37,252	0,0472	0,0176	0,9553	0,9567	1,267	1,519	1,282	-25,52	-16,95	-26,06	-17,16
01/10/2026 16:46:01	V0.04	51	HORARIO	20000	15	32,446	1,269	42,115	0,058	0,0225	0,9371	0,9392	1,489	3,504	0,679	-26,35	-17,1	-26,33	-18,48
01/10/2026 16:46:03	V0.04	51	HORARIO	20000	16	32,48	1,185	38,905	0,0715	0,0226	0,915	0,9181	3,924	1,969	1,969	-26,01	-18,8	-26,41	-17,34
01/10/2026 16:46:05	V0.04	51	HORARIO	20000	17	32,451	1,288	42,309	0,0898	0,0061	0,9053	0,9097	1,84	2,153	0,481	-25,67	-16,83	-26,02	-16,65
01/10/2026 16:46:07	V0.04	51	HORARIO	20000	18	32,466	1,186	37,738	0,1271	0,0121	0,9199	0,9287	1,489	0,74	1,45	-25,77	-17,07	-26,05	-16,57
01/10/2026 16:46:08	V0.04	51	HORARIO	20000	19	32,468	1,241	39,78	0,0564	0,0247	0,0157	0,0636	1,969	1,969	1,969	-25,92	-17,22	-26,04	-18,27
01/10/2026 16:46:10	V0.04	51	HORARIO	20000	20	32,491	1,145	38,224	0,0403	0,0242	0,9656	0,9667	1,977	3,076	1,031	-26,17	-17,99	-26,25	-17,25
01/10/2026 16:46:17	V0.04	51	ANTIHORARIO	20000	1	32,476	1,151	36,668	0,1035	0,0265	0,9105	0,9168	2,937	8,588	6,159	-25,39	-14,74	-25,55	-13,74
01/10/2026 16:46:19	V0.04	51	ANTIHORARIO	20000	2	32,473	1,132	36,862	0,1221	0,0122	0,9049	0,9132	1,389	1,58	3,649	-25,73	-16,74	-25,67	-17,89
01/10/2026 16:46:20	V0.04	51	ANTIHORARIO	20000	3	32,48	1,09	36,279	0,0082	0,0304	0,9255	0,9261	1,84	1,664	0,359	-25,32	-15,57	-25,51	-16,04
01/10/2026 16:46:22	V0.04	51	ANTIHORARIO	20000	4	32,47	1,132	36,96	0,0669	0,0229	0,9275	0,9302	2,298	0,786	0,015	-25,77	-17,1	-26	-16,83
01/10/2026 16:46:24	V0.04	51	ANTIHORARIO	20000	5	32,48	1,092	35,501	0,0299	0,0234	0,9259	0,9267	1,573	0,511	1,298	-25,88	-16,6	-26,11	-16,74
01/10/2026 16:46:26	V0.04	51	ANTIHORARIO	20000	6	32,475	1,125	36,862	0,0287	0,0289	0,9308	0,9317	1,008	0,137	1,847	-25,48	-16,98	-25,87	-18,84
01/10/2026 16:46:30	V0.04	51	ANTIHORARIO	20000	7	32,468	1,181	38,516	0,0177	0,038	0,9469	0,9478	0,84	2,336	1,824	-25,9	-17,41	-25,92	-16,74
01/10/2026 16:46:31	V0.04	51	ANTIHORARIO	20000	8	32,488	1,104	35,89	0,1167	0,0011	0,9235	0,9308	2,191	0,214	0,481	-25,86	-17,07	-25,9	-16,65
01/10/2026 16:46:32	V0.04	51	ANTIHORARIO	20000	9	32,46	1,224	40,364	0,0925	0,0297	0,9171	0,9222	2,282	0,084	1,42	-25,66	-17,53	-25,97	-17,69
01/10/2026 16:46:34	V0.04	51	ANTIHORARIO	20000	10	32,479	1,145	37,641	0,1099	0,0211	0,901	0,9079	1,71	0,534	1,267	-25,58	-17,31	-25,67	-16,26
01/10/2026 16:46:35	V0.04	51	ANTIHORARIO	20000	11	32,487	1,13	37,446	0,1112	0,0175	0,9363	0,943	0,954	0,519	1,656	-26,01	-16,68	-25,97	-18,3
01/10/2026 16:46:37	V0.04	51	ANTIHORARIO	20000	12	32,468	1,163	37,446	0,0297	0,0475	0,9385	0,9401	1,305	1,023	0,756	-25,75	-16,18	-26,02	-17,22
01/10/2026 16:46:39	V0.04	51	ANTIHORARIO	20000	13	32,469	1,179	38,613	0,1118	0,0155	0,9308	0,9376	1,977	3,924	1,969	-25,99	-17,37	-25,89	-18,23
01/10/2026 16:46:40	V0.04	51	ANTIHORARIO	20000	14	32,477	1,174	37,446	0,1486	0,005	0,9017	0,9139	2,458	1,252	0,206	-26,19	-18,06	-25,91	-17,22
01/10/2026 16:46:42	V0.04	51	ANTIHORARIO	20000	15	32,468	1,203	39,489	0,121	0,0273	0,9333	0,9416	1,924	0	1,099	-25,76	-18,23	-26,03	-17,66
01/10/2026 16:46:44	V0.04	51	ANTIHORARIO	20000	16	32,502	1,074	35,306	0,084	0,0305	0,9188	0,9232	2	0,824	1,046	-25,84	-15,75	-25,75	-16,62
01/10/2026 16:46:46	V0.04	51	ANTIHORARIO	20000	17	32,496	1,087	35,793	0	0	0	0	0	0	0	-25,35	-16,2	-25,73	-15,99
01/10/2026 16:46:48	V0.04	51	ANTIHORARIO	20000	18	32,478	1,16	37,641	0,1261	0,0023	0,8986	0,9074	1,557	1,374	1,099	-26,1	-16,8	-26,28	-16,89
01/10/2026 16:46:49	V0.04	51	ANTIHORARIO	20000	19	32,486	1,101	36,668	0,0314	0,0157	0,0157	0,0385	1,969	1,969	1,969	-25,27	-15,96	-25,91	-15,83
01/10/2026 16:46:51	V0.04	51	ANTIHORARIO	20000	20	32,471	1,159	37,543	0,0405	0,0503	0,9352	0,9374	0,718	2,443	1,489	-25,98	-17,66	-25,96	-17,93
01/10/2026 16:49:01	V0.04	52	HORARIO	15000	1	32,423	1,071	35,014	0,0766	0,0454	0,9238	0,9281	3,163	6,435	4,179	-25	-14,65	-25,05	-14,65
01/10/2026 16:49:03	V0.04	52	HORARIO	15000	2	32,443	1,034	34,236	0,0791	0,0001	0,991	0,9941	2,443	0,939	1,878	-25,33	-16,74	-25,36	-16,86
01/10/2026 16:49:04	V0.04	52	HORARIO	15000	3	32,44	1,047	34,042	0	0	0	0	0	0	0	-25,33	-16,29	-25,16	-17,66
01/10/2026 16:49:06	V0.04	52	HORARIO	15000	4	32,434	1,087	35,112	0,0358	0,0426	0,7811	0,7831	1,969	1,969	1,969	-25,22	-17,13	-25,11	-16,74
01/10/2026 16:49:08	V0.04	52	HORARIO	15000	5	32,45	1,046	34,431	0,0543	0,0005	0,9755	0,977	1,855	1,237	0,534	-25,55	-16,83	-25,39	-17,19
01/10/2026 16:49:11	V0.04	52	HORARIO	15000	6	32,443	1,063	35,501	0,0615	0,0225	0,9337	0,936	1,847	2,099	0,618	-25,35	-17,01	-25,32	-17,5
01/10/2026 16:49:12	V0.04	52	HORARIO	15000	7	32,442	1,035	34,431	0,1296	0,0312	0,8148	0,8257	1,84	1,863	1,206	-25,5	-16,95	-25,59	-17,19
01/10/2026 16:49:14	V0.04	52	HORARIO	15000	8	32,454	1,008	33,458	0,0552	0,0034	1,0027	1,0042	0,748	1,244	0,511	-25,42	-15,99	-25,52	-17,13
01/10/2026 16:49:16	V0.04	52	HORARIO	15000	9	32,474	0,955	31,61	0,022	0,0193	0,8855	0,886	2,977	4,458	1,282	-25,43	-16,89	-25,42	-16,15
01/10/2026 16:49:19	V0.04	52	HORARIO	15000	10	32,469	0,992	32,875	0,0554	0,025	0,859	0,8612	1,221	0,779	1,496	-25,4	-17,19	-25,11	-15,99
01/10/2026 16:49:20	V0.04	52	HORARIO	15000	11	32,46	1,042	33,653	0,0989	0,0398	0,9202	0,9263	3,504	5,115	0,763	-24,97	-16,57	-24,84	-15,34
01/10/2026 16:49:22	V0.04	52	HORARIO	15000	12	32,448	1,125	36,473	0,1082	0,0591	1,0022	1,0097	2,26	0,046	0,053	-25,07	-16,83	-24,92	-16,92
01/10/2026 16:49:24	V0.04	52	HORARIO	15000	13	32,474	0,989	33,458	0,0511	0,0482	0,979	0,9815	1,344	0,809	1,084	-25,56	-16,98	-25,25	-16,92
01/10/2026 16:49:25	V0.04	52	HORARIO	15000	14	32,47	1,013	33,847	0,0898	0,0433	0,9043	0,9098	1,916	3,29	0,84	-25,33	-16,29	-25,4	-16,74
01/10/2026 16:49:27	V0.04	52	HORARIO	15000	15	32,465	1,066	34,236	0,0802	0,0607	0,9991	1,0042	2,168	1,252	0,16	-25,57	-17,53	-25,08	-16,4
01/10/2026 16:49:29	V0.04	52	HORARIO	15000	16	32,467	1,017	34,139	0,0479	0,0003	0,0628	0,079	7,855	7,855	7,855	-24,8	-15,47	-25,35	-16,45
01/10/2026 16:49:31	V0.04	52	HORARIO	15000	17	32,479	1,008	32,486	0,0302	0,0604	0,952	0,9544	1,771	1,313	2	-25,4	-17,37	-25,18	-15,91
01/10/2026 16:49:33	V0.04	52	HORARIO	15000	18	32,466	1,067	35,404	0,1569	0,0167	0,8737	0,8878	2,374	0,534	0,153	-25,35	-16,57	-25,3	-16,98
01/10/2026 16:49:34	V0.04	52	HORARIO	15000	19	32,483	0,955	32,388	0,037	0,0504	0,963	0,965	1,794	4,947	0,916	-25,43	-16,26	-25,96	-18,27
01/10/2026 16:49:36	V0.04	52	HORARIO	15000	20	32,486	0,997	32,583	0,085	0,0167	0,959	0,9629	1,496	1,924	1,038	-25,56	-16,68	-25,37	-16,07
01/10/2026 16:49:43	V0.04	52	ANTIHORARIO	15000	1	32,483	0,946	31,416	0,0919	0,0438	0,9087	0,9144	3,252	8,438	7,689	-25,28	-14,16	-25,18	-13,86
01/10/2026 16:49:45	V0.04	52	ANTIHORARIO	15000	2	32,476	1,004	33,75	0	0	0	0	0	0	0	-25,7	-16,12	-25,63	-15,47
01/10/2026 16:49:47	V0.04	52	ANTIHORARIO	15000	3	32,476	0,983	32,583	0,0189	0,0327	0,9719	0,9727	2,71	0,282	1,183	-25,8	-17,34	-25,19	-17,31
01/10/2026 16:49:48	V0.04	52	ANTIHORARIO	15000	4	32,475	0,995	32,097	0,0023	0,0327	0,9529	0,9534	0,817	3,458	0,473	-25,62	-17,07	-25,35	-15,2
01/10/2026 16:49:51	V0.04	52	ANTIHORARIO	15000	5	32,463	1,058	35,112	0,0128	0,0275	0,9686	0,9691	2,237	3,206	0,847	-25,33	-16,43	-25,13	-16,31
01/10/2026 16:49:52	V0.04	52	ANTIHORARIO	15000	6	32,488	0,988	32,68	0	0	0	0	0	0	0	-25,74	-17,6	-26,16	-16,77
01/10/2026 16:49:54	V0.04	52	ANTIHORARIO	15000	7	32,49	0,959	31,124	0	0	0	0	0	0	0	-25,99	-17,5	-25,77	-16,98
01/10/2026 16:49:55	V0.04	52	ANTIHORARIO	15000	8	32,48	1,006	34,042	0,0844	0,0233	0,8699	0,8743	0,458	3,901	1,053	-25,62	-17,76	-24,99	-15,8
01/10/2026 16:49:58	V0.04	52	ANTIHORARIO	15000	9	32,486	0,934	31,416	0,1539	0,0581	0,8491	0,8649	2,45	1,641	0,779	-25,6	-18,37	-25,84	-17,44
01/10/2026 16:49:59	V0.04	52	ANTIHORARIO	15000	10	32,482	1,016	32,68	0,1149	0,0291	0,8827	0,8906	1,702	1,473	1,489	-25,4	-17,44	-25,25	-16,86
01/10/2026 16:50:02	V0.04	52	ANTIHORARIO	15000	11	32,466	1,03	34,139	0,1145	0,0398	0,854	0,8626	0,802	5,145	2,084	-25,7	-16,77	-25,94	-17,25
01/10/2026 16:50:03	V0.04	52	ANTIHORARIO	15000	12	32,488	0,974	31,999	0,095	0,0222	0,855	0,8605	1,634	0,137	0,351	-26,08	-17,86	-25,92	-17,16
01/10/2026 16:50:04	V0.04	52	ANTIHORARIO	15000	13	32,488	0,985	32,194	0,1051	0,0354	0,9447	0,9512	0,779	3,046	1,763	-25,25	-16,34	-25,24	-16,68
01/10/2026 16:50:06	V0.04	52	ANTIHORARIO	15000	14	32,476	1,069	35,209	0,0635	0,0465	0,9061	0,9095	1,969	1,969	1,969	-25,13	-17,07	-25,27	-17,13
01/10/2026 16:50:08	V0.04	52	ANTIHORARIO	15000	15	32,5	0,929	31,805	0,082	0,031	0,8921	0,8964	1,206	3,359	0,466	-25,59	-17,5	-25,3	-16,77
01/10/2026 16:50:10	V0.04	52	ANTIHORARIO	15000	16	32,472	1,047	34,334	0,0059	0,037	0,976	0,9767	1,931	1,809	0,992	-25,6	-17,69	-25,71	-15,75
01/10/2026 16:50:12	V0.04	52	ANTIHORARIO	15000	17	32,471	1,056	34,625	0,0333	0,0559	0,9531	0,9553	1,023	2,282	2,176	-25,79	-17,22	-25,71	-17,66
01/10/2026 16:50:13	V0.04	52	ANTIHORARIO	15000	18	32,483	1	32,486	0,1193	0,0248	0,9258	0,9338	1,076	0,328	0,305	-26,04	-17,76	-25,45	-17,34
01/10/2026 16:50:15	V0.04	52	ANTIHORARIO	15000	19	32,482	1,009	32,875	0,0886	0,0624	0,9446	0,9508	1,55	2,687	1,954	-25,81	-17,31	-25,48	-17,1
01/10/2026 16:50:18	V0.04	52	ANTIHORARIO	15000	20	32,488	0,975	31,513	0,1167	0,0337	0,9521	0,9599	1,534	1,588	1,542	-24,74	-16,2	-24,3	-15,57
01/10/2026 16:50:25	V0.04	52	HORARIO	20000	1	32,5	0,967	32,388	0,0733	0,0364	0,9123	0,916	3,772	7,383	8,815	-24,98	-14,34	-25,26	-14,63
01/10/2026 16:50:27	V0.04	52	HORARIO	20000	2	32,491	0,982	32,291	0,0612	0,0609	1,0004	1,0041	2,626	5,649	3,496	-25,25	-16,74	-25,24	-16,8
01/10/2026 16:50:28	V0.04	52	HORARIO	20000	3	32,483	1,058	33,458	0,1316	0,0046	0,8556	0,8657	1,458	2,588	2,244	-25,38	-16,95	-26,08	-17,31
01/10/2026 16:50:30	V0.04	52	HORARIO	20000	4	32,482	1,063	33,458	0,1564	0,0073	0,8644	0,8784	0,863	3,076	0,435	-25,26	-16,23	-25,87	-17,41
01/10/2026 16:50:32	V0.04	52	HORARIO	20000	5	32,505	0,945	30,929	0,0497	0,0078	0,9292	0,9306	3,511	4	0,84	-25,24	-17,6	-25,76	-16,68
01/10/2026 16:50:34	V0.04	52	HORARIO	20000	6	32,512	0,93	30,54	0,0287	0,0128	0,905	0,9056	0,374	3,244	1,45	-25,49	-16,6	-25,74	-16,4
01/10/2026 16:50:35	V0.04	52	HORARIO	20000	7	32,484	1,09	35,306	0,1326	0,0322	0,854	0,8648	2,817	3,924	3,931	-25,58	-17,37	-26,23	-17,22
01/10/2026 16:50:38	V0.04	52	HORARIO	20000	8	32,49	1,009	32,875	0,012	0,0432	0,938	0,9391	0,695	0,069	1,328	-25,51	-17,13	-25,9	-17,53
01/10/2026 16:50:39	V0.04	52	HORARIO	20000	9	32,503	0,961	31,805	0,0256	0,0177	0,8978	0,8984	2,168	0,298	1,351	-25,52	-17,44	-25,66	-16,51
01/10/2026 16:50:41	V0.04	52	HORARIO	20000	10	32,511	0,952	32,68	0,0104	0,0361	0,9329	0,9336	0,015	1,969	1,969	-25,56	-15,72	-25,2	-15,65
01/10/2026 16:50:43	V0.04	52	HORARIO	20000	11	32,494	1,033	32,583	0,0326	0,0104	0,9265	0,9271	1,305	0,221	2,176	-25,53	-16,54	-25,77	-17,69
01/10/2026 16:50:45	V0.04	52	HORARIO	20000	12	32,505	0,975	31,124	0,0326	0,0143	0,8822	0,8829	1,45	2,038	2,061	-25,35	-17,25	-25,68	-17,22
01/10/2026 16:50:46	V0.04	52	HORARIO	20000	13	32,5	1,002	33,458	0,1483	0,0309	0,8575	0,8708	1,481	0,282	0,031	-25,66	-17,6	-25,71	-17,01
01/10/2026 16:50:49	V0.04	52	HORARIO	20000	14	32,486	1,058	34,431	0,0751	0,0576	0,9496	0,9543	1,87	1,076	1,046	-25,66	-16,62	-26,3	-17,89
01/10/2026 16:50:50	V0.04	52	HORARIO	20000	15	32,489	1,014	33,166	0,1191	0,0046	0,8602	0,8685	1,908	0,496	0,878	-25,52	-17,73	-25,72	-17,44
01/10/2026 16:50:52	V0.04	52	HORARIO	20000	16	32,497	0,993	32,875	0,0565	0,0664	0,9838	0,9876	1,87	0,924	1,084	-25,55	-16,6	-25,59	-16,6
01/10/2026 16:50:54	V0.04	52	HORARIO	20000	17	32,514	0,965	31,513	0,0199	0,0222	0,9176	0,9181	1,885	0,382	1,908	-25,21	-16,77	-25,74	-17,66
01/10/2026 16:50:55	V0.04	52	HORARIO	20000	18	32,52	0,914	30,249	0,0909	0,0109	0,9507	0,9551	1,511	0,015	1,969	-25,48	-16,92	-26,19	-18,13
01/10/2026 16:50:57	V0.04	52	HORARIO	20000	19	32,503	0,99	33,847	0,087	0,0238	0,8813	0,886	2,527	2,649	0,969	-25,72	-17,16	-25,98	-17,37
01/10/2026 16:50:59	V0.04	52	HORARIO	20000	20	32,508	0,994	32,68	0,0662	0,0656	1,0165	1,0207	1,634	2,115	1,504	-25,45	-16,62	-26,13	-18,37
01/10/2026 16:51:06	V0.04	52	ANTIHORARIO	20000	1	32,49	1,018	32,68	0,0928	0,0423	0,9061	0,9118	3,099	8,068	8,185	-25,66	-15,99	-25,72	-15,65
01/10/2026 16:51:08	V0.04	52	ANTIHORARIO	20000	2	32,48	1,039	34,431	0	0	0	0	0	0	0	-25,71	-16,8	-25,86	-17,1
01/10/2026 16:51:09	V0.04	52	ANTIHORARIO	20000	3	32,491	0,99	32,097	0,1206	0,046	0,8625	0,8722	1,55	3,443	0,076	-25,96	-18,3	-26,08	-17,04
01/10/2026 16:51:11	V0.04	52	ANTIHORARIO	20000	4	32,486	1,009	33,069	0,0074	0,031	0,9822	0,9827	1,847	1,237	0,458	-25,86	-17,69	-26,17	-17,41
01/10/2026 16:51:13	V0.04	52	ANTIHORARIO	20000	5	32,487	1,002	32,875	0,1379	0,0219	0,9336	0,944	2,275	3	0,427	-25,95	-17,37	-26,17	-17,79
01/10/2026 16:51:15	V0.04	52	ANTIHORARIO	20000	6	32,501	1,019	32,68	0	0	0	0	0	0	0	-25,97	-18,55	-26,1	-18,51
01/10/2026 16:51:18	V0.04	52	ANTIHORARIO	20000	8	32,504	0,98	31,805	0,1364	0,0033	0,9133	0,9235	1,863	1,183	0,305	-25,83	-17,01	-25,87	-16,4
01/10/2026 16:51:18	V0.04	52	ANTIHORARIO	20000	7	32,482	1,056	34,917	0,0405	0,0787	0,9478	0,9519	1,542	0,344	2,183	-25,37	-15,65	-25,86	-17,73
01/10/2026 16:51:20	V0.04	52	ANTIHORARIO	20000	9	32,484	1,046	35,014	0,0273	0,0726	0,9464	0,9496	2,076	2,015	1,534	-25,85	-16,74	-25,73	-18,03
01/10/2026 16:51:23	V0.04	52	ANTIHORARIO	20000	10	32,498	0,992	33,166	0,1261	0,0388	0,8716	0,8815	1,389	1,061	1,702	-25,71	-17,13	-25,82	-15,91
01/10/2026 16:51:24	V0.04	52	ANTIHORARIO	20000	11	32,505	0,952	31,124	0,0975	0,0417	0,858	0,8646	1,191	2,405	0,542	-25,83	-17,99	-26	-18,03
01/10/2026 16:51:26	V0.04	52	ANTIHORARIO	20000	12	32,498	1,012	33,361	0,1365	0,033	0,864	0,8753	2,122	1,069	1,359	-26,01	-17,99	-25,96	-16,77
01/10/2026 16:51:27	V0.04	52	ANTIHORARIO	20000	13	32,471	1,071	34,82	0,0757	0,0081	0,8815	0,8847	0,252	5,076	2,084	-25,8	-17,28	-25,8	-17,73
01/10/2026 16:51:29	V0.04	52	ANTIHORARIO	20000	14	32,507	0,983	32,68	0,0851	0,0419	0,9269	0,9317	1,626	0,534	0,237	-25,9	-17,76	-26,01	-17,57
01/10/2026 16:51:31	V0.04	52	ANTIHORARIO	20000	15	32,493	1,012	33,264	0,0176	0,037	0,9976	0,9984	3	7,832	1,969	-25,84	-17,6	-26,08	-17,13
01/10/2026 16:51:33	V0.04	52	ANTIHORARIO	20000	16	32,484	1,046	34,625	0,0046	0,0748	0,943	0,946	1,542	2,557	1,908	-26,06	-18,13	-26,18	-17,47
01/10/2026 16:51:35	V0.04	52	ANTIHORARIO	20000	17	32,501	0,998	32,486	0,0485	0,0192	0,8736	0,8751	1,969	1,969	1,969	-26,02	-16,2	-26,25	-18,58
01/10/2026 16:51:36	V0.04	52	ANTIHORARIO	20000	18	32,493	1,029	34,528	0,0721	0,0325	1,0009	1,004	2,656	4,656	0,641	-25,99	-16,89	-26,05	-17,6
01/10/2026 16:51:39	V0.04	52	ANTIHORARIO	20000	19	32,49	1,021	33,166	0,0009	0,0712	0,9293	0,932	1,748	2,366	2	-26,03	-18,99	-25,94	-17,47
01/10/2026 16:51:40	V0.04	52	ANTIHORARIO	20000	20	32,507	0,965	32,68	0,1185	0,0115	0,8944	0,9023	1,069	1,916	0,817	-25,99	-17,86	-25,98	-18,3